year,filing_type,filing_date,doc_id,last_name,first_name,state_dst,pdf_url
2020,P,7/20/2020,20016985,Allen,Richard W.,GA12,https://disclosures-clerk.house.gov/public_disc/ptr-pdfs/2020/20016985.pdf
2020,P,8/18/2020,20017164,Allen,Richard W.,GA12,https://disclosures-clerk.house.gov/public_disc/ptr-pdfs/2020/20017164.pdf
2020,P,10/6/2020,20017470,Allen,Richard W.,GA12,https://disclosures-clerk.house.gov/public_disc/ptr-pdfs/2020/20017470.pdf
2020,P,4/15/2020,20016417,Amash,Justin,MI03,https://disclosures-clerk.house.gov/public_disc/ptr-pdfs/2020/20016417.pdf
2020,P,7/20/2020,20016981,Banks,James E.,IN03,https://disclosures-clerk.house.gov/public_disc/ptr-pdfs/2020/20016981.pdf
2020,P,8/12/2020,20017133,Banks,James E.,IN03,https://disclosures-clerk.house.gov/public_disc/ptr-pdfs/2020/20017133.pdf
2020,P,8/17/2020,20017201,Banks,James E.,IN03,https://disclosures-clerk.house.gov/public_disc/ptr-pdfs/2020/20017201.pdf
2020,P,9/15/2020,20017359,Banks,James E.,IN03,https://disclosures-clerk.house.gov/public_disc/ptr-pdfs/2020/20017359.pdf
2020,P,10/6/2020,20017471,Banks,James E.,IN03,https://disclosures-clerk.house.gov/public_disc/ptr-pdfs/2020/20017471.pdf
2020,P,12/17/2020,20017843,Banks,James E.,IN03,https://disclosures-clerk.house.gov/public_disc/ptr-pdfs/2020/20017843.pdf
2020,P,1/2/2020,20013832,Beyer,Donald Sternoff,VA08,https://disclosures-clerk.house.gov/public_disc/ptr-pdfs/2020/20013832.pdf
2020,P,2/22/2020,20016099,Beyer,Donald Sternoff,VA08,https://disclosures-clerk.house.gov/public_disc/ptr-pdfs/2020/20016099.pdf
2020,P,2/22/2020,20016101,Beyer,Donald Sternoff,VA08,https://disclosures-clerk.house.gov/public_disc/ptr-pdfs/2020/20016101.pdf
2020,P,4/7/2020,20016371,Beyer,Donald Sternoff,VA08,https://disclosures-clerk.house.gov/public_disc/ptr-pdfs/2020/20016371.pdf
2020,P,5/9/2020,20016572,Beyer,Donald Sternoff,VA08,https://disclosures-clerk.house.gov/public_disc/ptr-pdfs/2020/20016572.pdf
2020,P,5/12/2020,20016587,Beyer,Donald Sternoff,VA08,https://disclosures-clerk.house.gov/public_disc/ptr-pdfs/2020/20016587.pdf
2020,P,5/31/2020,20016686,Beyer,Donald Sternoff,VA08,https://disclosures-clerk.house.gov/public_disc/ptr-pdfs/2020/20016686.pdf
2020,P,7/3/2020,20016885,Beyer,Donald Sternoff,VA08,https://disclosures-clerk.house.gov/public_disc/ptr-pdfs/2020/20016885.pdf
2020,P,8/9/2020,20017058,Beyer,Donald Sternoff,VA08,https://disclosures-clerk.house.gov/public_disc/ptr-pdfs/2020/20017058.pdf
2020,P,9/6/2020,20017313,Beyer,Donald Sternoff,VA08,https://disclosures-clerk.house.gov/public_disc/ptr-pdfs/2020/20017313.pdf
2020,P,10/1/2020,20017435,Beyer,Donald Sternoff,VA08,https://disclosures-clerk.house.gov/public_disc/ptr-pdfs/2020/20017435.pdf
2020,P,11/5/2020,20017648,Beyer,Donald Sternoff,VA08,https://disclosures-clerk.house.gov/public_disc/ptr-pdfs/2020/20017648.pdf
2020,P,12/1/2020,20017748,Beyer,Donald Sternoff,VA08,https://disclosures-clerk.house.gov/public_disc/ptr-pdfs/2020/20017748.pdf
2020,P,8/20/2020,8217571,Bilirakis,Gus M.,FL12,https://disclosures-clerk.house.gov/public_disc/ptr-pdfs/2020/8217571.pdf
2020,P,12/9/2020,8217762,Bilirakis,Gus M.,FL12,https://disclosures-clerk.house.gov/public_disc/ptr-pdfs/2020/8217762.pdf
2020,P,1/10/2020,20013901,Blumenauer,Earl,OR03,https://disclosures-clerk.house.gov/public_disc/ptr-pdfs/2020/20013901.pdf
2020,P,2/27/2020,20016125,Blumenauer,Earl,OR03,https://disclosures-clerk.house.gov/public_disc/ptr-pdfs/2020/20016125.pdf
2020,P,4/16/2020,20016347,Blumenauer,Earl,OR03,https://disclosures-clerk.house.gov/public_disc/ptr-pdfs/2020/20016347.pdf
2020,P,5/20/2020,20016588,Blumenauer,Earl,OR03,https://disclosures-clerk.house.gov/public_disc/ptr-pdfs/2020/20016588.pdf
2020,P,6/3/2020,20016707,Blumenauer,Earl,OR03,https://disclosures-clerk.house.gov/public_disc/ptr-pdfs/2020/20016707.pdf
2020,P,6/15/2020,20016784,Blumenauer,Earl,OR03,https://disclosures-clerk.house.gov/public_disc/ptr-pdfs/2020/20016784.pdf
2020,P,7/17/2020,20016979,Blumenauer,Earl,OR03,https://disclosures-clerk.house.gov/public_disc/ptr-pdfs/2020/20016979.pdf
2020,P,8/10/2020,20017141,Blumenauer,Earl,OR03,https://disclosures-clerk.house.gov/public_disc/ptr-pdfs/2020/20017141.pdf
2020,P,8/24/2020,20017242,Blumenauer,Earl,OR03,https://disclosures-clerk.house.gov/public_disc/ptr-pdfs/2020/20017242.pdf
2020,P,9/10/2020,20017336,Blumenauer,Earl,OR03,https://disclosures-clerk.house.gov/public_disc/ptr-pdfs/2020/20017336.pdf
2020,P,10/7/2020,20017489,Blumenauer,Earl,OR03,https://disclosures-clerk.house.gov/public_disc/ptr-pdfs/2020/20017489.pdf
2020,P,11/3/2020,20017631,Blumenauer,Earl,OR03,https://disclosures-clerk.house.gov/public_disc/ptr-pdfs/2020/20017631.pdf
2020,P,12/7/2020,20017821,Blumenauer,Earl,OR03,https://disclosures-clerk.house.gov/public_disc/ptr-pdfs/2020/20017821.pdf
2020,P,1/20/2020,20014938,Brooks,Mo,AL05,https://disclosures-clerk.house.gov/public_disc/ptr-pdfs/2020/20014938.pdf
2020,P,3/24/2020,20016288,Brooks,Mo,AL05,https://disclosures-clerk.house.gov/public_disc/ptr-pdfs/2020/20016288.pdf
2020,P,5/22/2020,20016653,Brooks,Mo,AL05,https://disclosures-clerk.house.gov/public_disc/ptr-pdfs/2020/20016653.pdf
2020,P,7/11/2020,20016939,Brooks,Mo,AL05,https://disclosures-clerk.house.gov/public_disc/ptr-pdfs/2020/20016939.pdf
2020,P,11/8/2020,20017659,Brooks,Mo,AL05,https://disclosures-clerk.house.gov/public_disc/ptr-pdfs/2020/20017659.pdf
2020,P,2/27/2020,20016088,Brooks,Susan W.,IN05,https://disclosures-clerk.house.gov/public_disc/ptr-pdfs/2020/20016088.pdf
2020,P,4/27/2020,20016445,Brooks,Susan W.,IN05,https://disclosures-clerk.house.gov/public_disc/ptr-pdfs/2020/20016445.pdf
2020,P,2/17/2020,20016069,Buchanan,Vern,FL16,https://disclosures-clerk.house.gov/public_disc/ptr-pdfs/2020/20016069.pdf
2020,P,3/31/2020,20016326,Buchanan,Vern,FL16,https://disclosures-clerk.house.gov/public_disc/ptr-pdfs/2020/20016326.pdf
2020,P,5/22/2020,20016651,Buchanan,Vern,FL16,https://disclosures-clerk.house.gov/public_disc/ptr-pdfs/2020/20016651.pdf
2020,P,8/7/2020,20017118,Buchanan,Vern,FL16,https://disclosures-clerk.house.gov/public_disc/ptr-pdfs/2020/20017118.pdf
2020,P,2/26/2020,20016116,Burchett,Tim,TN02,https://disclosures-clerk.house.gov/public_disc/ptr-pdfs/2020/20016116.pdf
2020,P,3/7/2020,20016150,Bustos,Cheri,IL17,https://disclosures-clerk.house.gov/public_disc/ptr-pdfs/2020/20016150.pdf
2020,P,5/19/2020,20016614,Bustos,Cheri,IL17,https://disclosures-clerk.house.gov/public_disc/ptr-pdfs/2020/20016614.pdf
2020,P,6/11/2020,20016752,Carter,Earl Leroy,GA01,https://disclosures-clerk.house.gov/public_disc/ptr-pdfs/2020/20016752.pdf
2020,P,8/13/2020,20017188,Carter,Earl Leroy,GA01,https://disclosures-clerk.house.gov/public_disc/ptr-pdfs/2020/20017188.pdf
2020,P,9/9/2020,20017327,Carter,Earl Leroy,GA01,https://disclosures-clerk.house.gov/public_disc/ptr-pdfs/2020/20017327.pdf
2020,P,1/8/2020,20013869,Castor,Kathy,FL14,https://disclosures-clerk.house.gov/public_disc/ptr-pdfs/2020/20013869.pdf
2020,P,4/3/2020,20016355,Castor,Kathy,FL14,https://disclosures-clerk.house.gov/public_disc/ptr-pdfs/2020/20016355.pdf
2020,P,4/22/2020,20016456,Castor,Kathy,FL14,https://disclosures-clerk.house.gov/public_disc/ptr-pdfs/2020/20016456.pdf
2020,P,5/20/2020,20016569,Castor,Kathy,FL14,https://disclosures-clerk.house.gov/public_disc/ptr-pdfs/2020/20016569.pdf
2020,P,7/16/2020,20016973,Castor,Kathy,FL14,https://disclosures-clerk.house.gov/public_disc/ptr-pdfs/2020/20016973.pdf
2020,P,8/6/2020,20017104,Castor,Kathy,FL14,https://disclosures-clerk.house.gov/public_disc/ptr-pdfs/2020/20017104.pdf
2020,P,10/8/2020,20017492,Castor,Kathy,FL14,https://disclosures-clerk.house.gov/public_disc/ptr-pdfs/2020/20017492.pdf
2020,P,12/2/2020,20017786,Castor,Kathy,FL14,https://disclosures-clerk.house.gov/public_disc/ptr-pdfs/2020/20017786.pdf
2020,P,12/30/2020,20017944,Chu,Judy,CA27,https://disclosures-clerk.house.gov/public_disc/ptr-pdfs/2020/20017944.pdf
2020,P,1/10/2020,20013867,Cisneros,Gilbert,CA39,https://disclosures-clerk.house.gov/public_disc/ptr-pdfs/2020/20013867.pdf
2020,P,2/18/2020,20015011,Cisneros,Gilbert,CA39,https://disclosures-clerk.house.gov/public_disc/ptr-pdfs/2020/20015011.pdf
2020,P,3/10/2020,20016182,Cisneros,Gilbert,CA39,https://disclosures-clerk.house.gov/public_disc/ptr-pdfs/2020/20016182.pdf
2020,P,4/16/2020,20016402,Cisneros,Gilbert,CA39,https://disclosures-clerk.house.gov/public_disc/ptr-pdfs/2020/20016402.pdf
2020,P,5/13/2020,20016567,Cisneros,Gilbert,CA39,https://disclosures-clerk.house.gov/public_disc/ptr-pdfs/2020/20016567.pdf
2020,P,6/16/2020,20016758,Cisneros,Gilbert,CA39,https://disclosures-clerk.house.gov/public_disc/ptr-pdfs/2020/20016758.pdf
2020,P,7/17/2020,20016915,Cisneros,Gilbert,CA39,https://disclosures-clerk.house.gov/public_disc/ptr-pdfs/2020/20016915.pdf
2020,P,8/19/2020,20017157,Cisneros,Gilbert,CA39,https://disclosures-clerk.house.gov/public_disc/ptr-pdfs/2020/20017157.pdf
2020,P,9/14/2020,20017355,Cisneros,Gilbert,CA39,https://disclosures-clerk.house.gov/public_disc/ptr-pdfs/2020/20017355.pdf
2020,P,10/14/2020,20017505,Cisneros,Gilbert,CA39,https://disclosures-clerk.house.gov/public_disc/ptr-pdfs/2020/20017505.pdf
2020,P,11/5/2020,20017632,Cisneros,Gilbert,CA39,https://disclosures-clerk.house.gov/public_disc/ptr-pdfs/2020/20017632.pdf
2020,P,12/15/2020,20017860,Cisneros,Gilbert,CA39,https://disclosures-clerk.house.gov/public_disc/ptr-pdfs/2020/20017860.pdf
2020,P,2/4/2020,20015009,Clark,Katherine M.,MA05,https://disclosures-clerk.house.gov/public_disc/ptr-pdfs/2020/20015009.pdf
2020,P,4/20/2020,20016438,Clark,Katherine M.,MA05,https://disclosures-clerk.house.gov/public_disc/ptr-pdfs/2020/20016438.pdf
2020,P,5/29/2020,20016678,Clark,Katherine M.,MA05,https://disclosures-clerk.house.gov/public_disc/ptr-pdfs/2020/20016678.pdf
2020,P,8/12/2020,20017166,Clark,Katherine M.,MA05,https://disclosures-clerk.house.gov/public_disc/ptr-pdfs/2020/20017166.pdf
2020,P,9/30/2020,20017449,Clark,Katherine M.,MA05,https://disclosures-clerk.house.gov/public_disc/ptr-pdfs/2020/20017449.pdf
2020,P,11/3/2020,20017628,Clark,Katherine M.,MA05,https://disclosures-clerk.house.gov/public_disc/ptr-pdfs/2020/20017628.pdf
2020,P,12/3/2020,20017790,Clark,Katherine M.,MA05,https://disclosures-clerk.house.gov/public_disc/ptr-pdfs/2020/20017790.pdf
2020,P,12/9/2020,20017829,Clark,Katherine M.,MA05,https://disclosures-clerk.house.gov/public_disc/ptr-pdfs/2020/20017829.pdf
2020,P,12/28/2020,20017924,Clark,Katherine M.,MA05,https://disclosures-clerk.house.gov/public_disc/ptr-pdfs/2020/20017924.pdf
2020,P,8/10/2020,8217474,Clay,Wm. Lacy,MO01,https://disclosures-clerk.house.gov/public_disc/ptr-pdfs/2020/8217474.pdf
2020,P,4/22/2020,20016457,Cohen,Steve,TN09,https://disclosures-clerk.house.gov/public_disc/ptr-pdfs/2020/20016457.pdf
2020,P,5/22/2020,20016655,Cohen,Steve,TN09,https://disclosures-clerk.house.gov/public_disc/ptr-pdfs/2020/20016655.pdf
2020,P,5/22/2020,20016656,Cohen,Steve,TN09,https://disclosures-clerk.house.gov/public_disc/ptr-pdfs/2020/20016656.pdf
2020,P,5/22/2020,20016657,Cohen,Steve,TN09,https://disclosures-clerk.house.gov/public_disc/ptr-pdfs/2020/20016657.pdf
2020,P,6/18/2020,20016812,Cohen,Steve,TN09,https://disclosures-clerk.house.gov/public_disc/ptr-pdfs/2020/20016812.pdf
2020,P,2/5/2020,8216957,Comer,James,KY01,https://disclosures-clerk.house.gov/public_disc/ptr-pdfs/2020/8216957.pdf
2020,P,3/25/2020,8217113,Comer,James,KY01,https://disclosures-clerk.house.gov/public_disc/ptr-pdfs/2020/8217113.pdf
2020,P,8/24/2020,20017245,Comer,James,KY01,https://disclosures-clerk.house.gov/public_disc/ptr-pdfs/2020/20017245.pdf
2020,P,12/18/2020,20017880,Comer,James,KY01,https://disclosures-clerk.house.gov/public_disc/ptr-pdfs/2020/20017880.pdf
2020,P,2/7/2020,20014994,Conaway,K. Michael,TX11,https://disclosures-clerk.house.gov/public_disc/ptr-pdfs/2020/20014994.pdf
2020,P,2/7/2020,20015025,Conaway,K. Michael,TX11,https://disclosures-clerk.house.gov/public_disc/ptr-pdfs/2020/20015025.pdf
2020,P,3/10/2020,20016198,Conaway,K. Michael,TX11,https://disclosures-clerk.house.gov/public_disc/ptr-pdfs/2020/20016198.pdf
2020,P,4/6/2020,20016346,Conaway,K. Michael,TX11,https://disclosures-clerk.house.gov/public_disc/ptr-pdfs/2020/20016346.pdf
2020,P,5/4/2020,20016520,Conaway,K. Michael,TX11,https://disclosures-clerk.house.gov/public_disc/ptr-pdfs/2020/20016520.pdf
2020,P,6/9/2020,20016729,Conaway,K. Michael,TX11,https://disclosures-clerk.house.gov/public_disc/ptr-pdfs/2020/20016729.pdf
2020,P,7/10/2020,20016929,Conaway,K. Michael,TX11,https://disclosures-clerk.house.gov/public_disc/ptr-pdfs/2020/20016929.pdf
2020,P,9/4/2020,20017070,Conaway,K. Michael,TX11,https://disclosures-clerk.house.gov/public_disc/ptr-pdfs/2020/20017070.pdf
2020,P,9/8/2020,20017309,Conaway,K. Michael,TX11,https://disclosures-clerk.house.gov/public_disc/ptr-pdfs/2020/20017309.pdf
2020,P,10/5/2020,20017475,Conaway,K. Michael,TX11,https://disclosures-clerk.house.gov/public_disc/ptr-pdfs/2020/20017475.pdf
2020,P,12/4/2020,20017610,Conaway,K. Michael,TX11,https://disclosures-clerk.house.gov/public_disc/ptr-pdfs/2020/20017610.pdf
2020,P,12/15/2020,20017831,Conaway,K. Michael,TX11,https://disclosures-clerk.house.gov/public_disc/ptr-pdfs/2020/20017831.pdf
2020,P,1/29/2020,20014965,Connolly,Gerald E.,VA11,https://disclosures-clerk.house.gov/public_disc/ptr-pdfs/2020/20014965.pdf
2020,P,6/18/2020,20016799,Connolly,Gerald E.,VA11,https://disclosures-clerk.house.gov/public_disc/ptr-pdfs/2020/20016799.pdf
2020,P,7/26/2020,20016811,Connolly,Gerald E.,VA11,https://disclosures-clerk.house.gov/public_disc/ptr-pdfs/2020/20016811.pdf
2020,P,11/3/2020,20017629,Connolly,Gerald E.,VA11,https://disclosures-clerk.house.gov/public_disc/ptr-pdfs/2020/20017629.pdf
2020,P,7/29/2020,20017036,Courtney,Joe,CT02,https://disclosures-clerk.house.gov/public_disc/ptr-pdfs/2020/20017036.pdf
2020,P,8/27/2020,20017260,Courtney,Joe,CT02,https://disclosures-clerk.house.gov/public_disc/ptr-pdfs/2020/20017260.pdf
2020,P,11/6/2020,20017600,Courtney,Joe,CT02,https://disclosures-clerk.house.gov/public_disc/ptr-pdfs/2020/20017600.pdf
2020,P,11/16/2020,20017685,Courtney,Joe,CT02,https://disclosures-clerk.house.gov/public_disc/ptr-pdfs/2020/20017685.pdf
2020,P,9/22/2020,20017403,Cox,TJ John (Tj),CA21,https://disclosures-clerk.house.gov/public_disc/ptr-pdfs/2020/20017403.pdf
2020,P,4/9/2020,20016299,Curtis,John,UT03,https://disclosures-clerk.house.gov/public_disc/ptr-pdfs/2020/20016299.pdf
2020,P,4/20/2020,20016416,Curtis,John,UT03,https://disclosures-clerk.house.gov/public_disc/ptr-pdfs/2020/20016416.pdf
2020,P,5/4/2020,20016532,Curtis,John,UT03,https://disclosures-clerk.house.gov/public_disc/ptr-pdfs/2020/20016532.pdf
2020,P,5/18/2020,20016613,Curtis,John,UT03,https://disclosures-clerk.house.gov/public_disc/ptr-pdfs/2020/20016613.pdf
2020,P,6/16/2020,20016693,Curtis,John,UT03,https://disclosures-clerk.house.gov/public_disc/ptr-pdfs/2020/20016693.pdf
2020,P,7/1/2020,20016872,Curtis,John,UT03,https://disclosures-clerk.house.gov/public_disc/ptr-pdfs/2020/20016872.pdf
2020,P,8/25/2020,20017225,Curtis,John,UT03,https://disclosures-clerk.house.gov/public_disc/ptr-pdfs/2020/20017225.pdf
2020,P,10/16/2020,20017519,Curtis,John,UT03,https://disclosures-clerk.house.gov/public_disc/ptr-pdfs/2020/20017519.pdf
2020,P,3/13/2020,20016106,Davis,Susan A.,CA53,https://disclosures-clerk.house.gov/public_disc/ptr-pdfs/2020/20016106.pdf
2020,P,4/16/2020,20016363,Davis,Susan A.,CA53,https://disclosures-clerk.house.gov/public_disc/ptr-pdfs/2020/20016363.pdf
2020,P,5/14/2020,20016579,Davis,Susan A.,CA53,https://disclosures-clerk.house.gov/public_disc/ptr-pdfs/2020/20016579.pdf
2020,P,10/29/2020,20017575,Davis,Susan A.,CA53,https://disclosures-clerk.house.gov/public_disc/ptr-pdfs/2020/20017575.pdf
2020,P,11/30/2020,20017741,Davis,Susan A.,CA53,https://disclosures-clerk.house.gov/public_disc/ptr-pdfs/2020/20017741.pdf
2020,P,1/15/2020,20013841,DelBene,Suzan K.,WA01,https://disclosures-clerk.house.gov/public_disc/ptr-pdfs/2020/20013841.pdf
2020,P,2/14/2020,20014990,DelBene,Suzan K.,WA01,https://disclosures-clerk.house.gov/public_disc/ptr-pdfs/2020/20014990.pdf
2020,P,3/15/2020,20016165,DelBene,Suzan K.,WA01,https://disclosures-clerk.house.gov/public_disc/ptr-pdfs/2020/20016165.pdf
2020,P,4/14/2020,20016353,DelBene,Suzan K.,WA01,https://disclosures-clerk.house.gov/public_disc/ptr-pdfs/2020/20016353.pdf
2020,P,5/16/2020,20016546,DelBene,Suzan K.,WA01,https://disclosures-clerk.house.gov/public_disc/ptr-pdfs/2020/20016546.pdf
2020,P,6/14/2020,20016710,DelBene,Suzan K.,WA01,https://disclosures-clerk.house.gov/public_disc/ptr-pdfs/2020/20016710.pdf
2020,P,7/15/2020,20016890,DelBene,Suzan K.,WA01,https://disclosures-clerk.house.gov/public_disc/ptr-pdfs/2020/20016890.pdf
2020,P,8/10/2020,20017080,DelBene,Suzan K.,WA01,https://disclosures-clerk.house.gov/public_disc/ptr-pdfs/2020/20017080.pdf
2020,P,9/14/2020,20017285,DelBene,Suzan K.,WA01,https://disclosures-clerk.house.gov/public_disc/ptr-pdfs/2020/20017285.pdf
2020,P,11/9/2020,20017625,DelBene,Suzan K.,WA01,https://disclosures-clerk.house.gov/public_disc/ptr-pdfs/2020/20017625.pdf
2020,P,12/10/2020,20017771,DelBene,Suzan K.,WA01,https://disclosures-clerk.house.gov/public_disc/ptr-pdfs/2020/20017771.pdf
2020,P,1/13/2020,20013817,Dingell,Debbie,MI12,https://disclosures-clerk.house.gov/public_disc/ptr-pdfs/2020/20013817.pdf
2020,P,4/16/2020,20016401,Dingell,Debbie,MI12,https://disclosures-clerk.house.gov/public_disc/ptr-pdfs/2020/20016401.pdf
2020,P,9/2/2020,20017265,Dingell,Debbie,MI12,https://disclosures-clerk.house.gov/public_disc/ptr-pdfs/2020/20017265.pdf
2020,P,10/24/2020,20017566,Dingell,Debbie,MI12,https://disclosures-clerk.house.gov/public_disc/ptr-pdfs/2020/20017566.pdf
2020,P,12/1/2020,20017750,Dingell,Debbie,MI12,https://disclosures-clerk.house.gov/public_disc/ptr-pdfs/2020/20017750.pdf
2020,P,1/10/2020,20013886,Doggett,Lloyd,TX35,https://disclosures-clerk.house.gov/public_disc/ptr-pdfs/2020/20013886.pdf
2020,P,3/4/2020,20016163,Doggett,Lloyd,TX35,https://disclosures-clerk.house.gov/public_disc/ptr-pdfs/2020/20016163.pdf
2020,P,4/9/2020,20016383,Doggett,Lloyd,TX35,https://disclosures-clerk.house.gov/public_disc/ptr-pdfs/2020/20016383.pdf
2020,P,6/3/2020,20016706,Doggett,Lloyd,TX35,https://disclosures-clerk.house.gov/public_disc/ptr-pdfs/2020/20016706.pdf
2020,P,7/6/2020,20016889,Doggett,Lloyd,TX35,https://disclosures-clerk.house.gov/public_disc/ptr-pdfs/2020/20016889.pdf
2020,P,8/5/2020,20017091,Doggett,Lloyd,TX35,https://disclosures-clerk.house.gov/public_disc/ptr-pdfs/2020/20017091.pdf
2020,P,9/8/2020,20017318,Doggett,Lloyd,TX35,https://disclosures-clerk.house.gov/public_disc/ptr-pdfs/2020/20017318.pdf
2020,P,10/16/2020,20017540,Doggett,Lloyd,TX35,https://disclosures-clerk.house.gov/public_disc/ptr-pdfs/2020/20017540.pdf
2020,P,11/6/2020,20017652,Doggett,Lloyd,TX35,https://disclosures-clerk.house.gov/public_disc/ptr-pdfs/2020/20017652.pdf
2020,P,12/7/2020,20017815,Doggett,Lloyd,TX35,https://disclosures-clerk.house.gov/public_disc/ptr-pdfs/2020/20017815.pdf
2020,P,1/20/2020,20014934,Dunn,"Neal Patrick MD, Facs",FL02,https://disclosures-clerk.house.gov/public_disc/ptr-pdfs/2020/20014934.pdf
2020,P,1/30/2020,20014974,Dunn,"Neal Patrick MD, Facs",FL02,https://disclosures-clerk.house.gov/public_disc/ptr-pdfs/2020/20014974.pdf
2020,P,3/19/2020,20016121,Dunn,"Neal Patrick MD, Facs",FL02,https://disclosures-clerk.house.gov/public_disc/ptr-pdfs/2020/20016121.pdf
2020,P,5/1/2020,20016504,Dunn,"Neal Patrick MD, Facs",FL02,https://disclosures-clerk.house.gov/public_disc/ptr-pdfs/2020/20016504.pdf
2020,P,6/23/2020,20016690,Dunn,"Neal Patrick MD, Facs",FL02,https://disclosures-clerk.house.gov/public_disc/ptr-pdfs/2020/20016690.pdf
2020,P,7/18/2020,20016943,Dunn,"Neal Patrick MD, FACS",FL02,https://disclosures-clerk.house.gov/public_disc/ptr-pdfs/2020/20016943.pdf
2020,P,9/9/2020,20017240,"Dunn MD, FACS",Neal Patrick,FL02,https://disclosures-clerk.house.gov/public_disc/ptr-pdfs/2020/20017240.pdf
2020,P,11/5/2020,20017498,"Dunn MD, FACS",Neal Patrick,FL02,https://disclosures-clerk.house.gov/public_disc/ptr-pdfs/2020/20017498.pdf
2020,P,12/23/2020,20017740,"Dunn MD, FACS",Neal Patrick,FL02,https://disclosures-clerk.house.gov/public_disc/ptr-pdfs/2020/20017740.pdf
2020,P,4/23/2020,20016466,Evans,Dwight,PA03,https://disclosures-clerk.house.gov/public_disc/ptr-pdfs/2020/20016466.pdf
2020,P,7/20/2020,20016992,Evans,Dwight,PA03,https://disclosures-clerk.house.gov/public_disc/ptr-pdfs/2020/20016992.pdf
2020,P,9/21/2020,20017404,Evans,Dwight,PA03,https://disclosures-clerk.house.gov/public_disc/ptr-pdfs/2020/20017404.pdf
2020,P,12/3/2020,20017791,Evans,Dwight,PA03,https://disclosures-clerk.house.gov/public_disc/ptr-pdfs/2020/20017791.pdf
2020,P,2/12/2020,8216969,Fleischmann,"Charles J. ""Chuck""",TN03,https://disclosures-clerk.house.gov/public_disc/ptr-pdfs/2020/8216969.pdf
2020,P,5/28/2020,8217280,Fleischmann,"Charles J. ""Chuck""",TN03,https://disclosures-clerk.house.gov/public_disc/ptr-pdfs/2020/8217280.pdf
2020,P,8/18/2020,8217559,Fleischmann,"Charles J. ""Chuck""",TN03,https://disclosures-clerk.house.gov/public_disc/ptr-pdfs/2020/8217559.pdf
2020,P,11/24/2020,8217737,Fleischmann,"Charles J. ""Chuck""",TN03,https://disclosures-clerk.house.gov/public_disc/ptr-pdfs/2020/8217737.pdf
2020,P,12/9/2020,8217763,Fleischmann,"Charles J. ""Chuck""",TN03,https://disclosures-clerk.house.gov/public_disc/ptr-pdfs/2020/8217763.pdf
2020,P,1/26/2021,8217821,Fleischmann,"Charles J. ""Chuck""",TN03,https://disclosures-clerk.house.gov/public_disc/ptr-pdfs/2020/8217821.pdf
2020,P,1/9/2020,20013885,Flores,Bill,TX17,https://disclosures-clerk.house.gov/public_disc/ptr-pdfs/2020/20013885.pdf
2020,P,1/6/2020,20013849,Foxx,Virginia,NC05,https://disclosures-clerk.house.gov/public_disc/ptr-pdfs/2020/20013849.pdf
2020,P,2/3/2020,20014989,Foxx,Virginia,NC05,https://disclosures-clerk.house.gov/public_disc/ptr-pdfs/2020/20014989.pdf
2020,P,3/3/2020,20016147,Foxx,Virginia,NC05,https://disclosures-clerk.house.gov/public_disc/ptr-pdfs/2020/20016147.pdf
2020,P,4/1/2020,20016334,Foxx,Virginia,NC05,https://disclosures-clerk.house.gov/public_disc/ptr-pdfs/2020/20016334.pdf
2020,P,5/4/2020,20016533,Foxx,Virginia,NC05,https://disclosures-clerk.house.gov/public_disc/ptr-pdfs/2020/20016533.pdf
2020,P,6/6/2020,20016695,Foxx,Virginia,NC05,https://disclosures-clerk.house.gov/public_disc/ptr-pdfs/2020/20016695.pdf
2020,P,7/8/2020,20016869,Foxx,Virginia,NC05,https://disclosures-clerk.house.gov/public_disc/ptr-pdfs/2020/20016869.pdf
2020,P,8/10/2020,20017127,Foxx,Virginia,NC05,https://disclosures-clerk.house.gov/public_disc/ptr-pdfs/2020/20017127.pdf
2020,P,9/4/2020,20017289,Foxx,Virginia,NC05,https://disclosures-clerk.house.gov/public_disc/ptr-pdfs/2020/20017289.pdf
2020,P,10/5/2020,20017465,Foxx,Virginia,NC05,https://disclosures-clerk.house.gov/public_disc/ptr-pdfs/2020/20017465.pdf
2020,P,11/6/2020,20017642,Foxx,Virginia,NC05,https://disclosures-clerk.house.gov/public_disc/ptr-pdfs/2020/20017642.pdf
2020,P,12/2/2020,20017785,Foxx,Virginia,NC05,https://disclosures-clerk.house.gov/public_disc/ptr-pdfs/2020/20017785.pdf
2020,P,1/23/2020,20014949,Frankel,Lois,FL21,https://disclosures-clerk.house.gov/public_disc/ptr-pdfs/2020/20014949.pdf
2020,P,2/24/2020,20016100,Frankel,Lois,FL21,https://disclosures-clerk.house.gov/public_disc/ptr-pdfs/2020/20016100.pdf
2020,P,3/23/2020,20016258,Frankel,Lois,FL21,https://disclosures-clerk.house.gov/public_disc/ptr-pdfs/2020/20016258.pdf
2020,P,4/27/2020,20016444,Frankel,Lois,FL21,https://disclosures-clerk.house.gov/public_disc/ptr-pdfs/2020/20016444.pdf
2020,P,5/28/2020,20016661,Frankel,Lois,FL21,https://disclosures-clerk.house.gov/public_disc/ptr-pdfs/2020/20016661.pdf
2020,P,6/28/2020,20016827,Frankel,Lois,FL21,https://disclosures-clerk.house.gov/public_disc/ptr-pdfs/2020/20016827.pdf
2020,P,7/24/2020,20017016,Frankel,Lois,FL21,https://disclosures-clerk.house.gov/public_disc/ptr-pdfs/2020/20017016.pdf
2020,P,8/24/2020,20017216,Frankel,Lois,FL21,https://disclosures-clerk.house.gov/public_disc/ptr-pdfs/2020/20017216.pdf
2020,P,9/29/2020,20017402,Frankel,Lois,FL21,https://disclosures-clerk.house.gov/public_disc/ptr-pdfs/2020/20017402.pdf
2020,P,10/22/2020,20017556,Frankel,Lois,FL21,https://disclosures-clerk.house.gov/public_disc/ptr-pdfs/2020/20017556.pdf
2020,P,11/24/2020,20017716,Frankel,Lois,FL21,https://disclosures-clerk.house.gov/public_disc/ptr-pdfs/2020/20017716.pdf
2020,P,12/28/2020,20017911,Frankel,Lois,FL21,https://disclosures-clerk.house.gov/public_disc/ptr-pdfs/2020/20017911.pdf
2020,P,1/3/2020,20013811,Gaetz,Matt,FL01,https://disclosures-clerk.house.gov/public_disc/ptr-pdfs/2020/20013811.pdf
2020,P,1/14/2020,20013884,Gallagher,Michael John,WI08,https://disclosures-clerk.house.gov/public_disc/ptr-pdfs/2020/20013884.pdf
2020,P,2/8/2020,20015036,Gallagher,Michael John,WI08,https://disclosures-clerk.house.gov/public_disc/ptr-pdfs/2020/20015036.pdf
2020,P,6/17/2020,20016805,Garcia,Michael,CA25,https://disclosures-clerk.house.gov/public_disc/ptr-pdfs/2020/20016805.pdf
2020,P,11/23/2020,20017738,Garcia,Michael,CA25,https://disclosures-clerk.house.gov/public_disc/ptr-pdfs/2020/20017738.pdf
2020,P,12/2/2020,20017779,Garcia,Michael,CA25,https://disclosures-clerk.house.gov/public_disc/ptr-pdfs/2020/20017779.pdf
2020,P,12/21/2020,20017894,Garcia,Michael,CA25,https://disclosures-clerk.house.gov/public_disc/ptr-pdfs/2020/20017894.pdf
2020,P,2/5/2020,20015005,Gianforte,Greg,MT00,https://disclosures-clerk.house.gov/public_disc/ptr-pdfs/2020/20015005.pdf
2020,P,2/7/2020,20015023,Gianforte,Greg,MT00,https://disclosures-clerk.house.gov/public_disc/ptr-pdfs/2020/20015023.pdf
2020,P,2/14/2020,20015054,Gianforte,Greg,MT00,https://disclosures-clerk.house.gov/public_disc/ptr-pdfs/2020/20015054.pdf
2020,P,2/14/2020,20015064,Gianforte,Greg,MT00,https://disclosures-clerk.house.gov/public_disc/ptr-pdfs/2020/20015064.pdf
2020,P,2/18/2020,20016073,Gianforte,Greg,MT00,https://disclosures-clerk.house.gov/public_disc/ptr-pdfs/2020/20016073.pdf
2020,P,3/9/2020,20016104,Gianforte,Greg,MT00,https://disclosures-clerk.house.gov/public_disc/ptr-pdfs/2020/20016104.pdf
2020,P,3/18/2020,20016265,Gianforte,Greg,MT00,https://disclosures-clerk.house.gov/public_disc/ptr-pdfs/2020/20016265.pdf
2020,P,4/7/2020,20016366,Gianforte,Greg,MT00,https://disclosures-clerk.house.gov/public_disc/ptr-pdfs/2020/20016366.pdf
2020,P,4/14/2020,20016403,Gianforte,Greg,MT00,https://disclosures-clerk.house.gov/public_disc/ptr-pdfs/2020/20016403.pdf
2020,P,4/23/2020,20016459,Gianforte,Greg,MT00,https://disclosures-clerk.house.gov/public_disc/ptr-pdfs/2020/20016459.pdf
2020,P,5/7/2020,20016565,Gianforte,Greg,MT00,https://disclosures-clerk.house.gov/public_disc/ptr-pdfs/2020/20016565.pdf
2020,P,5/12/2020,20016583,Gianforte,Greg,MT00,https://disclosures-clerk.house.gov/public_disc/ptr-pdfs/2020/20016583.pdf
2020,P,5/29/2020,20016675,Gianforte,Greg,MT00,https://disclosures-clerk.house.gov/public_disc/ptr-pdfs/2020/20016675.pdf
2020,P,6/25/2020,20016834,Gianforte,Greg,MT00,https://disclosures-clerk.house.gov/public_disc/ptr-pdfs/2020/20016834.pdf
2020,P,7/1/2020,20016854,Gianforte,Greg,MT00,https://disclosures-clerk.house.gov/public_disc/ptr-pdfs/2020/20016854.pdf
2020,P,7/7/2020,20016905,Gianforte,Greg,MT00,https://disclosures-clerk.house.gov/public_disc/ptr-pdfs/2020/20016905.pdf
2020,P,7/20/2020,20016986,Gianforte,Greg,MT00,https://disclosures-clerk.house.gov/public_disc/ptr-pdfs/2020/20016986.pdf
2020,P,7/27/2020,20017029,Gianforte,Greg,MT00,https://disclosures-clerk.house.gov/public_disc/ptr-pdfs/2020/20017029.pdf
2020,P,8/3/2020,20017068,Gianforte,Greg,MT00,https://disclosures-clerk.house.gov/public_disc/ptr-pdfs/2020/20017068.pdf
2020,P,8/18/2020,20017218,Gianforte,Greg,MT00,https://disclosures-clerk.house.gov/public_disc/ptr-pdfs/2020/20017218.pdf
2020,P,9/2/2020,20017284,Gianforte,Greg,MT00,https://disclosures-clerk.house.gov/public_disc/ptr-pdfs/2020/20017284.pdf
2020,P,9/15/2020,20017373,Gianforte,Greg,MT00,https://disclosures-clerk.house.gov/public_disc/ptr-pdfs/2020/20017373.pdf
2020,P,10/19/2020,20017555,Gianforte,Greg,MT00,https://disclosures-clerk.house.gov/public_disc/ptr-pdfs/2020/20017555.pdf
2020,P,10/28/2020,20017587,Gianforte,Greg,MT00,https://disclosures-clerk.house.gov/public_disc/ptr-pdfs/2020/20017587.pdf
2020,P,11/9/2020,20017668,Gianforte,Greg,MT00,https://disclosures-clerk.house.gov/public_disc/ptr-pdfs/2020/20017668.pdf
2020,P,12/2/2020,20017780,Gianforte,Greg,MT00,https://disclosures-clerk.house.gov/public_disc/ptr-pdfs/2020/20017780.pdf
2020,P,12/3/2020,20017789,Gianforte,Greg,MT00,https://disclosures-clerk.house.gov/public_disc/ptr-pdfs/2020/20017789.pdf
2020,P,12/23/2020,20017905,Gianforte,Greg,MT00,https://disclosures-clerk.house.gov/public_disc/ptr-pdfs/2020/20017905.pdf
2020,P,12/29/2020,20017928,Gianforte,Greg,MT00,https://disclosures-clerk.house.gov/public_disc/ptr-pdfs/2020/20017928.pdf
2020,P,1/6/2020,20013862,Gibbs,Bob,OH07,https://disclosures-clerk.house.gov/public_disc/ptr-pdfs/2020/20013862.pdf
2020,P,1/13/2020,20013906,Gibbs,Bob,OH07,https://disclosures-clerk.house.gov/public_disc/ptr-pdfs/2020/20013906.pdf
2020,P,2/1/2020,20014982,Gibbs,Bob,OH07,https://disclosures-clerk.house.gov/public_disc/ptr-pdfs/2020/20014982.pdf
2020,P,6/5/2020,20016722,Gibbs,Bob,OH07,https://disclosures-clerk.house.gov/public_disc/ptr-pdfs/2020/20016722.pdf
2020,P,8/4/2020,20017077,Gibbs,Bob,OH07,https://disclosures-clerk.house.gov/public_disc/ptr-pdfs/2020/20017077.pdf
2020,P,8/25/2020,20017247,Gibbs,Bob,OH07,https://disclosures-clerk.house.gov/public_disc/ptr-pdfs/2020/20017247.pdf
2020,P,9/9/2020,20017330,Gibbs,Bob,OH07,https://disclosures-clerk.house.gov/public_disc/ptr-pdfs/2020/20017330.pdf
2020,P,9/28/2020,20017441,Gibbs,Bob,OH07,https://disclosures-clerk.house.gov/public_disc/ptr-pdfs/2020/20017441.pdf
2020,P,11/22/2020,20017734,Gibbs,Bob,OH07,https://disclosures-clerk.house.gov/public_disc/ptr-pdfs/2020/20017734.pdf
2020,P,12/24/2020,20017910,Gibbs,Bob,OH07,https://disclosures-clerk.house.gov/public_disc/ptr-pdfs/2020/20017910.pdf
2020,P,9/24/2020,20017428,Gonzalez,Anthony E.,OH16,https://disclosures-clerk.house.gov/public_disc/ptr-pdfs/2020/20017428.pdf
2020,P,1/6/2020,20013859,Gottheimer,Josh,NJ05,https://disclosures-clerk.house.gov/public_disc/ptr-pdfs/2020/20013859.pdf
2020,P,2/10/2020,20015007,Gottheimer,Josh,NJ05,https://disclosures-clerk.house.gov/public_disc/ptr-pdfs/2020/20015007.pdf
2020,P,3/16/2020,20016181,Gottheimer,Josh,NJ05,https://disclosures-clerk.house.gov/public_disc/ptr-pdfs/2020/20016181.pdf
2020,P,4/11/2020,20016373,Gottheimer,Josh,NJ05,https://disclosures-clerk.house.gov/public_disc/ptr-pdfs/2020/20016373.pdf
2020,P,5/13/2020,20016556,Gottheimer,Josh,NJ05,https://disclosures-clerk.house.gov/public_disc/ptr-pdfs/2020/20016556.pdf
2020,P,6/10/2020,20016732,Gottheimer,Josh,NJ05,https://disclosures-clerk.house.gov/public_disc/ptr-pdfs/2020/20016732.pdf
2020,P,7/9/2020,20016893,Gottheimer,Josh,NJ05,https://disclosures-clerk.house.gov/public_disc/ptr-pdfs/2020/20016893.pdf
2020,P,8/10/2020,20017128,Gottheimer,Josh,NJ05,https://disclosures-clerk.house.gov/public_disc/ptr-pdfs/2020/20017128.pdf
2020,P,9/20/2020,20017335,Gottheimer,Josh,NJ05,https://disclosures-clerk.house.gov/public_disc/ptr-pdfs/2020/20017335.pdf
2020,P,10/13/2020,20017476,Gottheimer,Josh,NJ05,https://disclosures-clerk.house.gov/public_disc/ptr-pdfs/2020/20017476.pdf
2020,P,11/5/2020,20017634,Gottheimer,Josh,NJ05,https://disclosures-clerk.house.gov/public_disc/ptr-pdfs/2020/20017634.pdf
2020,P,12/9/2020,20017827,Gottheimer,Josh,NJ05,https://disclosures-clerk.house.gov/public_disc/ptr-pdfs/2020/20017827.pdf
2020,P,6/29/2020,20016856,Graves,Garret,LA06,https://disclosures-clerk.house.gov/public_disc/ptr-pdfs/2020/20016856.pdf
2020,P,7/6/2020,20016874,Green,Mark,TN07,https://disclosures-clerk.house.gov/public_disc/ptr-pdfs/2020/20016874.pdf
2020,P,7/18/2020,20016957,Green,Mark,TN07,https://disclosures-clerk.house.gov/public_disc/ptr-pdfs/2020/20016957.pdf
2020,P,8/12/2020,20017031,Green,Mark,TN07,https://disclosures-clerk.house.gov/public_disc/ptr-pdfs/2020/20017031.pdf
2020,P,8/18/2020,20017203,Green,Mark,TN07,https://disclosures-clerk.house.gov/public_disc/ptr-pdfs/2020/20017203.pdf
2020,P,9/16/2020,20017223,Green,Mark,TN07,https://disclosures-clerk.house.gov/public_disc/ptr-pdfs/2020/20017223.pdf
2020,P,9/20/2020,20017388,Green,Mark,TN07,https://disclosures-clerk.house.gov/public_disc/ptr-pdfs/2020/20017388.pdf
2020,P,10/9/2020,20017413,Green,Mark,TN07,https://disclosures-clerk.house.gov/public_disc/ptr-pdfs/2020/20017413.pdf
2020,P,10/29/2020,20017507,Green,Mark,TN07,https://disclosures-clerk.house.gov/public_disc/ptr-pdfs/2020/20017507.pdf
2020,P,11/17/2020,20017703,Green,Mark,TN07,https://disclosures-clerk.house.gov/public_disc/ptr-pdfs/2020/20017703.pdf
2020,P,12/2/2020,20017736,Green,Mark,TN07,https://disclosures-clerk.house.gov/public_disc/ptr-pdfs/2020/20017736.pdf
2020,P,12/12/2020,20017816,Green,Mark,TN07,https://disclosures-clerk.house.gov/public_disc/ptr-pdfs/2020/20017816.pdf
2020,P,4/3/2020,20016360,Guest,Michael Patrick,MS03,https://disclosures-clerk.house.gov/public_disc/ptr-pdfs/2020/20016360.pdf
2020,P,8/11/2023,8219906,Guest,Michael Patrick,MS03,https://disclosures-clerk.house.gov/public_disc/ptr-pdfs/2020/8219906.pdf
2020,P,11/20/2020,8217738,Hagedorn,James,MN01,https://disclosures-clerk.house.gov/public_disc/ptr-pdfs/2020/8217738.pdf
2020,P,1/14/2020,20013916,Hern,Kevin,OK01,https://disclosures-clerk.house.gov/public_disc/ptr-pdfs/2020/20013916.pdf
2020,P,2/15/2020,20015066,Hern,Kevin,OK01,https://disclosures-clerk.house.gov/public_disc/ptr-pdfs/2020/20015066.pdf
2020,P,3/17/2020,20016254,Hern,Kevin,OK01,https://disclosures-clerk.house.gov/public_disc/ptr-pdfs/2020/20016254.pdf
2020,P,4/16/2020,20016419,Hern,Kevin,OK01,https://disclosures-clerk.house.gov/public_disc/ptr-pdfs/2020/20016419.pdf
2020,P,5/15/2020,20016607,Hern,Kevin,OK01,https://disclosures-clerk.house.gov/public_disc/ptr-pdfs/2020/20016607.pdf
2020,P,6/16/2020,20016796,Hern,Kevin,OK01,https://disclosures-clerk.house.gov/public_disc/ptr-pdfs/2020/20016796.pdf
2020,P,7/20/2020,20016983,Hern,Kevin,OK01,https://disclosures-clerk.house.gov/public_disc/ptr-pdfs/2020/20016983.pdf
2020,P,8/15/2020,20017192,Hern,Kevin,OK01,https://disclosures-clerk.house.gov/public_disc/ptr-pdfs/2020/20017192.pdf
2020,P,9/15/2020,20017380,Hern,Kevin,OK01,https://disclosures-clerk.house.gov/public_disc/ptr-pdfs/2020/20017380.pdf
2020,P,10/15/2020,20017527,Hern,Kevin,OK01,https://disclosures-clerk.house.gov/public_disc/ptr-pdfs/2020/20017527.pdf
2020,P,11/14/2020,20017687,Hern,Kevin,OK01,https://disclosures-clerk.house.gov/public_disc/ptr-pdfs/2020/20017687.pdf
2020,P,12/14/2020,20017853,Hern,Kevin,OK01,https://disclosures-clerk.house.gov/public_disc/ptr-pdfs/2020/20017853.pdf
2020,P,1/15/2020,20005968,Hill,James French,AR02,https://disclosures-clerk.house.gov/public_disc/ptr-pdfs/2020/20005968.pdf
2020,P,12/30/2020,20017855,Hill,James French,AR02,https://disclosures-clerk.house.gov/public_disc/ptr-pdfs/2020/20017855.pdf
2020,P,3/12/2020,8217083,Holding,George,NC02,https://disclosures-clerk.house.gov/public_disc/ptr-pdfs/2020/8217083.pdf
2020,P,8/21/2020,8217594,Holding,George,NC02,https://disclosures-clerk.house.gov/public_disc/ptr-pdfs/2020/8217594.pdf
2020,P,10/2/2020,8217671,Holding,George,NC02,https://disclosures-clerk.house.gov/public_disc/ptr-pdfs/2020/8217671.pdf
2020,P,11/19/2020,8217739,Holding,George,NC02,https://disclosures-clerk.house.gov/public_disc/ptr-pdfs/2020/8217739.pdf
2020,P,5/18/2020,8217232,Hollingsworth,Trey,IN09,https://disclosures-clerk.house.gov/public_disc/ptr-pdfs/2020/8217232.pdf
2020,P,6/15/2020,8217322,Hollingsworth,Trey,IN09,https://disclosures-clerk.house.gov/public_disc/ptr-pdfs/2020/8217322.pdf
2020,P,7/1/2020,8217352,Hollingsworth,Trey,IN09,https://disclosures-clerk.house.gov/public_disc/ptr-pdfs/2020/8217352.pdf
2020,P,8/5/2020,8217447,Hollingsworth,Trey,IN09,https://disclosures-clerk.house.gov/public_disc/ptr-pdfs/2020/8217447.pdf
2020,P,9/9/2020,8217634,Hollingsworth,Trey,IN09,https://disclosures-clerk.house.gov/public_disc/ptr-pdfs/2020/8217634.pdf
2020,P,10/9/2020,8217678,Hollingsworth,Trey,IN09,https://disclosures-clerk.house.gov/public_disc/ptr-pdfs/2020/8217678.pdf
2020,P,12/9/2020,8217764,Hollingsworth,Trey,IN09,https://disclosures-clerk.house.gov/public_disc/ptr-pdfs/2020/8217764.pdf
2020,P,11/6/2020,20017620,Jacobs,Christopher L.,NY27,https://disclosures-clerk.house.gov/public_disc/ptr-pdfs/2020/20017620.pdf
2020,P,12/26/2020,20017915,Jeffries,Hakeem S.,NY08,https://disclosures-clerk.house.gov/public_disc/ptr-pdfs/2020/20017915.pdf
2020,P,7/30/2020,20014973,Joyce,David P.,OH14,https://disclosures-clerk.house.gov/public_disc/ptr-pdfs/2020/20014973.pdf
2020,P,2/25/2020,8217005,Kelly,Mike,PA16,https://disclosures-clerk.house.gov/public_disc/ptr-pdfs/2020/8217005.pdf
2020,P,4/20/2020,8217163,Kelly,Mike,PA16,https://disclosures-clerk.house.gov/public_disc/ptr-pdfs/2020/8217163.pdf
2020,P,5/5/2020,8217198,Kelly,Mike,PA16,https://disclosures-clerk.house.gov/public_disc/ptr-pdfs/2020/8217198.pdf
2020,P,5/20/2020,8217253,Kelly,Mike,PA16,https://disclosures-clerk.house.gov/public_disc/ptr-pdfs/2020/8217253.pdf
2020,P,7/22/2020,8217402,Kelly,Mike,PA16,https://disclosures-clerk.house.gov/public_disc/ptr-pdfs/2020/8217402.pdf
2020,P,1/8/2020,8216878,Kennedy,Joseph P.,MA04,https://disclosures-clerk.house.gov/public_disc/ptr-pdfs/2020/8216878.pdf
2020,P,7/21/2020,8217403,Kennedy,Joseph P.,MA04,https://disclosures-clerk.house.gov/public_disc/ptr-pdfs/2020/8217403.pdf
2020,P,9/18/2020,8217660,Kennedy,Joseph P.,MA04,https://disclosures-clerk.house.gov/public_disc/ptr-pdfs/2020/8217660.pdf
2020,P,1/9/2020,8216879,Khanna,Rohit,CA17,https://disclosures-clerk.house.gov/public_disc/ptr-pdfs/2020/8216879.pdf
2020,P,2/10/2020,8216965,Khanna,Rohit,CA17,https://disclosures-clerk.house.gov/public_disc/ptr-pdfs/2020/8216965.pdf
2020,P,3/9/2020,8217060,Khanna,Rohit,CA17,https://disclosures-clerk.house.gov/public_disc/ptr-pdfs/2020/8217060.pdf
2020,P,4/20/2020,8217164,Khanna,Rohit,CA17,https://disclosures-clerk.house.gov/public_disc/ptr-pdfs/2020/8217164.pdf
2020,P,5/13/2020,8217213,Khanna,Rohit,CA17,https://disclosures-clerk.house.gov/public_disc/ptr-pdfs/2020/8217213.pdf
2020,P,6/17/2020,8217329,Khanna,Rohit,CA17,https://disclosures-clerk.house.gov/public_disc/ptr-pdfs/2020/8217329.pdf
2020,P,7/17/2020,8217394,Khanna,Rohit,CA17,https://disclosures-clerk.house.gov/public_disc/ptr-pdfs/2020/8217394.pdf
2020,P,8/17/2020,8217557,Khanna,Rohit,CA17,https://disclosures-clerk.house.gov/public_disc/ptr-pdfs/2020/8217557.pdf
2020,P,9/17/2020,8217653,Khanna,Rohit,CA17,https://disclosures-clerk.house.gov/public_disc/ptr-pdfs/2020/8217653.pdf
2020,P,10/21/2020,8217686,Khanna,Rohit,CA17,https://disclosures-clerk.house.gov/public_disc/ptr-pdfs/2020/8217686.pdf
2020,P,11/20/2020,8217740,Khanna,Rohit,CA17,https://disclosures-clerk.house.gov/public_disc/ptr-pdfs/2020/8217740.pdf
2020,P,12/16/2020,8217777,Khanna,Rohit,CA17,https://disclosures-clerk.house.gov/public_disc/ptr-pdfs/2020/8217777.pdf
2020,P,1/15/2021,8217812,Khanna,Rohit,CA17,https://disclosures-clerk.house.gov/public_disc/ptr-pdfs/2020/8217812.pdf
2020,P,5/7/2020,20016564,Kinzinger,Adam,IL16,https://disclosures-clerk.house.gov/public_disc/ptr-pdfs/2020/20016564.pdf
2020,P,6/10/2020,20016742,Kinzinger,Adam,IL16,https://disclosures-clerk.house.gov/public_disc/ptr-pdfs/2020/20016742.pdf
2020,P,6/10/2020,20016743,Kinzinger,Adam,IL16,https://disclosures-clerk.house.gov/public_disc/ptr-pdfs/2020/20016743.pdf
2020,P,7/21/2020,20017001,Kinzinger,Adam,IL16,https://disclosures-clerk.house.gov/public_disc/ptr-pdfs/2020/20017001.pdf
2020,P,12/16/2020,20017861,Krishnamoorthi,S. Raja,IL08,https://disclosures-clerk.house.gov/public_disc/ptr-pdfs/2020/20017861.pdf
2020,P,3/2/2020,8217045,Kustoff,David,TN08,https://disclosures-clerk.house.gov/public_disc/ptr-pdfs/2020/8217045.pdf
2020,P,9/14/2020,8217640,Lamborn,Doug,CO05,https://disclosures-clerk.house.gov/public_disc/ptr-pdfs/2020/8217640.pdf
2020,P,11/10/2020,8217726,Lamborn,Doug,CO05,https://disclosures-clerk.house.gov/public_disc/ptr-pdfs/2020/8217726.pdf
2020,P,12/8/2020,8217760,Lamborn,Doug,CO05,https://disclosures-clerk.house.gov/public_disc/ptr-pdfs/2020/8217760.pdf
2020,P,12/28/2020,8217785,Lamborn,Doug,CO05,https://disclosures-clerk.house.gov/public_disc/ptr-pdfs/2020/8217785.pdf
2020,P,1/31/2020,20014978,Langevin,James R.,RI02,https://disclosures-clerk.house.gov/public_disc/ptr-pdfs/2020/20014978.pdf
2020,P,3/3/2020,20016151,Langevin,James R.,RI02,https://disclosures-clerk.house.gov/public_disc/ptr-pdfs/2020/20016151.pdf
2020,P,3/30/2020,20016320,Langevin,James R.,RI02,https://disclosures-clerk.house.gov/public_disc/ptr-pdfs/2020/20016320.pdf
2020,P,5/5/2020,20016547,Langevin,James R.,RI02,https://disclosures-clerk.house.gov/public_disc/ptr-pdfs/2020/20016547.pdf
2020,P,5/5/2020,20016548,Langevin,James R.,RI02,https://disclosures-clerk.house.gov/public_disc/ptr-pdfs/2020/20016548.pdf
2020,P,6/3/2020,20016705,Langevin,James R.,RI02,https://disclosures-clerk.house.gov/public_disc/ptr-pdfs/2020/20016705.pdf
2020,P,7/23/2020,20016934,Langevin,James R.,RI02,https://disclosures-clerk.house.gov/public_disc/ptr-pdfs/2020/20016934.pdf
2020,P,8/18/2020,20017186,Langevin,James R.,RI02,https://disclosures-clerk.house.gov/public_disc/ptr-pdfs/2020/20017186.pdf
2020,P,8/24/2020,20017238,Langevin,James R.,RI02,https://disclosures-clerk.house.gov/public_disc/ptr-pdfs/2020/20017238.pdf
2020,P,8/31/2020,20017266,Langevin,James R.,RI02,https://disclosures-clerk.house.gov/public_disc/ptr-pdfs/2020/20017266.pdf
2020,P,9/17/2020,20017387,Langevin,James R.,RI02,https://disclosures-clerk.house.gov/public_disc/ptr-pdfs/2020/20017387.pdf
2020,P,10/30/2020,20017595,Langevin,James R.,RI02,https://disclosures-clerk.house.gov/public_disc/ptr-pdfs/2020/20017595.pdf
2020,P,11/2/2020,20017615,Langevin,James R.,RI02,https://disclosures-clerk.house.gov/public_disc/ptr-pdfs/2020/20017615.pdf
2020,P,11/17/2020,20017626,Langevin,James R.,RI02,https://disclosures-clerk.house.gov/public_disc/ptr-pdfs/2020/20017626.pdf
2020,P,1/31/2020,20013919,Larson,John B.,CT01,https://disclosures-clerk.house.gov/public_disc/ptr-pdfs/2020/20013919.pdf
2020,P,3/17/2020,20016256,Latta,Robert E.,OH05,https://disclosures-clerk.house.gov/public_disc/ptr-pdfs/2020/20016256.pdf
2020,P,1/16/2020,20012719,Lee,Susie,NV03,https://disclosures-clerk.house.gov/public_disc/ptr-pdfs/2020/20012719.pdf
2020,P,2/25/2020,20015037,Lee,Susie,NV03,https://disclosures-clerk.house.gov/public_disc/ptr-pdfs/2020/20015037.pdf
2020,P,4/28/2020,20016193,Lee,Susie,NV03,https://disclosures-clerk.house.gov/public_disc/ptr-pdfs/2020/20016193.pdf
2020,P,6/15/2020,20016555,Lee,Susie,NV03,https://disclosures-clerk.house.gov/public_disc/ptr-pdfs/2020/20016555.pdf
2020,P,7/10/2020,20016887,Lee,Susie,NV03,https://disclosures-clerk.house.gov/public_disc/ptr-pdfs/2020/20016887.pdf
2020,P,9/3/2020,20017160,Lee,Susie,NV03,https://disclosures-clerk.house.gov/public_disc/ptr-pdfs/2020/20017160.pdf
2020,P,10/7/2020,20017317,Lee,Susie,NV03,https://disclosures-clerk.house.gov/public_disc/ptr-pdfs/2020/20017317.pdf
2020,P,10/24/2020,20017502,Lee,Susie,NV03,https://disclosures-clerk.house.gov/public_disc/ptr-pdfs/2020/20017502.pdf
2020,P,12/8/2020,20017660,Lee,Susie,NV03,https://disclosures-clerk.house.gov/public_disc/ptr-pdfs/2020/20017660.pdf
2020,P,3/10/2020,20016162,Lofgren,Zoe,CA19,https://disclosures-clerk.house.gov/public_disc/ptr-pdfs/2020/20016162.pdf
2020,P,4/11/2020,20016393,Lofgren,Zoe,CA19,https://disclosures-clerk.house.gov/public_disc/ptr-pdfs/2020/20016393.pdf
2020,P,7/8/2020,20016906,Lofgren,Zoe,CA19,https://disclosures-clerk.house.gov/public_disc/ptr-pdfs/2020/20016906.pdf
2020,P,8/12/2020,20017173,Lofgren,Zoe,CA19,https://disclosures-clerk.house.gov/public_disc/ptr-pdfs/2020/20017173.pdf
2020,P,4/13/2020,8217165,Long,Billy,MO07,https://disclosures-clerk.house.gov/public_disc/ptr-pdfs/2020/8217165.pdf
2020,P,7/1/2020,8217353,Long,Billy,MO07,https://disclosures-clerk.house.gov/public_disc/ptr-pdfs/2020/8217353.pdf
2020,P,2/10/2021,8217850,Long,Billy,MO07,https://disclosures-clerk.house.gov/public_disc/ptr-pdfs/2020/8217850.pdf
2020,P,1/2/2020,20013837,Lowenthal,Alan S.,CA47,https://disclosures-clerk.house.gov/public_disc/ptr-pdfs/2020/20013837.pdf
2020,P,1/13/2020,20013913,Lowenthal,Alan S.,CA47,https://disclosures-clerk.house.gov/public_disc/ptr-pdfs/2020/20013913.pdf
2020,P,1/13/2020,20013914,Lowenthal,Alan S.,CA47,https://disclosures-clerk.house.gov/public_disc/ptr-pdfs/2020/20013914.pdf
2020,P,1/13/2020,20013915,Lowenthal,Alan S.,CA47,https://disclosures-clerk.house.gov/public_disc/ptr-pdfs/2020/20013915.pdf
2020,P,1/18/2020,20014935,Lowenthal,Alan S.,CA47,https://disclosures-clerk.house.gov/public_disc/ptr-pdfs/2020/20014935.pdf
2020,P,1/18/2020,20014936,Lowenthal,Alan S.,CA47,https://disclosures-clerk.house.gov/public_disc/ptr-pdfs/2020/20014936.pdf
2020,P,1/18/2020,20014937,Lowenthal,Alan S.,CA47,https://disclosures-clerk.house.gov/public_disc/ptr-pdfs/2020/20014937.pdf
2020,P,2/2/2020,20014984,Lowenthal,Alan S.,CA47,https://disclosures-clerk.house.gov/public_disc/ptr-pdfs/2020/20014984.pdf
2020,P,2/2/2020,20014985,Lowenthal,Alan S.,CA47,https://disclosures-clerk.house.gov/public_disc/ptr-pdfs/2020/20014985.pdf
2020,P,2/2/2020,20014986,Lowenthal,Alan S.,CA47,https://disclosures-clerk.house.gov/public_disc/ptr-pdfs/2020/20014986.pdf
2020,P,2/13/2020,20015060,Lowenthal,Alan S.,CA47,https://disclosures-clerk.house.gov/public_disc/ptr-pdfs/2020/20015060.pdf
2020,P,2/13/2020,20015061,Lowenthal,Alan S.,CA47,https://disclosures-clerk.house.gov/public_disc/ptr-pdfs/2020/20015061.pdf
2020,P,2/15/2020,20015067,Lowenthal,Alan S.,CA47,https://disclosures-clerk.house.gov/public_disc/ptr-pdfs/2020/20015067.pdf
2020,P,2/15/2020,20015068,Lowenthal,Alan S.,CA47,https://disclosures-clerk.house.gov/public_disc/ptr-pdfs/2020/20015068.pdf
2020,P,2/15/2020,20015069,Lowenthal,Alan S.,CA47,https://disclosures-clerk.house.gov/public_disc/ptr-pdfs/2020/20015069.pdf
2020,P,2/16/2020,20016066,Lowenthal,Alan S.,CA47,https://disclosures-clerk.house.gov/public_disc/ptr-pdfs/2020/20016066.pdf
2020,P,2/16/2020,20016067,Lowenthal,Alan S.,CA47,https://disclosures-clerk.house.gov/public_disc/ptr-pdfs/2020/20016067.pdf
2020,P,2/21/2020,20016094,Lowenthal,Alan S.,CA47,https://disclosures-clerk.house.gov/public_disc/ptr-pdfs/2020/20016094.pdf
2020,P,2/21/2020,20016095,Lowenthal,Alan S.,CA47,https://disclosures-clerk.house.gov/public_disc/ptr-pdfs/2020/20016095.pdf
2020,P,2/21/2020,20016096,Lowenthal,Alan S.,CA47,https://disclosures-clerk.house.gov/public_disc/ptr-pdfs/2020/20016096.pdf
2020,P,3/10/2020,20016213,Lowenthal,Alan S.,CA47,https://disclosures-clerk.house.gov/public_disc/ptr-pdfs/2020/20016213.pdf
2020,P,3/10/2020,20016214,Lowenthal,Alan S.,CA47,https://disclosures-clerk.house.gov/public_disc/ptr-pdfs/2020/20016214.pdf
2020,P,3/10/2020,20016215,Lowenthal,Alan S.,CA47,https://disclosures-clerk.house.gov/public_disc/ptr-pdfs/2020/20016215.pdf
2020,P,3/10/2020,20016216,Lowenthal,Alan S.,CA47,https://disclosures-clerk.house.gov/public_disc/ptr-pdfs/2020/20016216.pdf
2020,P,3/10/2020,20016217,Lowenthal,Alan S.,CA47,https://disclosures-clerk.house.gov/public_disc/ptr-pdfs/2020/20016217.pdf
2020,P,3/10/2020,20016218,Lowenthal,Alan S.,CA47,https://disclosures-clerk.house.gov/public_disc/ptr-pdfs/2020/20016218.pdf
2020,P,3/10/2020,20016219,Lowenthal,Alan S.,CA47,https://disclosures-clerk.house.gov/public_disc/ptr-pdfs/2020/20016219.pdf
2020,P,3/10/2020,20016220,Lowenthal,Alan S.,CA47,https://disclosures-clerk.house.gov/public_disc/ptr-pdfs/2020/20016220.pdf
2020,P,3/10/2020,20016221,Lowenthal,Alan S.,CA47,https://disclosures-clerk.house.gov/public_disc/ptr-pdfs/2020/20016221.pdf
2020,P,3/10/2020,20016222,Lowenthal,Alan S.,CA47,https://disclosures-clerk.house.gov/public_disc/ptr-pdfs/2020/20016222.pdf
2020,P,3/10/2020,20016223,Lowenthal,Alan S.,CA47,https://disclosures-clerk.house.gov/public_disc/ptr-pdfs/2020/20016223.pdf
2020,P,3/10/2020,20016224,Lowenthal,Alan S.,CA47,https://disclosures-clerk.house.gov/public_disc/ptr-pdfs/2020/20016224.pdf
2020,P,3/10/2020,20016225,Lowenthal,Alan S.,CA47,https://disclosures-clerk.house.gov/public_disc/ptr-pdfs/2020/20016225.pdf
2020,P,3/11/2020,20016229,Lowenthal,Alan S.,CA47,https://disclosures-clerk.house.gov/public_disc/ptr-pdfs/2020/20016229.pdf
2020,P,3/14/2020,20016246,Lowenthal,Alan S.,CA47,https://disclosures-clerk.house.gov/public_disc/ptr-pdfs/2020/20016246.pdf
2020,P,3/14/2020,20016247,Lowenthal,Alan S.,CA47,https://disclosures-clerk.house.gov/public_disc/ptr-pdfs/2020/20016247.pdf
2020,P,3/17/2020,20016259,Lowenthal,Alan S.,CA47,https://disclosures-clerk.house.gov/public_disc/ptr-pdfs/2020/20016259.pdf
2020,P,3/17/2020,20016260,Lowenthal,Alan S.,CA47,https://disclosures-clerk.house.gov/public_disc/ptr-pdfs/2020/20016260.pdf
2020,P,3/17/2020,20016261,Lowenthal,Alan S.,CA47,https://disclosures-clerk.house.gov/public_disc/ptr-pdfs/2020/20016261.pdf
2020,P,3/22/2020,20016280,Lowenthal,Alan S.,CA47,https://disclosures-clerk.house.gov/public_disc/ptr-pdfs/2020/20016280.pdf
2020,P,3/22/2020,20016281,Lowenthal,Alan S.,CA47,https://disclosures-clerk.house.gov/public_disc/ptr-pdfs/2020/20016281.pdf
2020,P,3/22/2020,20016282,Lowenthal,Alan S.,CA47,https://disclosures-clerk.house.gov/public_disc/ptr-pdfs/2020/20016282.pdf
2020,P,3/24/2020,20016296,Lowenthal,Alan S.,CA47,https://disclosures-clerk.house.gov/public_disc/ptr-pdfs/2020/20016296.pdf
2020,P,3/24/2020,20016297,Lowenthal,Alan S.,CA47,https://disclosures-clerk.house.gov/public_disc/ptr-pdfs/2020/20016297.pdf
2020,P,3/31/2020,20016327,Lowenthal,Alan S.,CA47,https://disclosures-clerk.house.gov/public_disc/ptr-pdfs/2020/20016327.pdf
2020,P,3/31/2020,20016328,Lowenthal,Alan S.,CA47,https://disclosures-clerk.house.gov/public_disc/ptr-pdfs/2020/20016328.pdf
2020,P,3/31/2020,20016329,Lowenthal,Alan S.,CA47,https://disclosures-clerk.house.gov/public_disc/ptr-pdfs/2020/20016329.pdf
2020,P,4/14/2020,20016408,Lowenthal,Alan S.,CA47,https://disclosures-clerk.house.gov/public_disc/ptr-pdfs/2020/20016408.pdf
2020,P,4/18/2020,20016428,Lowenthal,Alan S.,CA47,https://disclosures-clerk.house.gov/public_disc/ptr-pdfs/2020/20016428.pdf
2020,P,4/18/2020,20016429,Lowenthal,Alan S.,CA47,https://disclosures-clerk.house.gov/public_disc/ptr-pdfs/2020/20016429.pdf
2020,P,4/18/2020,20016430,Lowenthal,Alan S.,CA47,https://disclosures-clerk.house.gov/public_disc/ptr-pdfs/2020/20016430.pdf
2020,P,4/18/2020,20016431,Lowenthal,Alan S.,CA47,https://disclosures-clerk.house.gov/public_disc/ptr-pdfs/2020/20016431.pdf
2020,P,4/18/2020,20016432,Lowenthal,Alan S.,CA47,https://disclosures-clerk.house.gov/public_disc/ptr-pdfs/2020/20016432.pdf
2020,P,4/23/2020,20016462,Lowenthal,Alan S.,CA47,https://disclosures-clerk.house.gov/public_disc/ptr-pdfs/2020/20016462.pdf
2020,P,4/23/2020,20016463,Lowenthal,Alan S.,CA47,https://disclosures-clerk.house.gov/public_disc/ptr-pdfs/2020/20016463.pdf
2020,P,4/23/2020,20016464,Lowenthal,Alan S.,CA47,https://disclosures-clerk.house.gov/public_disc/ptr-pdfs/2020/20016464.pdf
2020,P,4/28/2020,20016500,Lowenthal,Alan S.,CA47,https://disclosures-clerk.house.gov/public_disc/ptr-pdfs/2020/20016500.pdf
2020,P,4/28/2020,20016501,Lowenthal,Alan S.,CA47,https://disclosures-clerk.house.gov/public_disc/ptr-pdfs/2020/20016501.pdf
2020,P,5/2/2020,20016522,Lowenthal,Alan S.,CA47,https://disclosures-clerk.house.gov/public_disc/ptr-pdfs/2020/20016522.pdf
2020,P,5/2/2020,20016523,Lowenthal,Alan S.,CA47,https://disclosures-clerk.house.gov/public_disc/ptr-pdfs/2020/20016523.pdf
2020,P,5/2/2020,20016524,Lowenthal,Alan S.,CA47,https://disclosures-clerk.house.gov/public_disc/ptr-pdfs/2020/20016524.pdf
2020,P,5/6/2020,20016551,Lowenthal,Alan S.,CA47,https://disclosures-clerk.house.gov/public_disc/ptr-pdfs/2020/20016551.pdf
2020,P,5/6/2020,20016552,Lowenthal,Alan S.,CA47,https://disclosures-clerk.house.gov/public_disc/ptr-pdfs/2020/20016552.pdf
2020,P,5/6/2020,20016553,Lowenthal,Alan S.,CA47,https://disclosures-clerk.house.gov/public_disc/ptr-pdfs/2020/20016553.pdf
2020,P,5/28/2020,20016672,Lowenthal,Alan S.,CA47,https://disclosures-clerk.house.gov/public_disc/ptr-pdfs/2020/20016672.pdf
2020,P,5/28/2020,20016673,Lowenthal,Alan S.,CA47,https://disclosures-clerk.house.gov/public_disc/ptr-pdfs/2020/20016673.pdf
2020,P,5/28/2020,20016674,Lowenthal,Alan S.,CA47,https://disclosures-clerk.house.gov/public_disc/ptr-pdfs/2020/20016674.pdf
2020,P,6/4/2020,20016716,Lowenthal,Alan S.,CA47,https://disclosures-clerk.house.gov/public_disc/ptr-pdfs/2020/20016716.pdf
2020,P,6/4/2020,20016717,Lowenthal,Alan S.,CA47,https://disclosures-clerk.house.gov/public_disc/ptr-pdfs/2020/20016717.pdf
2020,P,6/4/2020,20016718,Lowenthal,Alan S.,CA47,https://disclosures-clerk.house.gov/public_disc/ptr-pdfs/2020/20016718.pdf
2020,P,6/12/2020,20016764,Lowenthal,Alan S.,CA47,https://disclosures-clerk.house.gov/public_disc/ptr-pdfs/2020/20016764.pdf
2020,P,6/12/2020,20016765,Lowenthal,Alan S.,CA47,https://disclosures-clerk.house.gov/public_disc/ptr-pdfs/2020/20016765.pdf
2020,P,6/12/2020,20016766,Lowenthal,Alan S.,CA47,https://disclosures-clerk.house.gov/public_disc/ptr-pdfs/2020/20016766.pdf
2020,P,6/12/2020,20016767,Lowenthal,Alan S.,CA47,https://disclosures-clerk.house.gov/public_disc/ptr-pdfs/2020/20016767.pdf
2020,P,6/20/2020,20016819,Lowenthal,Alan S.,CA47,https://disclosures-clerk.house.gov/public_disc/ptr-pdfs/2020/20016819.pdf
2020,P,6/25/2020,20016839,Lowenthal,Alan S.,CA47,https://disclosures-clerk.house.gov/public_disc/ptr-pdfs/2020/20016839.pdf
2020,P,6/25/2020,20016840,Lowenthal,Alan S.,CA47,https://disclosures-clerk.house.gov/public_disc/ptr-pdfs/2020/20016840.pdf
2020,P,6/25/2020,20016841,Lowenthal,Alan S.,CA47,https://disclosures-clerk.house.gov/public_disc/ptr-pdfs/2020/20016841.pdf
2020,P,6/29/2020,20016852,Lowenthal,Alan S.,CA47,https://disclosures-clerk.house.gov/public_disc/ptr-pdfs/2020/20016852.pdf
2020,P,6/29/2020,20016853,Lowenthal,Alan S.,CA47,https://disclosures-clerk.house.gov/public_disc/ptr-pdfs/2020/20016853.pdf
2020,P,7/2/2020,20016875,Lowenthal,Alan S.,CA47,https://disclosures-clerk.house.gov/public_disc/ptr-pdfs/2020/20016875.pdf
2020,P,7/2/2020,20016876,Lowenthal,Alan S.,CA47,https://disclosures-clerk.house.gov/public_disc/ptr-pdfs/2020/20016876.pdf
2020,P,7/8/2020,20016912,Lowenthal,Alan S.,CA47,https://disclosures-clerk.house.gov/public_disc/ptr-pdfs/2020/20016912.pdf
2020,P,7/8/2020,20016913,Lowenthal,Alan S.,CA47,https://disclosures-clerk.house.gov/public_disc/ptr-pdfs/2020/20016913.pdf
2020,P,7/8/2020,20016914,Lowenthal,Alan S.,CA47,https://disclosures-clerk.house.gov/public_disc/ptr-pdfs/2020/20016914.pdf
2020,P,7/15/2020,20016958,Lowenthal,Alan S.,CA47,https://disclosures-clerk.house.gov/public_disc/ptr-pdfs/2020/20016958.pdf
2020,P,7/15/2020,20016959,Lowenthal,Alan S.,CA47,https://disclosures-clerk.house.gov/public_disc/ptr-pdfs/2020/20016959.pdf
2020,P,7/20/2020,20016994,Lowenthal,Alan S.,CA47,https://disclosures-clerk.house.gov/public_disc/ptr-pdfs/2020/20016994.pdf
2020,P,7/20/2020,20016995,Lowenthal,Alan S.,CA47,https://disclosures-clerk.house.gov/public_disc/ptr-pdfs/2020/20016995.pdf
2020,P,7/20/2020,20016996,Lowenthal,Alan S.,CA47,https://disclosures-clerk.house.gov/public_disc/ptr-pdfs/2020/20016996.pdf
2020,P,7/20/2020,20016997,Lowenthal,Alan S.,CA47,https://disclosures-clerk.house.gov/public_disc/ptr-pdfs/2020/20016997.pdf
2020,P,7/24/2020,20017024,Lowenthal,Alan S.,CA47,https://disclosures-clerk.house.gov/public_disc/ptr-pdfs/2020/20017024.pdf
2020,P,7/24/2020,20017025,Lowenthal,Alan S.,CA47,https://disclosures-clerk.house.gov/public_disc/ptr-pdfs/2020/20017025.pdf
2020,P,8/3/2020,20017073,Lowenthal,Alan S.,CA47,https://disclosures-clerk.house.gov/public_disc/ptr-pdfs/2020/20017073.pdf
2020,P,8/3/2020,20017074,Lowenthal,Alan S.,CA47,https://disclosures-clerk.house.gov/public_disc/ptr-pdfs/2020/20017074.pdf
2020,P,8/3/2020,20017075,Lowenthal,Alan S.,CA47,https://disclosures-clerk.house.gov/public_disc/ptr-pdfs/2020/20017075.pdf
2020,P,8/3/2020,20017076,Lowenthal,Alan S.,CA47,https://disclosures-clerk.house.gov/public_disc/ptr-pdfs/2020/20017076.pdf
2020,P,8/8/2020,20017125,Lowenthal,Alan S.,CA47,https://disclosures-clerk.house.gov/public_disc/ptr-pdfs/2020/20017125.pdf
2020,P,8/8/2020,20017126,Lowenthal,Alan S.,CA47,https://disclosures-clerk.house.gov/public_disc/ptr-pdfs/2020/20017126.pdf
2020,P,8/17/2020,20017207,Lowenthal,Alan S.,CA47,https://disclosures-clerk.house.gov/public_disc/ptr-pdfs/2020/20017207.pdf
2020,P,8/17/2020,20017208,Lowenthal,Alan S.,CA47,https://disclosures-clerk.house.gov/public_disc/ptr-pdfs/2020/20017208.pdf
2020,P,8/17/2020,20017209,Lowenthal,Alan S.,CA47,https://disclosures-clerk.house.gov/public_disc/ptr-pdfs/2020/20017209.pdf
2020,P,9/4/2020,20017306,Lowenthal,Alan S.,CA47,https://disclosures-clerk.house.gov/public_disc/ptr-pdfs/2020/20017306.pdf
2020,P,9/4/2020,20017307,Lowenthal,Alan S.,CA47,https://disclosures-clerk.house.gov/public_disc/ptr-pdfs/2020/20017307.pdf
2020,P,9/4/2020,20017308,Lowenthal,Alan S.,CA47,https://disclosures-clerk.house.gov/public_disc/ptr-pdfs/2020/20017308.pdf
2020,P,9/4/2020,20017310,Lowenthal,Alan S.,CA47,https://disclosures-clerk.house.gov/public_disc/ptr-pdfs/2020/20017310.pdf
2020,P,9/15/2020,20017376,Lowenthal,Alan S.,CA47,https://disclosures-clerk.house.gov/public_disc/ptr-pdfs/2020/20017376.pdf
2020,P,9/15/2020,20017377,Lowenthal,Alan S.,CA47,https://disclosures-clerk.house.gov/public_disc/ptr-pdfs/2020/20017377.pdf
2020,P,9/15/2020,20017378,Lowenthal,Alan S.,CA47,https://disclosures-clerk.house.gov/public_disc/ptr-pdfs/2020/20017378.pdf
2020,P,9/17/2020,20017389,Lowenthal,Alan S.,CA47,https://disclosures-clerk.house.gov/public_disc/ptr-pdfs/2020/20017389.pdf
2020,P,9/17/2020,20017390,Lowenthal,Alan S.,CA47,https://disclosures-clerk.house.gov/public_disc/ptr-pdfs/2020/20017390.pdf
2020,P,9/17/2020,20017391,Lowenthal,Alan S.,CA47,https://disclosures-clerk.house.gov/public_disc/ptr-pdfs/2020/20017391.pdf
2020,P,9/24/2020,20017424,Lowenthal,Alan S.,CA47,https://disclosures-clerk.house.gov/public_disc/ptr-pdfs/2020/20017424.pdf
2020,P,9/24/2020,20017425,Lowenthal,Alan S.,CA47,https://disclosures-clerk.house.gov/public_disc/ptr-pdfs/2020/20017425.pdf
2020,P,9/24/2020,20017426,Lowenthal,Alan S.,CA47,https://disclosures-clerk.house.gov/public_disc/ptr-pdfs/2020/20017426.pdf
2020,P,10/15/2020,20017532,Lowenthal,Alan S.,CA47,https://disclosures-clerk.house.gov/public_disc/ptr-pdfs/2020/20017532.pdf
2020,P,10/15/2020,20017533,Lowenthal,Alan S.,CA47,https://disclosures-clerk.house.gov/public_disc/ptr-pdfs/2020/20017533.pdf
2020,P,10/15/2020,20017534,Lowenthal,Alan S.,CA47,https://disclosures-clerk.house.gov/public_disc/ptr-pdfs/2020/20017534.pdf
2020,P,10/15/2020,20017535,Lowenthal,Alan S.,CA47,https://disclosures-clerk.house.gov/public_disc/ptr-pdfs/2020/20017535.pdf
2020,P,10/28/2020,20017590,Lowenthal,Alan S.,CA47,https://disclosures-clerk.house.gov/public_disc/ptr-pdfs/2020/20017590.pdf
2020,P,10/28/2020,20017591,Lowenthal,Alan S.,CA47,https://disclosures-clerk.house.gov/public_disc/ptr-pdfs/2020/20017591.pdf
2020,P,10/28/2020,20017592,Lowenthal,Alan S.,CA47,https://disclosures-clerk.house.gov/public_disc/ptr-pdfs/2020/20017592.pdf
2020,P,11/4/2020,20017635,Lowenthal,Alan S.,CA47,https://disclosures-clerk.house.gov/public_disc/ptr-pdfs/2020/20017635.pdf
2020,P,11/4/2020,20017636,Lowenthal,Alan S.,CA47,https://disclosures-clerk.house.gov/public_disc/ptr-pdfs/2020/20017636.pdf
2020,P,11/4/2020,20017637,Lowenthal,Alan S.,CA47,https://disclosures-clerk.house.gov/public_disc/ptr-pdfs/2020/20017637.pdf
2020,P,11/16/2020,20017699,Lowenthal,Alan S.,CA47,https://disclosures-clerk.house.gov/public_disc/ptr-pdfs/2020/20017699.pdf
2020,P,11/16/2020,20017700,Lowenthal,Alan S.,CA47,https://disclosures-clerk.house.gov/public_disc/ptr-pdfs/2020/20017700.pdf
2020,P,11/16/2020,20017701,Lowenthal,Alan S.,CA47,https://disclosures-clerk.house.gov/public_disc/ptr-pdfs/2020/20017701.pdf
2020,P,11/21/2020,20017729,Lowenthal,Alan S.,CA47,https://disclosures-clerk.house.gov/public_disc/ptr-pdfs/2020/20017729.pdf
2020,P,11/21/2020,20017730,Lowenthal,Alan S.,CA47,https://disclosures-clerk.house.gov/public_disc/ptr-pdfs/2020/20017730.pdf
2020,P,11/21/2020,20017731,Lowenthal,Alan S.,CA47,https://disclosures-clerk.house.gov/public_disc/ptr-pdfs/2020/20017731.pdf
2020,P,12/3/2020,20017793,Lowenthal,Alan S.,CA47,https://disclosures-clerk.house.gov/public_disc/ptr-pdfs/2020/20017793.pdf
2020,P,12/3/2020,20017794,Lowenthal,Alan S.,CA47,https://disclosures-clerk.house.gov/public_disc/ptr-pdfs/2020/20017794.pdf
2020,P,12/3/2020,20017795,Lowenthal,Alan S.,CA47,https://disclosures-clerk.house.gov/public_disc/ptr-pdfs/2020/20017795.pdf
2020,P,12/17/2020,20017874,Lowenthal,Alan S.,CA47,https://disclosures-clerk.house.gov/public_disc/ptr-pdfs/2020/20017874.pdf
2020,P,12/17/2020,20017875,Lowenthal,Alan S.,CA47,https://disclosures-clerk.house.gov/public_disc/ptr-pdfs/2020/20017875.pdf
2020,P,7/1/2022,8219062,Malinowski,Tom,NJ07,https://disclosures-clerk.house.gov/public_disc/ptr-pdfs/2020/8219062.pdf
2020,P,2/19/2020,20016074,Maloney,Carolyn B.,NY12,https://disclosures-clerk.house.gov/public_disc/ptr-pdfs/2020/20016074.pdf
2020,P,7/31/2020,20016737,Maloney,Carolyn B.,NY12,https://disclosures-clerk.house.gov/public_disc/ptr-pdfs/2020/20016737.pdf
2020,P,6/26/2020,8217343,Marchant,Kenny,TX24,https://disclosures-clerk.house.gov/public_disc/ptr-pdfs/2020/8217343.pdf
2020,P,12/11/2020,8217769,Marchant,Kenny,TX24,https://disclosures-clerk.house.gov/public_disc/ptr-pdfs/2020/8217769.pdf
2020,P,12/29/2020,8217786,Marchant,Kenny,TX24,https://disclosures-clerk.house.gov/public_disc/ptr-pdfs/2020/8217786.pdf
2020,P,1/9/2020,20013879,Marshall,Roger W.,KS01,https://disclosures-clerk.house.gov/public_disc/ptr-pdfs/2020/20013879.pdf
2020,P,6/3/2020,20016692,Marshall,Roger W.,KS01,https://disclosures-clerk.house.gov/public_disc/ptr-pdfs/2020/20016692.pdf
2020,P,7/2/2020,20016871,Marshall,Roger W.,KS01,https://disclosures-clerk.house.gov/public_disc/ptr-pdfs/2020/20016871.pdf
2020,P,10/13/2020,20017513,Marshall,Roger W.,KS01,https://disclosures-clerk.house.gov/public_disc/ptr-pdfs/2020/20017513.pdf
2020,P,7/16/2020,20016969,Massie,Thomas,KY04,https://disclosures-clerk.house.gov/public_disc/ptr-pdfs/2020/20016969.pdf
2020,P,2/3/2020,20014991,Mast,Brian,FL18,https://disclosures-clerk.house.gov/public_disc/ptr-pdfs/2020/20014991.pdf
2020,P,3/4/2020,20016167,Mast,Brian,FL18,https://disclosures-clerk.house.gov/public_disc/ptr-pdfs/2020/20016167.pdf
2020,P,5/4/2020,20016535,Mast,Brian,FL18,https://disclosures-clerk.house.gov/public_disc/ptr-pdfs/2020/20016535.pdf
2020,P,6/4/2020,20016715,Mast,Brian,FL18,https://disclosures-clerk.house.gov/public_disc/ptr-pdfs/2020/20016715.pdf
2020,P,8/14/2020,20017194,Mast,Brian,FL18,https://disclosures-clerk.house.gov/public_disc/ptr-pdfs/2020/20017194.pdf
2020,P,9/9/2020,20017324,Mast,Brian,FL18,https://disclosures-clerk.house.gov/public_disc/ptr-pdfs/2020/20017324.pdf
2020,P,10/15/2020,20017526,Mast,Brian,FL18,https://disclosures-clerk.house.gov/public_disc/ptr-pdfs/2020/20017526.pdf
2020,P,12/1/2020,20017772,Mast,Brian,FL18,https://disclosures-clerk.house.gov/public_disc/ptr-pdfs/2020/20017772.pdf
2020,P,2/19/2020,8216973,McCaul,Michael T.,TX10,https://disclosures-clerk.house.gov/public_disc/ptr-pdfs/2020/8216973.pdf
2020,P,4/20/2020,8217166,McCaul,Michael T.,TX10,https://disclosures-clerk.house.gov/public_disc/ptr-pdfs/2020/8217166.pdf
2020,P,5/6/2020,8217208,McCaul,Michael T.,TX10,https://disclosures-clerk.house.gov/public_disc/ptr-pdfs/2020/8217208.pdf
2020,P,5/6/2020,8217209,McCaul,Michael T.,TX10,https://disclosures-clerk.house.gov/public_disc/ptr-pdfs/2020/8217209.pdf
2020,P,5/18/2020,8217233,McCaul,Michael T.,TX10,https://disclosures-clerk.house.gov/public_disc/ptr-pdfs/2020/8217233.pdf
2020,P,6/15/2020,8217323,McCaul,Michael T.,TX10,https://disclosures-clerk.house.gov/public_disc/ptr-pdfs/2020/8217323.pdf
2020,P,7/22/2020,8217405,McCaul,Michael T.,TX10,https://disclosures-clerk.house.gov/public_disc/ptr-pdfs/2020/8217405.pdf
2020,P,8/20/2020,8217570,McCaul,Michael T.,TX10,https://disclosures-clerk.house.gov/public_disc/ptr-pdfs/2020/8217570.pdf
2020,P,9/22/2020,8217659,McCaul,Michael T.,TX10,https://disclosures-clerk.house.gov/public_disc/ptr-pdfs/2020/8217659.pdf
2020,P,10/16/2020,8217680,McCaul,Michael T.,TX10,https://disclosures-clerk.house.gov/public_disc/ptr-pdfs/2020/8217680.pdf
2020,P,11/30/2020,8217747,McCaul,Michael T.,TX10,https://disclosures-clerk.house.gov/public_disc/ptr-pdfs/2020/8217747.pdf
2020,P,1/7/2021,8217799,McCaul,Michael T.,TX10,https://disclosures-clerk.house.gov/public_disc/ptr-pdfs/2020/8217799.pdf
2020,P,1/25/2021,8217819,McCaul,Michael T.,TX10,https://disclosures-clerk.house.gov/public_disc/ptr-pdfs/2020/8217819.pdf
2020,P,1/6/2020,20013840,McKinley,David B.,WV01,https://disclosures-clerk.house.gov/public_disc/ptr-pdfs/2020/20013840.pdf
2020,P,4/15/2020,20016342,McKinley,David B.,WV01,https://disclosures-clerk.house.gov/public_disc/ptr-pdfs/2020/20016342.pdf
2020,P,5/15/2020,20016540,McKinley,David B.,WV01,https://disclosures-clerk.house.gov/public_disc/ptr-pdfs/2020/20016540.pdf
2020,P,6/3/2020,20016699,McKinley,David B.,WV01,https://disclosures-clerk.house.gov/public_disc/ptr-pdfs/2020/20016699.pdf
2020,P,7/10/2020,20016866,McKinley,David B.,WV01,https://disclosures-clerk.house.gov/public_disc/ptr-pdfs/2020/20016866.pdf
2020,P,9/3/2020,20017274,McKinley,David B.,WV01,https://disclosures-clerk.house.gov/public_disc/ptr-pdfs/2020/20017274.pdf
2020,P,11/12/2020,20017612,McKinley,David B.,WV01,https://disclosures-clerk.house.gov/public_disc/ptr-pdfs/2020/20017612.pdf
2020,P,8/11/2020,20017020,Meng,Grace,NY06,https://disclosures-clerk.house.gov/public_disc/ptr-pdfs/2020/20017020.pdf
2020,P,8/13/2020,20017182,Meuser,Daniel,PA09,https://disclosures-clerk.house.gov/public_disc/ptr-pdfs/2020/20017182.pdf
2020,P,8/12/2020,20017172,Miller,Carol Devine,WV03,https://disclosures-clerk.house.gov/public_disc/ptr-pdfs/2020/20017172.pdf
2020,P,8/12/2020,20017174,Miller,Carol Devine,WV03,https://disclosures-clerk.house.gov/public_disc/ptr-pdfs/2020/20017174.pdf
2020,P,9/14/2020,20017362,Miller,Carol Devine,WV03,https://disclosures-clerk.house.gov/public_disc/ptr-pdfs/2020/20017362.pdf
2020,P,7/9/2020,20016922,Morelle,Joseph D.,NY25,https://disclosures-clerk.house.gov/public_disc/ptr-pdfs/2020/20016922.pdf
2020,P,12/9/2020,20017819,Morelle,Joseph D.,NY25,https://disclosures-clerk.house.gov/public_disc/ptr-pdfs/2020/20017819.pdf
2020,P,3/7/2020,20016183,Norton,Eleanor Holmes,DC00,https://disclosures-clerk.house.gov/public_disc/ptr-pdfs/2020/20016183.pdf
2020,P,7/9/2020,20016917,Norton,Eleanor Holmes,DC00,https://disclosures-clerk.house.gov/public_disc/ptr-pdfs/2020/20016917.pdf
2020,P,4/17/2020,20016423,O'Halleran,Tom,AZ01,https://disclosures-clerk.house.gov/public_disc/ptr-pdfs/2020/20016423.pdf
2020,P,10/20/2020,20017541,Pallone,Frank,NJ06,https://disclosures-clerk.house.gov/public_disc/ptr-pdfs/2020/20017541.pdf
2020,P,7/31/2020,20017017,Pascrell,Bill,NJ09,https://disclosures-clerk.house.gov/public_disc/ptr-pdfs/2020/20017017.pdf
2020,P,2/11/2020,20015042,Pelosi,Nancy,CA12,https://disclosures-clerk.house.gov/public_disc/ptr-pdfs/2020/20015042.pdf
2020,P,3/3/2020,20016155,Pelosi,Nancy,CA12,https://disclosures-clerk.house.gov/public_disc/ptr-pdfs/2020/20016155.pdf
2020,P,4/1/2020,20016340,Pelosi,Nancy,CA12,https://disclosures-clerk.house.gov/public_disc/ptr-pdfs/2020/20016340.pdf
2020,P,6/9/2020,20016726,Pelosi,Nancy,CA12,https://disclosures-clerk.house.gov/public_disc/ptr-pdfs/2020/20016726.pdf
2020,P,7/20/2020,20016961,Pelosi,Nancy,CA12,https://disclosures-clerk.house.gov/public_disc/ptr-pdfs/2020/20016961.pdf
2020,P,9/3/2020,20017123,Pelosi,Nancy,CA12,https://disclosures-clerk.house.gov/public_disc/ptr-pdfs/2020/20017123.pdf
2020,P,10/4/2020,20017460,Pelosi,Nancy,CA12,https://disclosures-clerk.house.gov/public_disc/ptr-pdfs/2020/20017460.pdf
2020,P,12/10/2020,20017834,Pelosi,Nancy,CA12,https://disclosures-clerk.house.gov/public_disc/ptr-pdfs/2020/20017834.pdf
2020,P,4/6/2020,20016365,Perlmutter,Ed,CO07,https://disclosures-clerk.house.gov/public_disc/ptr-pdfs/2020/20016365.pdf
2020,P,6/10/2020,20016738,Perlmutter,Ed,CO07,https://disclosures-clerk.house.gov/public_disc/ptr-pdfs/2020/20016738.pdf
2020,P,8/13/2020,20017187,Perlmutter,Ed,CO07,https://disclosures-clerk.house.gov/public_disc/ptr-pdfs/2020/20017187.pdf
2020,P,9/29/2020,20017443,Perlmutter,Ed,CO07,https://disclosures-clerk.house.gov/public_disc/ptr-pdfs/2020/20017443.pdf
2020,P,11/11/2020,20017676,Perlmutter,Ed,CO07,https://disclosures-clerk.house.gov/public_disc/ptr-pdfs/2020/20017676.pdf
2020,P,12/22/2020,20017902,Perlmutter,Ed,CO07,https://disclosures-clerk.house.gov/public_disc/ptr-pdfs/2020/20017902.pdf
2020,P,2/17/2020,20015024,Peters,Scott H.,CA52,https://disclosures-clerk.house.gov/public_disc/ptr-pdfs/2020/20015024.pdf
2020,P,4/14/2020,20016400,Peters,Scott H.,CA52,https://disclosures-clerk.house.gov/public_disc/ptr-pdfs/2020/20016400.pdf
2020,P,5/14/2020,20016586,Peters,Scott H.,CA52,https://disclosures-clerk.house.gov/public_disc/ptr-pdfs/2020/20016586.pdf
2020,P,6/12/2020,20016735,Peters,Scott H.,CA52,https://disclosures-clerk.house.gov/public_disc/ptr-pdfs/2020/20016735.pdf
2020,P,7/12/2020,20016923,Peters,Scott H.,CA52,https://disclosures-clerk.house.gov/public_disc/ptr-pdfs/2020/20016923.pdf
2020,P,8/13/2020,20017148,Peters,Scott H.,CA52,https://disclosures-clerk.house.gov/public_disc/ptr-pdfs/2020/20017148.pdf
2020,P,9/13/2020,20017351,Peters,Scott H.,CA52,https://disclosures-clerk.house.gov/public_disc/ptr-pdfs/2020/20017351.pdf
2020,P,10/13/2020,20017509,Peters,Scott H.,CA52,https://disclosures-clerk.house.gov/public_disc/ptr-pdfs/2020/20017509.pdf
2020,P,11/12/2020,20017661,Peters,Scott H.,CA52,https://disclosures-clerk.house.gov/public_disc/ptr-pdfs/2020/20017661.pdf
2020,P,12/18/2020,20017873,Peters,Scott H.,CA52,https://disclosures-clerk.house.gov/public_disc/ptr-pdfs/2020/20017873.pdf
2020,P,1/9/2020,20013881,Phillips,Dean,MN03,https://disclosures-clerk.house.gov/public_disc/ptr-pdfs/2020/20013881.pdf
2020,P,2/7/2020,20015014,Phillips,Dean,MN03,https://disclosures-clerk.house.gov/public_disc/ptr-pdfs/2020/20015014.pdf
2020,P,3/12/2020,20016196,Phillips,Dean,MN03,https://disclosures-clerk.house.gov/public_disc/ptr-pdfs/2020/20016196.pdf
2020,P,4/10/2020,20016369,Phillips,Dean,MN03,https://disclosures-clerk.house.gov/public_disc/ptr-pdfs/2020/20016369.pdf
2020,P,5/7/2020,20016559,Phillips,Dean,MN03,https://disclosures-clerk.house.gov/public_disc/ptr-pdfs/2020/20016559.pdf
2020,P,6/15/2020,20016759,Phillips,Dean,MN03,https://disclosures-clerk.house.gov/public_disc/ptr-pdfs/2020/20016759.pdf
2020,P,7/7/2020,20016896,Phillips,Dean,MN03,https://disclosures-clerk.house.gov/public_disc/ptr-pdfs/2020/20016896.pdf
2020,P,8/9/2020,20017129,Phillips,Dean,MN03,https://disclosures-clerk.house.gov/public_disc/ptr-pdfs/2020/20017129.pdf
2020,P,9/11/2020,20017340,Phillips,Dean,MN03,https://disclosures-clerk.house.gov/public_disc/ptr-pdfs/2020/20017340.pdf
2020,P,10/9/2020,20017490,Phillips,Dean,MN03,https://disclosures-clerk.house.gov/public_disc/ptr-pdfs/2020/20017490.pdf
2020,P,11/11/2020,20017677,Phillips,Dean,MN03,https://disclosures-clerk.house.gov/public_disc/ptr-pdfs/2020/20017677.pdf
2020,P,12/11/2020,20017820,Phillips,Dean,MN03,https://disclosures-clerk.house.gov/public_disc/ptr-pdfs/2020/20017820.pdf
2020,P,2/5/2020,20014996,Pingree,Chellie,ME01,https://disclosures-clerk.house.gov/public_disc/ptr-pdfs/2020/20014996.pdf
2020,P,8/10/2020,20017109,Pingree,Chellie,ME01,https://disclosures-clerk.house.gov/public_disc/ptr-pdfs/2020/20017109.pdf
2020,P,2/4/2020,20015008,Price,David E.,NC04,https://disclosures-clerk.house.gov/public_disc/ptr-pdfs/2020/20015008.pdf
2020,P,4/3/2020,20016354,Price,David E.,NC04,https://disclosures-clerk.house.gov/public_disc/ptr-pdfs/2020/20016354.pdf
2020,P,5/18/2020,20016619,Price,David E.,NC04,https://disclosures-clerk.house.gov/public_disc/ptr-pdfs/2020/20016619.pdf
2020,P,6/9/2020,20016736,Price,David E.,NC04,https://disclosures-clerk.house.gov/public_disc/ptr-pdfs/2020/20016736.pdf
2020,P,8/5/2020,20017095,Price,David E.,NC04,https://disclosures-clerk.house.gov/public_disc/ptr-pdfs/2020/20017095.pdf
2020,P,11/6/2020,20017653,Price,David E.,NC04,https://disclosures-clerk.house.gov/public_disc/ptr-pdfs/2020/20017653.pdf
2020,P,1/13/2020,20013909,Rice,Tom,SC07,https://disclosures-clerk.house.gov/public_disc/ptr-pdfs/2020/20013909.pdf
2020,P,3/2/2020,20016152,Rice,Tom,SC07,https://disclosures-clerk.house.gov/public_disc/ptr-pdfs/2020/20016152.pdf
2020,P,3/16/2020,20016251,Rice,Tom,SC07,https://disclosures-clerk.house.gov/public_disc/ptr-pdfs/2020/20016251.pdf
2020,P,4/23/2020,20016465,Rice,Tom,SC07,https://disclosures-clerk.house.gov/public_disc/ptr-pdfs/2020/20016465.pdf
2020,P,2/14/2020,8216972,Roe,David P.,TN01,https://disclosures-clerk.house.gov/public_disc/ptr-pdfs/2020/8216972.pdf
2020,P,3/12/2020,8217084,Roe,David P.,TN01,https://disclosures-clerk.house.gov/public_disc/ptr-pdfs/2020/8217084.pdf
2020,P,4/7/2020,8217121,Roe,David P.,TN01,https://disclosures-clerk.house.gov/public_disc/ptr-pdfs/2020/8217121.pdf
2020,P,5/15/2020,8217226,Roe,David P.,TN01,https://disclosures-clerk.house.gov/public_disc/ptr-pdfs/2020/8217226.pdf
2020,P,6/9/2020,8217291,Roe,David P.,TN01,https://disclosures-clerk.house.gov/public_disc/ptr-pdfs/2020/8217291.pdf
2020,P,7/14/2020,8217378,Roe,David P.,TN01,https://disclosures-clerk.house.gov/public_disc/ptr-pdfs/2020/8217378.pdf
2020,P,8/11/2020,8217489,Roe,David P.,TN01,https://disclosures-clerk.house.gov/public_disc/ptr-pdfs/2020/8217489.pdf
2020,P,9/15/2020,8217646,Roe,David P.,TN01,https://disclosures-clerk.house.gov/public_disc/ptr-pdfs/2020/8217646.pdf
2020,P,10/8/2020,8217677,Roe,David P.,TN01,https://disclosures-clerk.house.gov/public_disc/ptr-pdfs/2020/8217677.pdf
2020,P,11/16/2020,8217728,Roe,David P.,TN01,https://disclosures-clerk.house.gov/public_disc/ptr-pdfs/2020/8217728.pdf
2020,P,12/11/2020,8217770,Roe,David P.,TN01,https://disclosures-clerk.house.gov/public_disc/ptr-pdfs/2020/8217770.pdf
2020,P,1/15/2021,8217813,Roe,David P.,TN01,https://disclosures-clerk.house.gov/public_disc/ptr-pdfs/2020/8217813.pdf
2020,P,2/19/2020,8216974,Rogers,Harold Dallas,KY05,https://disclosures-clerk.house.gov/public_disc/ptr-pdfs/2020/8216974.pdf
2020,P,3/20/2020,8217103,Rogers,Harold Dallas,KY05,https://disclosures-clerk.house.gov/public_disc/ptr-pdfs/2020/8217103.pdf
2020,P,5/11/2020,8217212,Rogers,Harold Dallas,KY05,https://disclosures-clerk.house.gov/public_disc/ptr-pdfs/2020/8217212.pdf
2020,P,6/11/2020,8217324,Rogers,Harold Dallas,KY05,https://disclosures-clerk.house.gov/public_disc/ptr-pdfs/2020/8217324.pdf
2020,P,6/11/2020,8217326,Rogers,Harold Dallas,KY05,https://disclosures-clerk.house.gov/public_disc/ptr-pdfs/2020/8217326.pdf
2020,P,7/2/2020,8217365,Rogers,Harold Dallas,KY05,https://disclosures-clerk.house.gov/public_disc/ptr-pdfs/2020/8217365.pdf
2020,P,9/9/2020,8217631,Rogers,Harold Dallas,KY05,https://disclosures-clerk.house.gov/public_disc/ptr-pdfs/2020/8217631.pdf
2020,P,9/9/2020,8217632,Rogers,Harold Dallas,KY05,https://disclosures-clerk.house.gov/public_disc/ptr-pdfs/2020/8217632.pdf
2020,P,10/16/2020,8217682,Rogers,Harold Dallas,KY05,https://disclosures-clerk.house.gov/public_disc/ptr-pdfs/2020/8217682.pdf
2020,P,11/19/2020,8217743,Rogers,Harold Dallas,KY05,https://disclosures-clerk.house.gov/public_disc/ptr-pdfs/2020/8217743.pdf
2020,P,12/14/2020,8217772,Rogers,Harold Dallas,KY05,https://disclosures-clerk.house.gov/public_disc/ptr-pdfs/2020/8217772.pdf
2020,P,1/6/2021,8217802,Rogers,Harold Dallas,KY05,https://disclosures-clerk.house.gov/public_disc/ptr-pdfs/2020/8217802.pdf
2020,P,1/15/2020,8216915,Rooney,Francis,FL19,https://disclosures-clerk.house.gov/public_disc/ptr-pdfs/2020/8216915.pdf
2020,P,2/25/2020,8217006,Rooney,Francis,FL19,https://disclosures-clerk.house.gov/public_disc/ptr-pdfs/2020/8217006.pdf
2020,P,3/25/2020,8217114,Rooney,Francis,FL19,https://disclosures-clerk.house.gov/public_disc/ptr-pdfs/2020/8217114.pdf
2020,P,4/29/2020,8217188,Rooney,Francis,FL19,https://disclosures-clerk.house.gov/public_disc/ptr-pdfs/2020/8217188.pdf
2020,P,5/27/2020,8217281,Rooney,Francis,FL19,https://disclosures-clerk.house.gov/public_disc/ptr-pdfs/2020/8217281.pdf
2020,P,6/26/2020,8217345,Rooney,Francis,FL19,https://disclosures-clerk.house.gov/public_disc/ptr-pdfs/2020/8217345.pdf
2020,P,7/28/2020,8217419,Rooney,Francis,FL19,https://disclosures-clerk.house.gov/public_disc/ptr-pdfs/2020/8217419.pdf
2020,P,8/25/2020,8217604,Rooney,Francis,FL19,https://disclosures-clerk.house.gov/public_disc/ptr-pdfs/2020/8217604.pdf
2020,P,10/5/2020,8217674,Rooney,Francis,FL19,https://disclosures-clerk.house.gov/public_disc/ptr-pdfs/2020/8217674.pdf
2020,P,10/29/2020,8217692,Rooney,Francis,FL19,https://disclosures-clerk.house.gov/public_disc/ptr-pdfs/2020/8217692.pdf
2020,P,11/25/2020,8217744,Rooney,Francis,FL19,https://disclosures-clerk.house.gov/public_disc/ptr-pdfs/2020/8217744.pdf
2020,P,12/29/2020,8217791,Rooney,Francis,FL19,https://disclosures-clerk.house.gov/public_disc/ptr-pdfs/2020/8217791.pdf
2020,P,2/3/2021,8217839,Rooney,Francis,FL19,https://disclosures-clerk.house.gov/public_disc/ptr-pdfs/2020/8217839.pdf
2020,P,4/1/2020,20012154,Rouda,Harley E.,CA48,https://disclosures-clerk.house.gov/public_disc/ptr-pdfs/2020/20012154.pdf
2020,P,8/13/2020,20017090,Rouda,Harley E.,CA48,https://disclosures-clerk.house.gov/public_disc/ptr-pdfs/2020/20017090.pdf
2020,P,2/27/2020,20016128,Rouzer,David Cheston,NC07,https://disclosures-clerk.house.gov/public_disc/ptr-pdfs/2020/20016128.pdf
2020,P,5/13/2020,20016593,Rouzer,David Cheston,NC07,https://disclosures-clerk.house.gov/public_disc/ptr-pdfs/2020/20016593.pdf
2020,P,9/28/2020,20017436,Rouzer,David Cheston,NC07,https://disclosures-clerk.house.gov/public_disc/ptr-pdfs/2020/20017436.pdf
2020,P,1/23/2020,20014952,Rutherford,John,FL04,https://disclosures-clerk.house.gov/public_disc/ptr-pdfs/2020/20014952.pdf
2020,P,5/1/2020,20016514,Rutherford,John,FL04,https://disclosures-clerk.house.gov/public_disc/ptr-pdfs/2020/20016514.pdf
2020,P,7/29/2020,20017040,Rutherford,John,FL04,https://disclosures-clerk.house.gov/public_disc/ptr-pdfs/2020/20017040.pdf
2020,P,10/20/2020,20017563,Rutherford,John,FL04,https://disclosures-clerk.house.gov/public_disc/ptr-pdfs/2020/20017563.pdf
2020,P,9/13/2020,20017356,Sanchez,Linda T.,CA38,https://disclosures-clerk.house.gov/public_disc/ptr-pdfs/2020/20017356.pdf
2020,P,1/8/2020,8216880,Schiff,Adam B.,CA28,https://disclosures-clerk.house.gov/public_disc/ptr-pdfs/2020/8216880.pdf
2020,P,7/9/2020,8217364,Schiff,Adam B.,CA28,https://disclosures-clerk.house.gov/public_disc/ptr-pdfs/2020/8217364.pdf
2020,P,12/9/2020,20017832,Schneider,Bradley S.,IL10,https://disclosures-clerk.house.gov/public_disc/ptr-pdfs/2020/20017832.pdf
2020,P,12/18/2020,20017877,Schneider,Bradley S.,IL10,https://disclosures-clerk.house.gov/public_disc/ptr-pdfs/2020/20017877.pdf
2020,P,12/18/2020,20017878,Schneider,Bradley S.,IL10,https://disclosures-clerk.house.gov/public_disc/ptr-pdfs/2020/20017878.pdf
2020,P,12/18/2020,20017879,Schneider,Bradley S.,IL10,https://disclosures-clerk.house.gov/public_disc/ptr-pdfs/2020/20017879.pdf
2020,P,2/6/2020,8216960,Schrader,Kurt,OR05,https://disclosures-clerk.house.gov/public_disc/ptr-pdfs/2020/8216960.pdf
2020,P,3/4/2020,8217051,Schrader,Kurt,OR05,https://disclosures-clerk.house.gov/public_disc/ptr-pdfs/2020/8217051.pdf
2020,P,4/9/2020,8217141,Schrader,Kurt,OR05,https://disclosures-clerk.house.gov/public_disc/ptr-pdfs/2020/8217141.pdf
2020,P,5/15/2020,8217225,Schrader,Kurt,OR05,https://disclosures-clerk.house.gov/public_disc/ptr-pdfs/2020/8217225.pdf
2020,P,6/24/2020,8217339,Schrader,Kurt,OR05,https://disclosures-clerk.house.gov/public_disc/ptr-pdfs/2020/8217339.pdf
2020,P,7/22/2020,8217406,Schrader,Kurt,OR05,https://disclosures-clerk.house.gov/public_disc/ptr-pdfs/2020/8217406.pdf
2020,P,9/17/2020,8217654,Schrader,Kurt,OR05,https://disclosures-clerk.house.gov/public_disc/ptr-pdfs/2020/8217654.pdf
2020,P,10/28/2020,8217689,Schrader,Kurt,OR05,https://disclosures-clerk.house.gov/public_disc/ptr-pdfs/2020/8217689.pdf
2020,P,11/20/2020,8217745,Schrader,Kurt,OR05,https://disclosures-clerk.house.gov/public_disc/ptr-pdfs/2020/8217745.pdf
2020,P,12/23/2020,8217789,Schrader,Kurt,OR05,https://disclosures-clerk.house.gov/public_disc/ptr-pdfs/2020/8217789.pdf
2020,P,1/28/2021,8217824,Schrader,Kurt,OR05,https://disclosures-clerk.house.gov/public_disc/ptr-pdfs/2020/8217824.pdf
2020,P,1/29/2020,20014972,Schrier,Kim,WA08,https://disclosures-clerk.house.gov/public_disc/ptr-pdfs/2020/20014972.pdf
2020,P,3/8/2020,20016189,Schrier,Kim,WA08,https://disclosures-clerk.house.gov/public_disc/ptr-pdfs/2020/20016189.pdf
2020,P,2/26/2020,9115545,Scott,Austin,GA08,https://disclosures-clerk.house.gov/public_disc/ptr-pdfs/2020/9115545.pdf
2020,P,9/20/2020,20017399,Scott,Austin,GA08,https://disclosures-clerk.house.gov/public_disc/ptr-pdfs/2020/20017399.pdf
2020,P,12/30/2020,20017929,Scott,Austin,GA08,https://disclosures-clerk.house.gov/public_disc/ptr-pdfs/2020/20017929.pdf
2020,P,6/25/2020,20016837,Scott,"Robert C. ""Bobby""",VA03,https://disclosures-clerk.house.gov/public_disc/ptr-pdfs/2020/20016837.pdf
2020,P,4/27/2020,20016481,Shalala,Donna,FL27,https://disclosures-clerk.house.gov/public_disc/ptr-pdfs/2020/20016481.pdf
2020,P,5/15/2020,20016566,Shalala,Donna,FL27,https://disclosures-clerk.house.gov/public_disc/ptr-pdfs/2020/20016566.pdf
2020,P,6/23/2020,20016829,Shalala,Donna,FL27,https://disclosures-clerk.house.gov/public_disc/ptr-pdfs/2020/20016829.pdf
2020,P,7/21/2020,20016984,Shalala,Donna,FL27,https://disclosures-clerk.house.gov/public_disc/ptr-pdfs/2020/20016984.pdf
2020,P,1/3/2020,20012366,Sherrill,Mikie,NJ11,https://disclosures-clerk.house.gov/public_disc/ptr-pdfs/2020/20012366.pdf
2020,P,1/10/2020,20013877,Sherrill,Mikie,NJ11,https://disclosures-clerk.house.gov/public_disc/ptr-pdfs/2020/20013877.pdf
2020,P,2/19/2020,20015059,Sherrill,Mikie,NJ11,https://disclosures-clerk.house.gov/public_disc/ptr-pdfs/2020/20015059.pdf
2020,P,3/23/2020,20016170,Sherrill,Mikie,NJ11,https://disclosures-clerk.house.gov/public_disc/ptr-pdfs/2020/20016170.pdf
2020,P,4/5/2020,20016323,Sherrill,Mikie,NJ11,https://disclosures-clerk.house.gov/public_disc/ptr-pdfs/2020/20016323.pdf
2020,P,6/1/2020,20016694,Simpson,Michael K.,ID02,https://disclosures-clerk.house.gov/public_disc/ptr-pdfs/2020/20016694.pdf
2020,P,6/17/2020,20016803,Simpson,Michael K.,ID02,https://disclosures-clerk.house.gov/public_disc/ptr-pdfs/2020/20016803.pdf
2020,P,9/4/2020,20017295,Simpson,Michael K.,ID02,https://disclosures-clerk.house.gov/public_disc/ptr-pdfs/2020/20017295.pdf
2020,P,1/24/2020,20014943,Smucker,Lloyd K.,PA11,https://disclosures-clerk.house.gov/public_disc/ptr-pdfs/2020/20014943.pdf
2020,P,11/9/2020,20017042,Smucker,Lloyd K.,PA11,https://disclosures-clerk.house.gov/public_disc/ptr-pdfs/2020/20017042.pdf
2020,P,3/20/2020,20016276,Spanberger,Abigail,VA07,https://disclosures-clerk.house.gov/public_disc/ptr-pdfs/2020/20016276.pdf
2020,P,4/24/2020,20016477,Steube,W. Greg,FL17,https://disclosures-clerk.house.gov/public_disc/ptr-pdfs/2020/20016477.pdf
2020,P,11/20/2020,20017718,Steube,W. Greg,FL17,https://disclosures-clerk.house.gov/public_disc/ptr-pdfs/2020/20017718.pdf
2020,P,1/7/2020,20013833,Taylor,Nicholas Van,TX03,https://disclosures-clerk.house.gov/public_disc/ptr-pdfs/2020/20013833.pdf
2020,P,2/7/2020,20015002,Taylor,Nicholas Van,TX03,https://disclosures-clerk.house.gov/public_disc/ptr-pdfs/2020/20015002.pdf
2020,P,3/7/2020,20016143,Taylor,Nicholas Van,TX03,https://disclosures-clerk.house.gov/public_disc/ptr-pdfs/2020/20016143.pdf
2020,P,4/13/2020,20016348,Taylor,Nicholas Van,TX03,https://disclosures-clerk.house.gov/public_disc/ptr-pdfs/2020/20016348.pdf
2020,P,6/10/2020,20016703,Taylor,Nicholas Van,TX03,https://disclosures-clerk.house.gov/public_disc/ptr-pdfs/2020/20016703.pdf
2020,P,8/7/2020,20017111,Timmons,William R.,SC04,https://disclosures-clerk.house.gov/public_disc/ptr-pdfs/2020/20017111.pdf
2020,P,8/13/2020,20016927,Trone,David,MD06,https://disclosures-clerk.house.gov/public_disc/ptr-pdfs/2020/20016927.pdf
2020,P,2/19/2020,8216975,Upton,Fred,MI06,https://disclosures-clerk.house.gov/public_disc/ptr-pdfs/2020/8216975.pdf
2020,P,4/6/2020,8217123,Upton,Fred,MI06,https://disclosures-clerk.house.gov/public_disc/ptr-pdfs/2020/8217123.pdf
2020,P,4/24/2020,8217182,Upton,Fred,MI06,https://disclosures-clerk.house.gov/public_disc/ptr-pdfs/2020/8217182.pdf
2020,P,5/12/2020,8217211,Upton,Fred,MI06,https://disclosures-clerk.house.gov/public_disc/ptr-pdfs/2020/8217211.pdf
2020,P,6/12/2020,8217325,Upton,Fred,MI06,https://disclosures-clerk.house.gov/public_disc/ptr-pdfs/2020/8217325.pdf
2020,P,6/24/2020,8217346,Upton,Fred,MI06,https://disclosures-clerk.house.gov/public_disc/ptr-pdfs/2020/8217346.pdf
2020,P,7/17/2020,8217384,Upton,Fred,MI06,https://disclosures-clerk.house.gov/public_disc/ptr-pdfs/2020/8217384.pdf
2020,P,7/28/2020,8217423,Upton,Fred,MI06,https://disclosures-clerk.house.gov/public_disc/ptr-pdfs/2020/8217423.pdf
2020,P,9/9/2020,8217635,Upton,Fred,MI06,https://disclosures-clerk.house.gov/public_disc/ptr-pdfs/2020/8217635.pdf
2020,P,10/16/2020,8217681,Upton,Fred,MI06,https://disclosures-clerk.house.gov/public_disc/ptr-pdfs/2020/8217681.pdf
2020,P,4/3/2020,20016358,Visclosky,Peter J.,IN01,https://disclosures-clerk.house.gov/public_disc/ptr-pdfs/2020/20016358.pdf
2020,P,4/3/2020,20016359,Visclosky,Peter J.,IN01,https://disclosures-clerk.house.gov/public_disc/ptr-pdfs/2020/20016359.pdf
2020,P,11/10/2020,20017674,Visclosky,Peter J.,IN01,https://disclosures-clerk.house.gov/public_disc/ptr-pdfs/2020/20017674.pdf
2020,P,2/4/2020,8216961,Wagner,Ann,MO02,https://disclosures-clerk.house.gov/public_disc/ptr-pdfs/2020/8216961.pdf
2020,P,3/6/2020,8217065,Wagner,Ann,MO02,https://disclosures-clerk.house.gov/public_disc/ptr-pdfs/2020/8217065.pdf
2020,P,12/14/2020,8217771,Wagner,Ann,MO02,https://disclosures-clerk.house.gov/public_disc/ptr-pdfs/2020/8217771.pdf
2020,P,12/29/2020,20017917,Waltz,Michael,FL06,https://disclosures-clerk.house.gov/public_disc/ptr-pdfs/2020/20017917.pdf
2020,P,1/5/2020,20013855,Welch,Peter,VT00,https://disclosures-clerk.house.gov/public_disc/ptr-pdfs/2020/20013855.pdf
2020,P,3/10/2020,20016171,Welch,Peter,VT00,https://disclosures-clerk.house.gov/public_disc/ptr-pdfs/2020/20016171.pdf
2020,P,4/3/2020,20016357,Welch,Peter,VT00,https://disclosures-clerk.house.gov/public_disc/ptr-pdfs/2020/20016357.pdf
2020,P,4/10/2020,20016392,Welch,Peter,VT00,https://disclosures-clerk.house.gov/public_disc/ptr-pdfs/2020/20016392.pdf
2020,P,5/5/2020,20016539,Welch,Peter,VT00,https://disclosures-clerk.house.gov/public_disc/ptr-pdfs/2020/20016539.pdf
2020,P,6/8/2020,20016723,Welch,Peter,VT00,https://disclosures-clerk.house.gov/public_disc/ptr-pdfs/2020/20016723.pdf
2020,P,7/1/2020,20016870,Welch,Peter,VT00,https://disclosures-clerk.house.gov/public_disc/ptr-pdfs/2020/20016870.pdf
2020,P,12/4/2020,20017597,Welch,Peter,VT00,https://disclosures-clerk.house.gov/public_disc/ptr-pdfs/2020/20017597.pdf
2020,P,2/12/2020,20015044,Wittman,Robert J.,VA01,https://disclosures-clerk.house.gov/public_disc/ptr-pdfs/2020/20015044.pdf
2020,P,3/9/2020,20016184,Wittman,Robert J.,VA01,https://disclosures-clerk.house.gov/public_disc/ptr-pdfs/2020/20016184.pdf
2020,P,4/13/2020,20016397,Wittman,Robert J.,VA01,https://disclosures-clerk.house.gov/public_disc/ptr-pdfs/2020/20016397.pdf
2020,P,5/14/2020,20016570,Wittman,Robert J.,VA01,https://disclosures-clerk.house.gov/public_disc/ptr-pdfs/2020/20016570.pdf
2020,P,6/8/2020,20016731,Wittman,Robert J.,VA01,https://disclosures-clerk.house.gov/public_disc/ptr-pdfs/2020/20016731.pdf
2020,P,7/7/2020,20016902,Wittman,Robert J.,VA01,https://disclosures-clerk.house.gov/public_disc/ptr-pdfs/2020/20016902.pdf
2020,P,11/19/2020,20017711,Wittman,Robert J.,VA01,https://disclosures-clerk.house.gov/public_disc/ptr-pdfs/2020/20017711.pdf
2020,P,12/15/2020,20017842,Wittman,Robert J.,VA01,https://disclosures-clerk.house.gov/public_disc/ptr-pdfs/2020/20017842.pdf
2020,P,5/2/2020,20016440,Yarmuth,John A.,KY03,https://disclosures-clerk.house.gov/public_disc/ptr-pdfs/2020/20016440.pdf
2020,P,7/1/2020,20016823,Yarmuth,John A.,KY03,https://disclosures-clerk.house.gov/public_disc/ptr-pdfs/2020/20016823.pdf
2020,P,10/12/2020,20017261,Yarmuth,John A.,KY03,https://disclosures-clerk.house.gov/public_disc/ptr-pdfs/2020/20017261.pdf
2020,P,11/15/2020,20017691,Yarmuth,John A.,KY03,https://disclosures-clerk.house.gov/public_disc/ptr-pdfs/2020/20017691.pdf
2020,P,11/15/2020,20017693,Yarmuth,John A.,KY03,https://disclosures-clerk.house.gov/public_disc/ptr-pdfs/2020/20017693.pdf
2020,P,7/29/2020,8217425,Yoho,Ted S.,FL03,https://disclosures-clerk.house.gov/public_disc/ptr-pdfs/2020/8217425.pdf
2020,P,9/8/2020,8217626,Yoho,Ted S.,FL03,https://disclosures-clerk.house.gov/public_disc/ptr-pdfs/2020/8217626.pdf
