bioguide_id,declarant_name,chamber,party,state_district,committee_membership,committees_key_flag,transaction_date,disclosure_date,ticker,asset_description,asset_type,operation_type,amount_range,amount_midpoint,amount_split_flag,owner,doc_id,source_url,natural_key_hash,provenance,ticker_source,occurrence_index
B001277,RICHARD BLUMENTHAL,senate,Democrat,CT,SSAS13; SSAS14; SSAS17; SSGA01; SSGA20; SSJU01; SSJU22; SSJU25; SSJU28; Senate Committee on Armed Services; Senate Committee on Homeland Security and Governmental Affairs; Senate Committee on Veterans' Affairs; Senate Committee on the Judiciary; United States Senate Caucus on International Narcotics Control,True,2023-11-17,2023-12-15,,"Tacomb Holding NA, LLC (Convertible Promessory Note - Class A Stock)",Corporate Bond,Purchase,"$100,001 - $250,000",175000.5,False,Spouse,8372e04b-ed41-41f2-a780-f4ce4db9cac0,https://efdsearch.senate.gov/search/view/paper/8372e04b-ed41-41f2-a780-f4ce4db9cac0/,109dfbd9ff68b2fd2fa3b7a58f323809ae7cf171ed74bf5ab1abca8d174edbd8,senate-efd-ocr,explicit,0
B001277,RICHARD BLUMENTHAL,senate,Democrat,CT,SSAS13; SSAS14; SSAS17; SSGA01; SSGA20; SSJU01; SSJU22; SSJU25; SSJU28; Senate Committee on Armed Services; Senate Committee on Homeland Security and Governmental Affairs; Senate Committee on Veterans' Affairs; Senate Committee on the Judiciary; United States Senate Caucus on International Narcotics Control,True,2023-11-15,2023-12-15,,"FoxTrot Ventures, Inc (Convertible Promessory Note - Series D Preferred Stock)",Corporate Bond,Purchase,"$100,001 - $250,000",175000.5,False,Spouse,8372e04b-ed41-41f2-a780-f4ce4db9cac0,https://efdsearch.senate.gov/search/view/paper/8372e04b-ed41-41f2-a780-f4ce4db9cac0/,523449567d62e34ed1651b64b7e097fe7e613195a48a4d58e4347379cde27d6d,senate-efd-ocr,explicit,0
B001277,RICHARD BLUMENTHAL,senate,Democrat,CT,SSAS13; SSAS14; SSAS17; SSGA01; SSGA20; SSJU01; SSJU22; SSJU25; SSJU28; Senate Committee on Armed Services; Senate Committee on Homeland Security and Governmental Affairs; Senate Committee on Veterans' Affairs; Senate Committee on the Judiciary; United States Senate Caucus on International Narcotics Control,True,2023-11-14,2023-12-15,IHRT,iHeartMedia Inc (Stock),Stock,Sale,"$100,001 - $250,000",175000.5,False,Spouse,8372e04b-ed41-41f2-a780-f4ce4db9cac0,https://efdsearch.senate.gov/search/view/paper/8372e04b-ed41-41f2-a780-f4ce4db9cac0/,68e0be6be73f72cd8ef4a02d3cec11bbd24fb1d9fdc26709eff1f3f215ba756c,senate-efd-ocr,explicit,0
B001277,RICHARD BLUMENTHAL,senate,Democrat,CT,SSAS13; SSAS14; SSAS17; SSGA01; SSGA20; SSJU01; SSJU22; SSJU25; SSJU28; Senate Committee on Armed Services; Senate Committee on Homeland Security and Governmental Affairs; Senate Committee on Veterans' Affairs; Senate Committee on the Judiciary; United States Senate Caucus on International Narcotics Control,True,2023-11-13,2023-12-15,IHRT,iHeartMedia Inc (Stock),Stock,Sale,"$100,001 - $250,000",175000.5,False,Spouse,8372e04b-ed41-41f2-a780-f4ce4db9cac0,https://efdsearch.senate.gov/search/view/paper/8372e04b-ed41-41f2-a780-f4ce4db9cac0/,5a1739c2bf4042011359cd976eca9655c1fd612663768860e375596a19460fcf,senate-efd-ocr,explicit,0
B001277,RICHARD BLUMENTHAL,senate,Democrat,CT,SSAS13; SSAS14; SSAS17; SSGA01; SSGA20; SSJU01; SSJU22; SSJU25; SSJU28; Senate Committee on Armed Services; Senate Committee on Homeland Security and Governmental Affairs; Senate Committee on Veterans' Affairs; Senate Committee on the Judiciary; United States Senate Caucus on International Narcotics Control,True,2023-11-10,2023-12-15,IHRT,iHeartMedia Inc (Stock),Stock,Sale,"$100,001 - $250,000",175000.5,False,Spouse,8372e04b-ed41-41f2-a780-f4ce4db9cac0,https://efdsearch.senate.gov/search/view/paper/8372e04b-ed41-41f2-a780-f4ce4db9cac0/,305484013a0f89fb56b6864e4169ffaa33d03844d66fd6fb7a649c5fbf49f028,senate-efd-ocr,explicit,0
B001277,RICHARD BLUMENTHAL,senate,Democrat,CT,SSAS13; SSAS14; SSAS17; SSGA01; SSGA20; SSJU01; SSJU22; SSJU25; SSJU28; Senate Committee on Armed Services; Senate Committee on Homeland Security and Governmental Affairs; Senate Committee on Veterans' Affairs; Senate Committee on the Judiciary; United States Senate Caucus on International Narcotics Control,True,2023-11-28,2023-12-15,,Radcliff BR I (Feeder) LLC,Other,Purchase,"$15,001 - $50,000",32500.5,False,Spouse,8372e04b-ed41-41f2-a780-f4ce4db9cac0,https://efdsearch.senate.gov/search/view/paper/8372e04b-ed41-41f2-a780-f4ce4db9cac0/,bb565cd19fa9d721482f8181035f8930e84b70f35500f2a8fe3310dd2a7bafeb,senate-efd-ocr,explicit,0
B001277,RICHARD BLUMENTHAL,senate,Democrat,CT,SSAS13; SSAS14; SSAS17; SSGA01; SSGA20; SSJU01; SSJU22; SSJU25; SSJU28; Senate Committee on Armed Services; Senate Committee on Homeland Security and Governmental Affairs; Senate Committee on Veterans' Affairs; Senate Committee on the Judiciary; United States Senate Caucus on International Narcotics Control,True,2023-08-14,2023-09-19,RADI,Radius Global Infrastructure Inc (Stock)(RADI),Stock,Sale,"$500,001 - $1,000,000",750000.5,False,Spouse,7ebf3c9c-8caf-4b75-8150-e0975727eed8,https://efdsearch.senate.gov/search/view/paper/7ebf3c9c-8caf-4b75-8150-e0975727eed8/,6bc13f5d18e910c11ed14c4b3445a1256b1b9ef60aff0f6d42dfb62043224cc4,senate-efd-ocr,explicit,0
B001277,RICHARD BLUMENTHAL,senate,Democrat,CT,SSAS13; SSAS14; SSAS17; SSGA01; SSGA20; SSJU01; SSJU22; SSJU25; SSJU28; Senate Committee on Armed Services; Senate Committee on Homeland Security and Governmental Affairs; Senate Committee on Veterans' Affairs; Senate Committee on the Judiciary; United States Senate Caucus on International Narcotics Control,True,2023-08-24,2023-09-19,KDP,Keung Dr Pepper Inc (Stock)(KDP),Stock,Sale,"$250,001 - $500,000",375000.5,False,Self,7ebf3c9c-8caf-4b75-8150-e0975727eed8,https://efdsearch.senate.gov/search/view/paper/7ebf3c9c-8caf-4b75-8150-e0975727eed8/,31cc6d2bf41b42fbdf07992f0272f6c5be24d404cab670117b3838ff962b3c39,senate-efd-ocr,explicit,0
B001277,RICHARD BLUMENTHAL,senate,Democrat,CT,SSAS13; SSAS14; SSAS17; SSGA01; SSGA20; SSJU01; SSJU22; SSJU25; SSJU28; Senate Committee on Armed Services; Senate Committee on Homeland Security and Governmental Affairs; Senate Committee on Veterans' Affairs; Senate Committee on the Judiciary; United States Senate Caucus on International Narcotics Control,True,2023-08-14,2023-09-19,RADI,Radius Global Infrastructure Inc (Stock)(RADI),Stock,Sale,"$500,001 - $1,000,000",750000.5,False,Spouse,7ebf3c9c-8caf-4b75-8150-e0975727eed8,https://efdsearch.senate.gov/search/view/paper/7ebf3c9c-8caf-4b75-8150-e0975727eed8/,6bc13f5d18e910c11ed14c4b3445a1256b1b9ef60aff0f6d42dfb62043224cc4,senate-efd-ocr,explicit,1
B001277,RICHARD BLUMENTHAL,senate,Democrat,CT,SSAS13; SSAS14; SSAS17; SSGA01; SSGA20; SSJU01; SSJU22; SSJU25; SSJU28; Senate Committee on Armed Services; Senate Committee on Homeland Security and Governmental Affairs; Senate Committee on Veterans' Affairs; Senate Committee on the Judiciary; United States Senate Caucus on International Narcotics Control,True,2023-07-25,2023-09-05,,Peter L Malkin Family 9 LLC: Brazilian SELIC (LFT) Bonds (Held by BTG),Other,Purchase,"$100,001 - $250,000",175000.5,False,Spouse,f805b510-6697-47ac-a54c-91449afcc3be,https://efdsearch.senate.gov/search/view/paper/f805b510-6697-47ac-a54c-91449afcc3be/,1231b1981700e9e73e05b11b0e410391e4b125b341535bba900c5d4fc0734e1c,senate-efd-ocr,explicit,0
B001277,RICHARD BLUMENTHAL,senate,Democrat,CT,SSAS13; SSAS14; SSAS17; SSGA01; SSGA20; SSJU01; SSJU22; SSJU25; SSJU28; Senate Committee on Armed Services; Senate Committee on Homeland Security and Governmental Affairs; Senate Committee on Veterans' Affairs; Senate Committee on the Judiciary; United States Senate Caucus on International Narcotics Control,True,2023-07-25,2023-09-05,,Peter L Malkin Family 2000 LLC: Brazilian SELIC (LFT) Bonds (Held by BTG),Other,Purchase,"$1,001 - $15,000",8000.5,False,Spouse,f805b510-6697-47ac-a54c-91449afcc3be,https://efdsearch.senate.gov/search/view/paper/f805b510-6697-47ac-a54c-91449afcc3be/,8eb4f3ff9624b404cc3b9e77c04e719575ca99c25a79dc3472005bad06758481,senate-efd-ocr,explicit,0
B001277,RICHARD BLUMENTHAL,senate,Democrat,CT,SSAS13; SSAS14; SSAS17; SSGA01; SSGA20; SSJU01; SSJU22; SSJU25; SSJU28; Senate Committee on Armed Services; Senate Committee on Homeland Security and Governmental Affairs; Senate Committee on Veterans' Affairs; Senate Committee on the Judiciary; United States Senate Caucus on International Narcotics Control,True,2023-07-26,2023-09-05,,Peter L Malkin Family 2000 LLC: Radcliff ZBS I (Feeder) LLC,Other,Purchase,"$15,001 - $50,000",32500.5,False,Spouse,f805b510-6697-47ac-a54c-91449afcc3be,https://efdsearch.senate.gov/search/view/paper/f805b510-6697-47ac-a54c-91449afcc3be/,15b8ef683ebc218755da0eff08108c39c60791ec6c4a7a872f728e9933859bb8,senate-efd-ocr,explicit,0
B001236,JOHN BOOZMAN,senate,Republican,AR,"Commission on Security and Cooperation in Europe; SSAF13; SSAF14; SSAF15; SSAF16; SSAF17; SSAP02; SSAP18; SSAP19; SSAP20; SSAP23; SSAP24; SSEV08; SSEV10; SSEV15; Senate Committee on Agriculture, Nutrition, and Forestry; Senate Committee on Appropriations; Senate Committee on Environment and Public Works; Senate Committee on Rules and Administration; Senate Committee on Veterans' Affairs",False,2023-07-06,2023-08-21,IEI,iShares Barclays 3-7 Yr Tsy Bd Fd,,Sale,"$1,001 - $15,000",8000.5,False,Self,85d6ffc4-9aab-4548-ae3a-439fb20a9ccc,https://efdsearch.senate.gov/search/view/paper/85d6ffc4-9aab-4548-ae3a-439fb20a9ccc/,49bfac9aea693f27263ef1597d1f4f0771d0ae29468d28e83baf56a8f1b173c0,senate-efd-ocr,explicit,0
B001236,JOHN BOOZMAN,senate,Republican,AR,"Commission on Security and Cooperation in Europe; SSAF13; SSAF14; SSAF15; SSAF16; SSAF17; SSAP02; SSAP18; SSAP19; SSAP20; SSAP23; SSAP24; SSEV08; SSEV10; SSEV15; Senate Committee on Agriculture, Nutrition, and Forestry; Senate Committee on Appropriations; Senate Committee on Environment and Public Works; Senate Committee on Rules and Administration; Senate Committee on Veterans' Affairs",False,2023-07-06,2023-08-21,TLT,iShares Barclays 20 Plus Year Treasury Bond Fund,Municipal Security,Purchase,"$1,001 - $15,000",8000.5,False,Self,85d6ffc4-9aab-4548-ae3a-439fb20a9ccc,https://efdsearch.senate.gov/search/view/paper/85d6ffc4-9aab-4548-ae3a-439fb20a9ccc/,88d3d98ac42c8ce93d2faa8f7574b428bb81154749d1c93a69dbe5495f423413,senate-efd-ocr,explicit,0
B001277,RICHARD BLUMENTHAL,senate,Democrat,CT,SSAS13; SSAS14; SSAS17; SSGA01; SSGA20; SSJU01; SSJU22; SSJU25; SSJU28; Senate Committee on Armed Services; Senate Committee on Homeland Security and Governmental Affairs; Senate Committee on Veterans' Affairs; Senate Committee on the Judiciary; United States Senate Caucus on International Narcotics Control,True,2023-06-29,2023-08-07,HOOD,Peter L Malkin Family 9 LLC: Robinhood Markets (Stock) (HOOD),Other,Sale,"$50,001 - $100,000",75000.5,False,Spouse,5e3f0c2c-fff4-46b0-b29b-a6fe3fc87b61,https://efdsearch.senate.gov/search/view/paper/5e3f0c2c-fff4-46b0-b29b-a6fe3fc87b61/,674a34fe0233b97f14c5beb7f3e4fdc7ada19c8ee3f8f544555ea4a6265e616c,senate-efd-ocr,explicit,0
B001277,RICHARD BLUMENTHAL,senate,Democrat,CT,SSAS13; SSAS14; SSAS17; SSGA01; SSGA20; SSJU01; SSJU22; SSJU25; SSJU28; Senate Committee on Armed Services; Senate Committee on Homeland Security and Governmental Affairs; Senate Committee on Veterans' Affairs; Senate Committee on the Judiciary; United States Senate Caucus on International Narcotics Control,True,2023-06-29,2023-08-07,HOOD,Peter L Malkin Family 2000 LLC: Robinhood Markets (Stock) (HOOD),Other,Sale,"$50,001 - $100,000",75000.5,False,Spouse,5e3f0c2c-fff4-46b0-b29b-a6fe3fc87b61,https://efdsearch.senate.gov/search/view/paper/5e3f0c2c-fff4-46b0-b29b-a6fe3fc87b61/,386fb7668f0a21632d8e5e6714959278cc706963055bad7444b2f5fde2a83f8c,senate-efd-ocr,explicit,0
B001277,RICHARD BLUMENTHAL,senate,Democrat,CT,SSAS13; SSAS14; SSAS17; SSGA01; SSGA20; SSJU01; SSJU22; SSJU25; SSJU28; Senate Committee on Armed Services; Senate Committee on Homeland Security and Governmental Affairs; Senate Committee on Veterans' Affairs; Senate Committee on the Judiciary; United States Senate Caucus on International Narcotics Control,True,2023-07-10,2023-08-07,,ELCM2 LLC,Other,Sale,"$250,001 - $500,000",375000.5,False,Self,5e3f0c2c-fff4-46b0-b29b-a6fe3fc87b61,https://efdsearch.senate.gov/search/view/paper/5e3f0c2c-fff4-46b0-b29b-a6fe3fc87b61/,7b1c994d1c65af1f446a6a047d66e6e08eb127302993ec82f8a7af0174698d01,senate-efd-ocr,explicit,0
B001277,RICHARD BLUMENTHAL,senate,Democrat,CT,SSAS13; SSAS14; SSAS17; SSGA01; SSGA20; SSJU01; SSJU22; SSJU25; SSJU28; Senate Committee on Armed Services; Senate Committee on Homeland Security and Governmental Affairs; Senate Committee on Veterans' Affairs; Senate Committee on the Judiciary; United States Senate Caucus on International Narcotics Control,True,2023-07-17,2023-08-07,,ELCM2 LLC,Other,Sale,"$250,001 - $500,000",375000.5,False,Self,5e3f0c2c-fff4-46b0-b29b-a6fe3fc87b61,https://efdsearch.senate.gov/search/view/paper/5e3f0c2c-fff4-46b0-b29b-a6fe3fc87b61/,f8e4b45ac8e6e7b8d1493d2e9740f57a0460afcc72405d9a58493ae704d9f70d,senate-efd-ocr,explicit,0
B001236,JOHN BOOZMAN,senate,Republican,AR,"Commission on Security and Cooperation in Europe; SSAF13; SSAF14; SSAF15; SSAF16; SSAF17; SSAP02; SSAP18; SSAP19; SSAP20; SSAP23; SSAP24; SSEV08; SSEV10; SSEV15; Senate Committee on Agriculture, Nutrition, and Forestry; Senate Committee on Appropriations; Senate Committee on Environment and Public Works; Senate Committee on Rules and Administration; Senate Committee on Veterans' Affairs",False,2023-06-23,2023-07-12,AAPL,Apple Computer Inc (AAPL),Stock,Sale,"$1,001 - $15,000",8000.5,False,Self,ab1c52c9-9881-4142-81a1-4081210c40a0,https://efdsearch.senate.gov/search/view/paper/ab1c52c9-9881-4142-81a1-4081210c40a0/,69e7f8766e9b920c156d6a96cf6f985529a1d0688200a1796252c37b80e1bb0f,senate-efd-ocr,explicit,0
B001236,JOHN BOOZMAN,senate,Republican,AR,"Commission on Security and Cooperation in Europe; SSAF13; SSAF14; SSAF15; SSAF16; SSAF17; SSAP02; SSAP18; SSAP19; SSAP20; SSAP23; SSAP24; SSEV08; SSEV10; SSEV15; Senate Committee on Agriculture, Nutrition, and Forestry; Senate Committee on Appropriations; Senate Committee on Environment and Public Works; Senate Committee on Rules and Administration; Senate Committee on Veterans' Affairs",False,2023-06-29,2023-07-12,AAPL,Apple Computer Inc (AAPL),Stock,Sale,"$1,001 - $15,000",8000.5,False,Self,ab1c52c9-9881-4142-81a1-4081210c40a0,https://efdsearch.senate.gov/search/view/paper/ab1c52c9-9881-4142-81a1-4081210c40a0/,d9f7e6ea9c9529171a2679f1d28ed65f2fca824fc5046946c9c8230a38193d03,senate-efd-ocr,explicit,0
B001236,JOHN BOOZMAN,senate,Republican,AR,"Commission on Security and Cooperation in Europe; SSAF13; SSAF14; SSAF15; SSAF16; SSAF17; SSAP02; SSAP18; SSAP19; SSAP20; SSAP23; SSAP24; SSEV08; SSEV10; SSEV15; Senate Committee on Agriculture, Nutrition, and Forestry; Senate Committee on Appropriations; Senate Committee on Environment and Public Works; Senate Committee on Rules and Administration; Senate Committee on Veterans' Affairs",False,2023-06-13,2023-07-12,GIGB,Goldman Sachs ETF Tr Access Invt GR (GIGB),,Sale,"$1,001 - $15,000",8000.5,False,Self,ab1c52c9-9881-4142-81a1-4081210c40a0,https://efdsearch.senate.gov/search/view/paper/ab1c52c9-9881-4142-81a1-4081210c40a0/,0202f8cfb6b32d2da61106e4ffe564310228c629ea0928adb5cd9a840b655d7a,senate-efd-ocr,explicit,0
B001236,JOHN BOOZMAN,senate,Republican,AR,"Commission on Security and Cooperation in Europe; SSAF13; SSAF14; SSAF15; SSAF16; SSAF17; SSAP02; SSAP18; SSAP19; SSAP20; SSAP23; SSAP24; SSEV08; SSEV10; SSEV15; Senate Committee on Agriculture, Nutrition, and Forestry; Senate Committee on Appropriations; Senate Committee on Environment and Public Works; Senate Committee on Rules and Administration; Senate Committee on Veterans' Affairs",False,2023-06-13,2023-07-12,TLT,iShares Barclays 20 Plus Year Treasury Bond Fund (TLT),Municipal Security,Sale,"$1,001 - $15,000",8000.5,False,Self,ab1c52c9-9881-4142-81a1-4081210c40a0,https://efdsearch.senate.gov/search/view/paper/ab1c52c9-9881-4142-81a1-4081210c40a0/,bc8b4ed11cffc8d809aa3bf43dbef8f0b76339834e29d52d89f21d2fb52456c8,senate-efd-ocr,explicit,0
B001236,JOHN BOOZMAN,senate,Republican,AR,"Commission on Security and Cooperation in Europe; SSAF13; SSAF14; SSAF15; SSAF16; SSAF17; SSAP02; SSAP18; SSAP19; SSAP20; SSAP23; SSAP24; SSEV08; SSEV10; SSEV15; Senate Committee on Agriculture, Nutrition, and Forestry; Senate Committee on Appropriations; Senate Committee on Environment and Public Works; Senate Committee on Rules and Administration; Senate Committee on Veterans' Affairs",False,2023-06-13,2023-07-12,IEF,iShares Tr Index Barclays 7-10 Yr (IEF),,Sale,"$1,001 - $15,000",8000.5,False,Self,ab1c52c9-9881-4142-81a1-4081210c40a0,https://efdsearch.senate.gov/search/view/paper/ab1c52c9-9881-4142-81a1-4081210c40a0/,b8d457dda27a8a1b16bb10878e33ff7d1bdab1cedd807051be8653a1d1f02aee,senate-efd-ocr,explicit,0
B001236,JOHN BOOZMAN,senate,Republican,AR,"Commission on Security and Cooperation in Europe; SSAF13; SSAF14; SSAF15; SSAF16; SSAF17; SSAP02; SSAP18; SSAP19; SSAP20; SSAP23; SSAP24; SSEV08; SSEV10; SSEV15; Senate Committee on Agriculture, Nutrition, and Forestry; Senate Committee on Appropriations; Senate Committee on Environment and Public Works; Senate Committee on Rules and Administration; Senate Committee on Veterans' Affairs",False,2023-06-21,2023-07-12,EFA,iShares Tr MSCI EAFE Index Fd MFC (EFA),,Sale,"$1,001 - $15,000",8000.5,False,Self,ab1c52c9-9881-4142-81a1-4081210c40a0,https://efdsearch.senate.gov/search/view/paper/ab1c52c9-9881-4142-81a1-4081210c40a0/,877279d883c552614411f7f35aea4c0fc5e7bbe45d9997dd2812b37613a5e20c,senate-efd-ocr,explicit,0
B001236,JOHN BOOZMAN,senate,Republican,AR,"Commission on Security and Cooperation in Europe; SSAF13; SSAF14; SSAF15; SSAF16; SSAF17; SSAP02; SSAP18; SSAP19; SSAP20; SSAP23; SSAP24; SSEV08; SSEV10; SSEV15; Senate Committee on Agriculture, Nutrition, and Forestry; Senate Committee on Appropriations; Senate Committee on Environment and Public Works; Senate Committee on Rules and Administration; Senate Committee on Veterans' Affairs",False,2023-06-23,2023-07-12,EFA,iShares Tr MSCI EAFE Index Fd MFC (EFA),,Sale,"$15,001 - $50,000",32500.5,False,Self,ab1c52c9-9881-4142-81a1-4081210c40a0,https://efdsearch.senate.gov/search/view/paper/ab1c52c9-9881-4142-81a1-4081210c40a0/,1cb72269ff1a6c11116a9939a4023192feefcbe61371c90a6001f188342f0238,senate-efd-ocr,explicit,0
B001236,JOHN BOOZMAN,senate,Republican,AR,"Commission on Security and Cooperation in Europe; SSAF13; SSAF14; SSAF15; SSAF16; SSAF17; SSAP02; SSAP18; SSAP19; SSAP20; SSAP23; SSAP24; SSEV08; SSEV10; SSEV15; Senate Committee on Agriculture, Nutrition, and Forestry; Senate Committee on Appropriations; Senate Committee on Environment and Public Works; Senate Committee on Rules and Administration; Senate Committee on Veterans' Affairs",False,2023-06-23,2023-07-12,IVW,iShares Tr S&P 500 Grw (IVW),,Sale,"$1,001 - $15,000",8000.5,False,Self,ab1c52c9-9881-4142-81a1-4081210c40a0,https://efdsearch.senate.gov/search/view/paper/ab1c52c9-9881-4142-81a1-4081210c40a0/,7ae5698a23dae7c668173886fcabd3dcec31e1e363d5ec6bffd71ae4a9f3e5c6,senate-efd-ocr,explicit,0
B001236,JOHN BOOZMAN,senate,Republican,AR,"Commission on Security and Cooperation in Europe; SSAF13; SSAF14; SSAF15; SSAF16; SSAF17; SSAP02; SSAP18; SSAP19; SSAP20; SSAP23; SSAP24; SSEV08; SSEV10; SSEV15; Senate Committee on Agriculture, Nutrition, and Forestry; Senate Committee on Appropriations; Senate Committee on Environment and Public Works; Senate Committee on Rules and Administration; Senate Committee on Veterans' Affairs",False,2023-06-23,2023-07-12,BSPIX,iShares Tr S&P 500 Indx Fd MFC (BSPIX),,Sale,"$1,001 - $15,000",8000.5,False,Self,ab1c52c9-9881-4142-81a1-4081210c40a0,https://efdsearch.senate.gov/search/view/paper/ab1c52c9-9881-4142-81a1-4081210c40a0/,8d6832038706543360babef3909c0f4522a087e65bb3182683d70560d8b673d0,senate-efd-ocr,explicit,0
B001236,JOHN BOOZMAN,senate,Republican,AR,"Commission on Security and Cooperation in Europe; SSAF13; SSAF14; SSAF15; SSAF16; SSAF17; SSAP02; SSAP18; SSAP19; SSAP20; SSAP23; SSAP24; SSEV08; SSEV10; SSEV15; Senate Committee on Agriculture, Nutrition, and Forestry; Senate Committee on Appropriations; Senate Committee on Environment and Public Works; Senate Committee on Rules and Administration; Senate Committee on Veterans' Affairs",False,2023-06-13,2023-07-12,JMBS,Janus Detroit Str Tr Henderson Mtg (JMBS),,Sale,"$15,001 - $50,000",32500.5,False,Self,ab1c52c9-9881-4142-81a1-4081210c40a0,https://efdsearch.senate.gov/search/view/paper/ab1c52c9-9881-4142-81a1-4081210c40a0/,9eed3e5036ceee0584479c71c59f71575fd1f30c3be0587e2faed24649caffbe,senate-efd-ocr,explicit,0
B001236,JOHN BOOZMAN,senate,Republican,AR,"Commission on Security and Cooperation in Europe; SSAF13; SSAF14; SSAF15; SSAF16; SSAF17; SSAP02; SSAP18; SSAP19; SSAP20; SSAP23; SSAP24; SSEV08; SSEV10; SSEV15; Senate Committee on Agriculture, Nutrition, and Forestry; Senate Committee on Appropriations; Senate Committee on Environment and Public Works; Senate Committee on Rules and Administration; Senate Committee on Veterans' Affairs",False,2023-06-30,2023-07-12,LRCX,Lam Research Corp Com (LRCX),Stock,Sale,"$1,001 - $15,000",8000.5,False,Self,ab1c52c9-9881-4142-81a1-4081210c40a0,https://efdsearch.senate.gov/search/view/paper/ab1c52c9-9881-4142-81a1-4081210c40a0/,f11c85eea0c6d5cdddfe22b274730ea4476b1638f3cccabef9fd3b0f8d7790d5,senate-efd-ocr,explicit,0
B001236,JOHN BOOZMAN,senate,Republican,AR,"Commission on Security and Cooperation in Europe; SSAF13; SSAF14; SSAF15; SSAF16; SSAF17; SSAP02; SSAP18; SSAP19; SSAP20; SSAP23; SSAP24; SSEV08; SSEV10; SSEV15; Senate Committee on Agriculture, Nutrition, and Forestry; Senate Committee on Appropriations; Senate Committee on Environment and Public Works; Senate Committee on Rules and Administration; Senate Committee on Veterans' Affairs",False,2023-06-13,2023-07-12,SCHP,Schwab Strategic Tr US TIPS ETF (SCHP),,Sale,"$1,001 - $15,000",8000.5,False,Self,ab1c52c9-9881-4142-81a1-4081210c40a0,https://efdsearch.senate.gov/search/view/paper/ab1c52c9-9881-4142-81a1-4081210c40a0/,9e258f648af124f3bafd1f576096ef5ee4fb8cad17ae1e41c37d28c9930c29f0,senate-efd-ocr,explicit,0
B001236,JOHN BOOZMAN,senate,Republican,AR,"Commission on Security and Cooperation in Europe; SSAF13; SSAF14; SSAF15; SSAF16; SSAF17; SSAP02; SSAP18; SSAP19; SSAP20; SSAP23; SSAP24; SSEV08; SSEV10; SSEV15; Senate Committee on Agriculture, Nutrition, and Forestry; Senate Committee on Appropriations; Senate Committee on Environment and Public Works; Senate Committee on Rules and Administration; Senate Committee on Veterans' Affairs",False,2023-06-23,2023-07-12,VTI,Vanguard Index Fds Total Stk Mkt (VTI),,Sale,"$1,001 - $15,000",8000.5,False,Self,ab1c52c9-9881-4142-81a1-4081210c40a0,https://efdsearch.senate.gov/search/view/paper/ab1c52c9-9881-4142-81a1-4081210c40a0/,f173cd69b23ceff5d6e3fee8d133cf83022d5f331ae395e06476f013d1b05f8c,senate-efd-ocr,explicit,0
B001236,JOHN BOOZMAN,senate,Republican,AR,"Commission on Security and Cooperation in Europe; SSAF13; SSAF14; SSAF15; SSAF16; SSAF17; SSAP02; SSAP18; SSAP19; SSAP20; SSAP23; SSAP24; SSEV08; SSEV10; SSEV15; Senate Committee on Agriculture, Nutrition, and Forestry; Senate Committee on Appropriations; Senate Committee on Environment and Public Works; Senate Committee on Rules and Administration; Senate Committee on Veterans' Affairs",False,2023-06-20,2023-07-12,,Wisdomtree Tr Chanadiv Ex Fi,,Sale,"$1,001 - $15,000",8000.5,False,Self,ab1c52c9-9881-4142-81a1-4081210c40a0,https://efdsearch.senate.gov/search/view/paper/ab1c52c9-9881-4142-81a1-4081210c40a0/,4d07fe6a8faba296e6a6562174dd2c201070461632263601efa10f0d181f97a5,senate-efd-ocr,explicit,0
B001236,JOHN BOOZMAN,senate,Republican,AR,"Commission on Security and Cooperation in Europe; SSAF13; SSAF14; SSAF15; SSAF16; SSAF17; SSAP02; SSAP18; SSAP19; SSAP20; SSAP23; SSAP24; SSEV08; SSEV10; SSEV15; Senate Committee on Agriculture, Nutrition, and Forestry; Senate Committee on Appropriations; Senate Committee on Environment and Public Works; Senate Committee on Rules and Administration; Senate Committee on Veterans' Affairs",False,2023-06-26,2023-07-12,WWGEX,Advisors Inner Circle Fs Westwood (WWGEX),,Purchase,"$1,001 - $15,000",8000.5,False,Self,ab1c52c9-9881-4142-81a1-4081210c40a0,https://efdsearch.senate.gov/search/view/paper/ab1c52c9-9881-4142-81a1-4081210c40a0/,5f2f4bb557438695f09d26649e10cdaa987711c2a248b084dde9874e63c042b4,senate-efd-ocr,explicit,0
B001236,JOHN BOOZMAN,senate,Republican,AR,"Commission on Security and Cooperation in Europe; SSAF13; SSAF14; SSAF15; SSAF16; SSAF17; SSAP02; SSAP18; SSAP19; SSAP20; SSAP23; SSAP24; SSEV08; SSEV10; SSEV15; Senate Committee on Agriculture, Nutrition, and Forestry; Senate Committee on Appropriations; Senate Committee on Environment and Public Works; Senate Committee on Rules and Administration; Senate Committee on Veterans' Affairs",False,2023-06-26,2023-07-12,DBLEX,Doubleline Emg Mkts Inc I (DBLEX),Stock,Purchase,"$1,001 - $15,000",8000.5,False,Self,ab1c52c9-9881-4142-81a1-4081210c40a0,https://efdsearch.senate.gov/search/view/paper/ab1c52c9-9881-4142-81a1-4081210c40a0/,845595a7fa5fbe904ff2be652028d75270507e77be0d6824e566e63d07c13b9a,senate-efd-ocr,explicit,0
B001236,JOHN BOOZMAN,senate,Republican,AR,"Commission on Security and Cooperation in Europe; SSAF13; SSAF14; SSAF15; SSAF16; SSAF17; SSAP02; SSAP18; SSAP19; SSAP20; SSAP23; SSAP24; SSEV08; SSEV10; SSEV15; Senate Committee on Agriculture, Nutrition, and Forestry; Senate Committee on Appropriations; Senate Committee on Environment and Public Works; Senate Committee on Rules and Administration; Senate Committee on Veterans' Affairs",False,2023-06-23,2023-07-12,FEP,First Trust Exchange Traded Alpha Fund II Europe (FEP),Other,Purchase,"$1,001 - $15,000",8000.5,False,Self,ab1c52c9-9881-4142-81a1-4081210c40a0,https://efdsearch.senate.gov/search/view/paper/ab1c52c9-9881-4142-81a1-4081210c40a0/,3ad39eaa060074c47fc811cb07d96349daca191e7b2439f75b42d97995d07ed6,senate-efd-ocr,explicit,0
B001236,JOHN BOOZMAN,senate,Republican,AR,"Commission on Security and Cooperation in Europe; SSAF13; SSAF14; SSAF15; SSAF16; SSAF17; SSAP02; SSAP18; SSAP19; SSAP20; SSAP23; SSAP24; SSEV08; SSEV10; SSEV15; Senate Committee on Agriculture, Nutrition, and Forestry; Senate Committee on Appropriations; Senate Committee on Environment and Public Works; Senate Committee on Rules and Administration; Senate Committee on Veterans' Affairs",False,2023-06-23,2023-07-12,EMLP,First Tr Exchange Traded Fund IV North American Energy (EMLP),Other,Purchase,"$1,001 - $15,000",8000.5,False,Self,ab1c52c9-9881-4142-81a1-4081210c40a0,https://efdsearch.senate.gov/search/view/paper/ab1c52c9-9881-4142-81a1-4081210c40a0/,25f92119b7bc045d6ad0b3cc5427d345ed75da169cd419a6944ad68ab2c6fc12,senate-efd-ocr,explicit,0
B001236,JOHN BOOZMAN,senate,Republican,AR,"Commission on Security and Cooperation in Europe; SSAF13; SSAF14; SSAF15; SSAF16; SSAF17; SSAP02; SSAP18; SSAP19; SSAP20; SSAP23; SSAP24; SSEV08; SSEV10; SSEV15; Senate Committee on Agriculture, Nutrition, and Forestry; Senate Committee on Appropriations; Senate Committee on Environment and Public Works; Senate Committee on Rules and Administration; Senate Committee on Veterans' Affairs",False,2023-06-20,2023-07-12,FLJP,Franklin Ftse Japan ETF (FLJP),,Purchase,"$1,001 - $15,000",8000.5,False,Self,ab1c52c9-9881-4142-81a1-4081210c40a0,https://efdsearch.senate.gov/search/view/paper/ab1c52c9-9881-4142-81a1-4081210c40a0/,2af8ed88d61a734111df1241663bf5120ec699d8831b4a726dd25b5fadf0c1f4,senate-efd-ocr,explicit,0
B001236,JOHN BOOZMAN,senate,Republican,AR,"Commission on Security and Cooperation in Europe; SSAF13; SSAF14; SSAF15; SSAF16; SSAF17; SSAP02; SSAP18; SSAP19; SSAP20; SSAP23; SSAP24; SSEV08; SSEV10; SSEV15; Senate Committee on Agriculture, Nutrition, and Forestry; Senate Committee on Appropriations; Senate Committee on Environment and Public Works; Senate Committee on Rules and Administration; Senate Committee on Veterans' Affairs",False,2023-06-21,2023-07-12,FLJP,Franklin Ftse Japan ETF (FLJP),,Purchase,"$1,001 - $15,000",8000.5,False,Self,ab1c52c9-9881-4142-81a1-4081210c40a0,https://efdsearch.senate.gov/search/view/paper/ab1c52c9-9881-4142-81a1-4081210c40a0/,273231f0d9a6360c6255913eea55ca5c9df18c69960d1f0708b570c37ac27a48,senate-efd-ocr,explicit,0
B001236,JOHN BOOZMAN,senate,Republican,AR,"Commission on Security and Cooperation in Europe; SSAF13; SSAF14; SSAF15; SSAF16; SSAF17; SSAP02; SSAP18; SSAP19; SSAP20; SSAP23; SSAP24; SSEV08; SSEV10; SSEV15; Senate Committee on Agriculture, Nutrition, and Forestry; Senate Committee on Appropriations; Senate Committee on Environment and Public Works; Senate Committee on Rules and Administration; Senate Committee on Veterans' Affairs",False,2023-06-23,2023-07-12,FLJP,Franklin Ftse Japan ETF (FLJP),,Purchase,"$1,001 - $15,000",8000.5,False,Self,ab1c52c9-9881-4142-81a1-4081210c40a0,https://efdsearch.senate.gov/search/view/paper/ab1c52c9-9881-4142-81a1-4081210c40a0/,5e9d8ed35addef447f03ce7cc49a6bc4f157931757520fd519bbf0b5c9bcc267,senate-efd-ocr,explicit,0
B001236,JOHN BOOZMAN,senate,Republican,AR,"Commission on Security and Cooperation in Europe; SSAF13; SSAF14; SSAF15; SSAF16; SSAF17; SSAP02; SSAP18; SSAP19; SSAP20; SSAP23; SSAP24; SSEV08; SSEV10; SSEV15; Senate Committee on Agriculture, Nutrition, and Forestry; Senate Committee on Appropriations; Senate Committee on Environment and Public Works; Senate Committee on Rules and Administration; Senate Committee on Veterans' Affairs",False,2023-06-23,2023-07-12,GLOV,Goldman Sachs ETF Tr Activebeta Eme (GLOV),,Purchase,"$1,001 - $15,000",8000.5,False,Self,ab1c52c9-9881-4142-81a1-4081210c40a0,https://efdsearch.senate.gov/search/view/paper/ab1c52c9-9881-4142-81a1-4081210c40a0/,82c1489891a409932597c91ebcdd8b5bdc292ef74f79d3b5952e680f5777733d,senate-efd-ocr,explicit,0
B001236,JOHN BOOZMAN,senate,Republican,AR,"Commission on Security and Cooperation in Europe; SSAF13; SSAF14; SSAF15; SSAF16; SSAF17; SSAP02; SSAP18; SSAP19; SSAP20; SSAP23; SSAP24; SSEV08; SSEV10; SSEV15; Senate Committee on Agriculture, Nutrition, and Forestry; Senate Committee on Appropriations; Senate Committee on Environment and Public Works; Senate Committee on Rules and Administration; Senate Committee on Veterans' Affairs",False,2023-06-23,2023-07-12,GIGB,Goldman Sachs ETF Tr Access Invt GR (GIGB),,Purchase,"$15,001 - $50,000",32500.5,False,Self,ab1c52c9-9881-4142-81a1-4081210c40a0,https://efdsearch.senate.gov/search/view/paper/ab1c52c9-9881-4142-81a1-4081210c40a0/,0b3c42660b87bd61120e1ade6d59bbf130e71a3d4d342f0e44b56f8de011681b,senate-efd-ocr,explicit,0
B001236,JOHN BOOZMAN,senate,Republican,AR,"Commission on Security and Cooperation in Europe; SSAF13; SSAF14; SSAF15; SSAF16; SSAF17; SSAP02; SSAP18; SSAP19; SSAP20; SSAP23; SSAP24; SSEV08; SSEV10; SSEV15; Senate Committee on Agriculture, Nutrition, and Forestry; Senate Committee on Appropriations; Senate Committee on Environment and Public Works; Senate Committee on Rules and Administration; Senate Committee on Veterans' Affairs",False,2023-06-13,2023-07-12,GBIL,Goldman Sachs Treas Acct ETF (GBIL),,Purchase,"$15,001 - $50,000",32500.5,False,Self,ab1c52c9-9881-4142-81a1-4081210c40a0,https://efdsearch.senate.gov/search/view/paper/ab1c52c9-9881-4142-81a1-4081210c40a0/,a4da2eac6e9a7c80f59f6ee37b1295864f58aaea6585f521e715798e7bee2606,senate-efd-ocr,explicit,0
B001236,JOHN BOOZMAN,senate,Republican,AR,"Commission on Security and Cooperation in Europe; SSAF13; SSAF14; SSAF15; SSAF16; SSAF17; SSAP02; SSAP18; SSAP19; SSAP20; SSAP23; SSAP24; SSEV08; SSEV10; SSEV15; Senate Committee on Agriculture, Nutrition, and Forestry; Senate Committee on Appropriations; Senate Committee on Environment and Public Works; Senate Committee on Rules and Administration; Senate Committee on Veterans' Affairs",False,2023-06-23,2023-07-12,GBIL,Goldman Sachs Treas Acct ETF (GBIL),,Purchase,"$1,001 - $15,000",8000.5,False,Self,ab1c52c9-9881-4142-81a1-4081210c40a0,https://efdsearch.senate.gov/search/view/paper/ab1c52c9-9881-4142-81a1-4081210c40a0/,358005c10de822da3d41e964b6a1546c8327bbc126f0e892878bf246411f1669,senate-efd-ocr,explicit,0
B001236,JOHN BOOZMAN,senate,Republican,AR,"Commission on Security and Cooperation in Europe; SSAF13; SSAF14; SSAF15; SSAF16; SSAF17; SSAP02; SSAP18; SSAP19; SSAP20; SSAP23; SSAP24; SSEV08; SSEV10; SSEV15; Senate Committee on Agriculture, Nutrition, and Forestry; Senate Committee on Appropriations; Senate Committee on Environment and Public Works; Senate Committee on Rules and Administration; Senate Committee on Veterans' Affairs",False,2023-06-23,2023-07-12,AGZ,iShares Barclays Agency Bond (AGZ),Corporate Bond,Purchase,"$1,001 - $15,000",8000.5,False,Self,ab1c52c9-9881-4142-81a1-4081210c40a0,https://efdsearch.senate.gov/search/view/paper/ab1c52c9-9881-4142-81a1-4081210c40a0/,6a52001b5f30d4c355b4041f65103d0005207faa96a8dcdf4dd5bff906accfba,senate-efd-ocr,explicit,0
B001236,JOHN BOOZMAN,senate,Republican,AR,"Commission on Security and Cooperation in Europe; SSAF13; SSAF14; SSAF15; SSAF16; SSAF17; SSAP02; SSAP18; SSAP19; SSAP20; SSAP23; SSAP24; SSEV08; SSEV10; SSEV15; Senate Committee on Agriculture, Nutrition, and Forestry; Senate Committee on Appropriations; Senate Committee on Environment and Public Works; Senate Committee on Rules and Administration; Senate Committee on Veterans' Affairs",False,2023-06-13,2023-07-12,MBB,iShares Barclays Mbs Bond Fd (MBB),Corporate Bond,Purchase,"$15,001 - $50,000",32500.5,False,Self,ab1c52c9-9881-4142-81a1-4081210c40a0,https://efdsearch.senate.gov/search/view/paper/ab1c52c9-9881-4142-81a1-4081210c40a0/,c569e0833dbc49f5ea5e784854c60096dc7ed0c5fd5c0623cbd74cccf93439ed,senate-efd-ocr,explicit,0
B001236,JOHN BOOZMAN,senate,Republican,AR,"Commission on Security and Cooperation in Europe; SSAF13; SSAF14; SSAF15; SSAF16; SSAF17; SSAP02; SSAP18; SSAP19; SSAP20; SSAP23; SSAP24; SSEV08; SSEV10; SSEV15; Senate Committee on Agriculture, Nutrition, and Forestry; Senate Committee on Appropriations; Senate Committee on Environment and Public Works; Senate Committee on Rules and Administration; Senate Committee on Veterans' Affairs",False,2023-06-23,2023-07-12,MBB,iShares Barclays Mbs Bond Fd (MBB),Corporate Bond,Purchase,"$1,001 - $15,000",8000.5,False,Self,ab1c52c9-9881-4142-81a1-4081210c40a0,https://efdsearch.senate.gov/search/view/paper/ab1c52c9-9881-4142-81a1-4081210c40a0/,a45c9a2a9af365f2de7cb3336a8f25fab0a1cf0cfd894a9a95c3c65381a8938e,senate-efd-ocr,explicit,0
B001236,JOHN BOOZMAN,senate,Republican,AR,"Commission on Security and Cooperation in Europe; SSAF13; SSAF14; SSAF15; SSAF16; SSAF17; SSAP02; SSAP18; SSAP19; SSAP20; SSAP23; SSAP24; SSEV08; SSEV10; SSEV15; Senate Committee on Agriculture, Nutrition, and Forestry; Senate Committee on Appropriations; Senate Committee on Environment and Public Works; Senate Committee on Rules and Administration; Senate Committee on Veterans' Affairs",False,2023-06-23,2023-07-12,TLT,iShares Barclays 20 Plus Year Treasury Bond Fund (TLT),Municipal Security,Purchase,"$1,001 - $15,000",8000.5,False,Self,ab1c52c9-9881-4142-81a1-4081210c40a0,https://efdsearch.senate.gov/search/view/paper/ab1c52c9-9881-4142-81a1-4081210c40a0/,dd067b8e2a61ff717462b8d0484c07cf8915c6162c84ad033c2f89ef9357612e,senate-efd-ocr,explicit,0
B001236,JOHN BOOZMAN,senate,Republican,AR,"Commission on Security and Cooperation in Europe; SSAF13; SSAF14; SSAF15; SSAF16; SSAF17; SSAP02; SSAP18; SSAP19; SSAP20; SSAP23; SSAP24; SSEV08; SSEV10; SSEV15; Senate Committee on Agriculture, Nutrition, and Forestry; Senate Committee on Appropriations; Senate Committee on Environment and Public Works; Senate Committee on Rules and Administration; Senate Committee on Veterans' Affairs",False,2023-06-23,2023-07-12,IEI,iShares Barclays 3-7 Yr Tsy Bd Fd (IEI),,Purchase,"$1,001 - $15,000",8000.5,False,Self,ab1c52c9-9881-4142-81a1-4081210c40a0,https://efdsearch.senate.gov/search/view/paper/ab1c52c9-9881-4142-81a1-4081210c40a0/,77a8aff7077e4b6a3aa61e51d70e7ab14e9b4eda872a8f3f4609fb2b425745ce,senate-efd-ocr,explicit,0
B001236,JOHN BOOZMAN,senate,Republican,AR,"Commission on Security and Cooperation in Europe; SSAF13; SSAF14; SSAF15; SSAF16; SSAF17; SSAP02; SSAP18; SSAP19; SSAP20; SSAP23; SSAP24; SSEV08; SSEV10; SSEV15; Senate Committee on Agriculture, Nutrition, and Forestry; Senate Committee on Appropriations; Senate Committee on Environment and Public Works; Senate Committee on Rules and Administration; Senate Committee on Veterans' Affairs",False,2023-06-23,2023-07-12,CMBS,iShares Cmbs Bond Fund (CMBS),Corporate Bond,Purchase,"$1,001 - $15,000",8000.5,False,Self,ab1c52c9-9881-4142-81a1-4081210c40a0,https://efdsearch.senate.gov/search/view/paper/ab1c52c9-9881-4142-81a1-4081210c40a0/,b38e5a78ff6ea45f04d345a9318ada69dfce0b016ee9567ea4365566462dc59f,senate-efd-ocr,explicit,0
B001236,JOHN BOOZMAN,senate,Republican,AR,"Commission on Security and Cooperation in Europe; SSAF13; SSAF14; SSAF15; SSAF16; SSAF17; SSAP02; SSAP18; SSAP19; SSAP20; SSAP23; SSAP24; SSEV08; SSEV10; SSEV15; Senate Committee on Agriculture, Nutrition, and Forestry; Senate Committee on Appropriations; Senate Committee on Environment and Public Works; Senate Committee on Rules and Administration; Senate Committee on Veterans' Affairs",False,2023-06-13,2023-07-12,TLH,iShares Tr Barclays 10-20 Yr (TLH),,Purchase,"$1,001 - $15,000",8000.5,False,Self,ab1c52c9-9881-4142-81a1-4081210c40a0,https://efdsearch.senate.gov/search/view/paper/ab1c52c9-9881-4142-81a1-4081210c40a0/,be84976384509e76cd19998dc6d171f913fdaf11d3387d003830f207ac1acfc1,senate-efd-ocr,explicit,0
B001236,JOHN BOOZMAN,senate,Republican,AR,"Commission on Security and Cooperation in Europe; SSAF13; SSAF14; SSAF15; SSAF16; SSAF17; SSAP02; SSAP18; SSAP19; SSAP20; SSAP23; SSAP24; SSEV08; SSEV10; SSEV15; Senate Committee on Agriculture, Nutrition, and Forestry; Senate Committee on Appropriations; Senate Committee on Environment and Public Works; Senate Committee on Rules and Administration; Senate Committee on Veterans' Affairs",False,2023-06-13,2023-07-12,SHY,iShares Tr Index Barclays 1-3 Yr (SHY),,Purchase,"$1,001 - $15,000",8000.5,False,Self,ab1c52c9-9881-4142-81a1-4081210c40a0,https://efdsearch.senate.gov/search/view/paper/ab1c52c9-9881-4142-81a1-4081210c40a0/,a0655935ccac49f74c2f39d2e377f186996e44c7ceef82411622c605de352bbe,senate-efd-ocr,explicit,0
B001236,JOHN BOOZMAN,senate,Republican,AR,"Commission on Security and Cooperation in Europe; SSAF13; SSAF14; SSAF15; SSAF16; SSAF17; SSAP02; SSAP18; SSAP19; SSAP20; SSAP23; SSAP24; SSEV08; SSEV10; SSEV15; Senate Committee on Agriculture, Nutrition, and Forestry; Senate Committee on Appropriations; Senate Committee on Environment and Public Works; Senate Committee on Rules and Administration; Senate Committee on Veterans' Affairs",False,2023-06-23,2023-07-12,SHY,iShares Tr Index Barclays 1-3 Yr (SHY),,Purchase,"$1,001 - $15,000",8000.5,False,Self,ab1c52c9-9881-4142-81a1-4081210c40a0,https://efdsearch.senate.gov/search/view/paper/ab1c52c9-9881-4142-81a1-4081210c40a0/,8bf7a2eadf54bf4d255525888ed4af1788b3f1952d5c70ccde27482aa8116a62,senate-efd-ocr,explicit,0
B001236,JOHN BOOZMAN,senate,Republican,AR,"Commission on Security and Cooperation in Europe; SSAF13; SSAF14; SSAF15; SSAF16; SSAF17; SSAP02; SSAP18; SSAP19; SSAP20; SSAP23; SSAP24; SSEV08; SSEV10; SSEV15; Senate Committee on Agriculture, Nutrition, and Forestry; Senate Committee on Appropriations; Senate Committee on Environment and Public Works; Senate Committee on Rules and Administration; Senate Committee on Veterans' Affairs",False,2023-06-23,2023-07-12,IEF,iShares Tr Index Barclays 7-10 Yr (IEF),,Purchase,"$1,001 - $15,000",8000.5,False,Self,ab1c52c9-9881-4142-81a1-4081210c40a0,https://efdsearch.senate.gov/search/view/paper/ab1c52c9-9881-4142-81a1-4081210c40a0/,0e9aacb51ae72ebfd83d414a6bbc658d9cd9c4c15426df56b7208fd3c2f06331,senate-efd-ocr,explicit,0
B001236,JOHN BOOZMAN,senate,Republican,AR,"Commission on Security and Cooperation in Europe; SSAF13; SSAF14; SSAF15; SSAF16; SSAF17; SSAP02; SSAP18; SSAP19; SSAP20; SSAP23; SSAP24; SSEV08; SSEV10; SSEV15; Senate Committee on Agriculture, Nutrition, and Forestry; Senate Committee on Appropriations; Senate Committee on Environment and Public Works; Senate Committee on Rules and Administration; Senate Committee on Veterans' Affairs",False,2023-06-23,2023-07-12,IWM,iShares Tr Rssl 2000 Index MFC (IWM),,Purchase,"$1,001 - $15,000",8000.5,False,Self,ab1c52c9-9881-4142-81a1-4081210c40a0,https://efdsearch.senate.gov/search/view/paper/ab1c52c9-9881-4142-81a1-4081210c40a0/,60445b059e7461b6ba39edeb721f12f3b91cae397b6027baca62cc18eebd0c3b,senate-efd-ocr,explicit,0
B001236,JOHN BOOZMAN,senate,Republican,AR,"Commission on Security and Cooperation in Europe; SSAF13; SSAF14; SSAF15; SSAF16; SSAF17; SSAP02; SSAP18; SSAP19; SSAP20; SSAP23; SSAP24; SSEV08; SSEV10; SSEV15; Senate Committee on Agriculture, Nutrition, and Forestry; Senate Committee on Appropriations; Senate Committee on Environment and Public Works; Senate Committee on Rules and Administration; Senate Committee on Veterans' Affairs",False,2023-06-23,2023-07-12,JMBS,Janus Detroit Str Tr Henderson Mtg (JMBS),,Purchase,"$15,001 - $50,000",32500.5,False,Self,ab1c52c9-9881-4142-81a1-4081210c40a0,https://efdsearch.senate.gov/search/view/paper/ab1c52c9-9881-4142-81a1-4081210c40a0/,4a7d4712659c594005f323f58f488f341b9dd937db3fe8b1cffd83959dc15e6b,senate-efd-ocr,explicit,0
B001236,JOHN BOOZMAN,senate,Republican,AR,"Commission on Security and Cooperation in Europe; SSAF13; SSAF14; SSAF15; SSAF16; SSAF17; SSAP02; SSAP18; SSAP19; SSAP20; SSAP23; SSAP24; SSEV08; SSEV10; SSEV15; Senate Committee on Agriculture, Nutrition, and Forestry; Senate Committee on Appropriations; Senate Committee on Environment and Public Works; Senate Committee on Rules and Administration; Senate Committee on Veterans' Affairs",False,2023-06-26,2023-07-12,NMVZX,Managed Portfolio Ser Nuance Mid Z (NMVZX),,Purchase,"$1,001 - $15,000",8000.5,False,Self,ab1c52c9-9881-4142-81a1-4081210c40a0,https://efdsearch.senate.gov/search/view/paper/ab1c52c9-9881-4142-81a1-4081210c40a0/,3374cff5bae7cb577447cd82e966f40ca13d62b1d1f3346992153e36adde7ff4,senate-efd-ocr,explicit,0
B001236,JOHN BOOZMAN,senate,Republican,AR,"Commission on Security and Cooperation in Europe; SSAF13; SSAF14; SSAF15; SSAF16; SSAF17; SSAP02; SSAP18; SSAP19; SSAP20; SSAP23; SSAP24; SSEV08; SSEV10; SSEV15; Senate Committee on Agriculture, Nutrition, and Forestry; Senate Committee on Appropriations; Senate Committee on Environment and Public Works; Senate Committee on Rules and Administration; Senate Committee on Veterans' Affairs",False,2023-06-23,2023-07-12,TPYP,Mngd Port Ser Tortoise Nram Pl (TPYP),,Purchase,"$1,001 - $15,000",8000.5,False,Self,ab1c52c9-9881-4142-81a1-4081210c40a0,https://efdsearch.senate.gov/search/view/paper/ab1c52c9-9881-4142-81a1-4081210c40a0/,ac4dc861d6d82549e88de86c37e5c22ae5b682feff285f06ead3ba4ca460c745,senate-efd-ocr,explicit,0
B001236,JOHN BOOZMAN,senate,Republican,AR,"Commission on Security and Cooperation in Europe; SSAF13; SSAF14; SSAF15; SSAF16; SSAF17; SSAP02; SSAP18; SSAP19; SSAP20; SSAP23; SSAP24; SSEV08; SSEV10; SSEV15; Senate Committee on Agriculture, Nutrition, and Forestry; Senate Committee on Appropriations; Senate Committee on Environment and Public Works; Senate Committee on Rules and Administration; Senate Committee on Veterans' Affairs",False,2023-06-23,2023-07-12,SCHP,Schwab Strategic Tr US TIPS ETF (SCHP),,Purchase,"$1,001 - $15,000",8000.5,False,Self,ab1c52c9-9881-4142-81a1-4081210c40a0,https://efdsearch.senate.gov/search/view/paper/ab1c52c9-9881-4142-81a1-4081210c40a0/,51a0f27561a77ccfcdb864a90523743926c23b4eb07d80f862fc17bcfb181fe5,senate-efd-ocr,explicit,0
B001236,JOHN BOOZMAN,senate,Republican,AR,"Commission on Security and Cooperation in Europe; SSAF13; SSAF14; SSAF15; SSAF16; SSAF17; SSAP02; SSAP18; SSAP19; SSAP20; SSAP23; SSAP24; SSEV08; SSEV10; SSEV15; Senate Committee on Agriculture, Nutrition, and Forestry; Senate Committee on Appropriations; Senate Committee on Environment and Public Works; Senate Committee on Rules and Administration; Senate Committee on Veterans' Affairs",False,2023-06-29,2023-07-12,SWKS,Skyworks Solutions Inc Com (SWKS),Stock,Purchase,"$1,001 - $15,000",8000.5,False,Self,ab1c52c9-9881-4142-81a1-4081210c40a0,https://efdsearch.senate.gov/search/view/paper/ab1c52c9-9881-4142-81a1-4081210c40a0/,12a23165ca44e1906661b8b2bf94e8d1efde61a818b7f434bf14cad235889889,senate-efd-ocr,explicit,0
B001236,JOHN BOOZMAN,senate,Republican,AR,"Commission on Security and Cooperation in Europe; SSAF13; SSAF14; SSAF15; SSAF16; SSAF17; SSAP02; SSAP18; SSAP19; SSAP20; SSAP23; SSAP24; SSEV08; SSEV10; SSEV15; Senate Committee on Agriculture, Nutrition, and Forestry; Senate Committee on Appropriations; Senate Committee on Environment and Public Works; Senate Committee on Rules and Administration; Senate Committee on Veterans' Affairs",False,2023-06-23,2023-07-12,MDY,SPDR S&P Midcap 400 ETF Tr UTSER1 (MDY),,Purchase,"$1,001 - $15,000",8000.5,False,Self,ab1c52c9-9881-4142-81a1-4081210c40a0,https://efdsearch.senate.gov/search/view/paper/ab1c52c9-9881-4142-81a1-4081210c40a0/,b08125fb72741e77266b8890bd8476acb2a6bc81a1e44143d906ec1dde46e9d4,senate-efd-ocr,explicit,0
B001236,JOHN BOOZMAN,senate,Republican,AR,"Commission on Security and Cooperation in Europe; SSAF13; SSAF14; SSAF15; SSAF16; SSAF17; SSAP02; SSAP18; SSAP19; SSAP20; SSAP23; SSAP24; SSEV08; SSEV10; SSEV15; Senate Committee on Agriculture, Nutrition, and Forestry; Senate Committee on Appropriations; Senate Committee on Environment and Public Works; Senate Committee on Rules and Administration; Senate Committee on Veterans' Affairs",False,2023-06-23,2023-07-12,SPY,SPDR S&P 500 ETF Trust (SPY),Other,Purchase,"$1,001 - $15,000",8000.5,False,Self,ab1c52c9-9881-4142-81a1-4081210c40a0,https://efdsearch.senate.gov/search/view/paper/ab1c52c9-9881-4142-81a1-4081210c40a0/,e9e36c002b2f3224c29b94b534fa0d280b730242d4447666aad05a75f120da2b,senate-efd-ocr,explicit,0
B001236,JOHN BOOZMAN,senate,Republican,AR,"Commission on Security and Cooperation in Europe; SSAF13; SSAF14; SSAF15; SSAF16; SSAF17; SSAP02; SSAP18; SSAP19; SSAP20; SSAP23; SSAP24; SSEV08; SSEV10; SSEV15; Senate Committee on Agriculture, Nutrition, and Forestry; Senate Committee on Appropriations; Senate Committee on Environment and Public Works; Senate Committee on Rules and Administration; Senate Committee on Veterans' Affairs",False,2023-06-23,2023-07-12,KRE,SPDR Ser TR S&) Regl Bkg (KRE),,Purchase,"$1,001 - $15,000",8000.5,False,Self,ab1c52c9-9881-4142-81a1-4081210c40a0,https://efdsearch.senate.gov/search/view/paper/ab1c52c9-9881-4142-81a1-4081210c40a0/,e8c7d89f31b703f085f6db520d57edbd8438721630f349211503b84230cac1da,senate-efd-ocr,explicit,0
B001236,JOHN BOOZMAN,senate,Republican,AR,"Commission on Security and Cooperation in Europe; SSAF13; SSAF14; SSAF15; SSAF16; SSAF17; SSAP02; SSAP18; SSAP19; SSAP20; SSAP23; SSAP24; SSEV08; SSEV10; SSEV15; Senate Committee on Agriculture, Nutrition, and Forestry; Senate Committee on Appropriations; Senate Committee on Environment and Public Works; Senate Committee on Rules and Administration; Senate Committee on Veterans' Affairs",False,2023-06-26,2023-07-12,EMRZX,VanEck Fds Emerging Mkts Z (EMRZX),,Purchase,"$15,001 - $50,000",32500.5,False,Self,ab1c52c9-9881-4142-81a1-4081210c40a0,https://efdsearch.senate.gov/search/view/paper/ab1c52c9-9881-4142-81a1-4081210c40a0/,00e0f792bd72709054255dc0db24a91b5ea459c8df464464003019640743dea2,senate-efd-ocr,explicit,0
B001236,JOHN BOOZMAN,senate,Republican,AR,"Commission on Security and Cooperation in Europe; SSAF13; SSAF14; SSAF15; SSAF16; SSAF17; SSAP02; SSAP18; SSAP19; SSAP20; SSAP23; SSAP24; SSEV08; SSEV10; SSEV15; Senate Committee on Agriculture, Nutrition, and Forestry; Senate Committee on Appropriations; Senate Committee on Environment and Public Works; Senate Committee on Rules and Administration; Senate Committee on Veterans' Affairs",False,2023-06-23,2023-07-12,VEA,Vanguard Tax Mgd Fd Europe Pac EFT (VEA),,Purchase,"$15,001 - $50,000",32500.5,False,Self,ab1c52c9-9881-4142-81a1-4081210c40a0,https://efdsearch.senate.gov/search/view/paper/ab1c52c9-9881-4142-81a1-4081210c40a0/,b43fd2fcecbeaa95efef5dbe9a8fd5a48aa0195c86b2ce6226564d741b2381b9,senate-efd-ocr,explicit,0
B001277,RICHARD BLUMENTHAL,senate,Democrat,CT,SSAS13; SSAS14; SSAS17; SSGA01; SSGA20; SSJU01; SSJU22; SSJU25; SSJU28; Senate Committee on Armed Services; Senate Committee on Homeland Security and Governmental Affairs; Senate Committee on Veterans' Affairs; Senate Committee on the Judiciary; United States Senate Caucus on International Narcotics Control,True,2023-05-30,2023-07-11,,"Sorrento, Inc (Convertible Debt Note)",Corporate Bond,Purchase,"$15,001 - $50,000",32500.5,False,Spouse,45b4a191-b18e-4a4b-89cd-d92bc5edd777,https://efdsearch.senate.gov/search/view/paper/45b4a191-b18e-4a4b-89cd-d92bc5edd777/,acdac9aa9b90375126735f3eddc93beed87fa538967d6ff52d9524447b65b7e4,senate-efd-ocr,explicit,0
B001277,RICHARD BLUMENTHAL,senate,Democrat,CT,SSAS13; SSAS14; SSAS17; SSGA01; SSGA20; SSJU01; SSJU22; SSJU25; SSJU28; Senate Committee on Armed Services; Senate Committee on Homeland Security and Governmental Affairs; Senate Committee on Veterans' Affairs; Senate Committee on the Judiciary; United States Senate Caucus on International Narcotics Control,True,2023-05-05,2023-06-14,,ArborGen Inc,Stock,Sale,"$1,001 - $15,000",8000.5,False,Spouse,feaa20dd-677f-40a4-ba7d-e0d64a61b665,https://efdsearch.senate.gov/search/view/paper/feaa20dd-677f-40a4-ba7d-e0d64a61b665/,575666af38aa63b5fe0dd68d24b7bfeee8326fa7b168676a1b0229f8b5f4fc23,senate-efd-ocr,explicit,0
B001277,RICHARD BLUMENTHAL,senate,Democrat,CT,SSAS13; SSAS14; SSAS17; SSGA01; SSGA20; SSJU01; SSJU22; SSJU25; SSJU28; Senate Committee on Armed Services; Senate Committee on Homeland Security and Governmental Affairs; Senate Committee on Veterans' Affairs; Senate Committee on the Judiciary; United States Senate Caucus on International Narcotics Control,True,2023-05-18,2023-06-14,OLO,Olo Inc (Stock),Stock,Sale,"$1,001 - $15,000",8000.5,False,Spouse,feaa20dd-677f-40a4-ba7d-e0d64a61b665,https://efdsearch.senate.gov/search/view/paper/feaa20dd-677f-40a4-ba7d-e0d64a61b665/,9e110b1a6d01a86d232015624b1edbfebe4064984c8f6664430a5b49ad873fa7,senate-efd-ocr,explicit,0
B001277,RICHARD BLUMENTHAL,senate,Democrat,CT,SSAS13; SSAS14; SSAS17; SSGA01; SSGA20; SSJU01; SSJU22; SSJU25; SSJU28; Senate Committee on Armed Services; Senate Committee on Homeland Security and Governmental Affairs; Senate Committee on Veterans' Affairs; Senate Committee on the Judiciary; United States Senate Caucus on International Narcotics Control,True,2023-05-22,2023-06-14,ADMR,Peter L Malkin Family 9 LLC: Admiral Acquisition LTD (Stock),Other,Purchase,"$250,001 - $500,000",375000.5,False,Spouse,feaa20dd-677f-40a4-ba7d-e0d64a61b665,https://efdsearch.senate.gov/search/view/paper/feaa20dd-677f-40a4-ba7d-e0d64a61b665/,5160a59249632f825436ea31fb1077c9c2f194dba733b82c4261237a879f6d3d,senate-efd-ocr,explicit,0
B001277,RICHARD BLUMENTHAL,senate,Democrat,CT,SSAS13; SSAS14; SSAS17; SSGA01; SSGA20; SSJU01; SSJU22; SSJU25; SSJU28; Senate Committee on Armed Services; Senate Committee on Homeland Security and Governmental Affairs; Senate Committee on Veterans' Affairs; Senate Committee on the Judiciary; United States Senate Caucus on International Narcotics Control,True,2023-05-22,2023-06-14,ADMR,Peter L Malkin Family 2000 LLC: Admiral Acquisition LTD (Stock),Other,Purchase,"$250,001 - $500,000",375000.5,False,Spouse,feaa20dd-677f-40a4-ba7d-e0d64a61b665,https://efdsearch.senate.gov/search/view/paper/feaa20dd-677f-40a4-ba7d-e0d64a61b665/,0ecadbb5d37a08162c27d776521ada2a9fb6d7d62786327b00a8f267381dfb1c,senate-efd-ocr,explicit,0
B001277,RICHARD BLUMENTHAL,senate,Democrat,CT,SSAS13; SSAS14; SSAS17; SSGA01; SSGA20; SSJU01; SSJU22; SSJU25; SSJU28; Senate Committee on Armed Services; Senate Committee on Homeland Security and Governmental Affairs; Senate Committee on Veterans' Affairs; Senate Committee on the Judiciary; United States Senate Caucus on International Narcotics Control,True,2023-05-22,2023-06-14,ADMR,Peter L Malkin Family 2000 LLC - AAM Partners LLC: Admiral Acquisition LTD (Stock),Other,Purchase,"$100,001 - $250,000",175000.5,False,Spouse,feaa20dd-677f-40a4-ba7d-e0d64a61b665,https://efdsearch.senate.gov/search/view/paper/feaa20dd-677f-40a4-ba7d-e0d64a61b665/,d5b3ad732f2723e0d79e37050763c0af3886d51e3889fe4a4c690982382590f0,senate-efd-ocr,explicit,0
B001277,RICHARD BLUMENTHAL,senate,Democrat,CT,SSAS13; SSAS14; SSAS17; SSGA01; SSGA20; SSJU01; SSJU22; SSJU25; SSJU28; Senate Committee on Armed Services; Senate Committee on Homeland Security and Governmental Affairs; Senate Committee on Veterans' Affairs; Senate Committee on the Judiciary; United States Senate Caucus on International Narcotics Control,True,2023-05-22,2023-06-14,ADMR,New Things Partners LLC - AAM Partners LLC: Admiral Acquisition LTD (Stock),Other,Purchase,"$15,001 - $50,000",32500.5,False,Spouse,feaa20dd-677f-40a4-ba7d-e0d64a61b665,https://efdsearch.senate.gov/search/view/paper/feaa20dd-677f-40a4-ba7d-e0d64a61b665/,41b0deedccea28d98c9cb8793777632b780d5b03e32c47131ad3627a3d43d433,senate-efd-ocr,explicit,0
B001277,RICHARD BLUMENTHAL,senate,Democrat,CT,SSAS13; SSAS14; SSAS17; SSGA01; SSGA20; SSJU01; SSJU22; SSJU25; SSJU28; Senate Committee on Armed Services; Senate Committee on Homeland Security and Governmental Affairs; Senate Committee on Veterans' Affairs; Senate Committee on the Judiciary; United States Senate Caucus on International Narcotics Control,True,2023-05-22,2023-06-14,ADMR,Summa I LLC - AAM Partners LLC: Admiral Acquisition LTD (Stock),Other,Purchase,"$100,001 - $250,000",175000.5,False,Spouse,feaa20dd-677f-40a4-ba7d-e0d64a61b665,https://efdsearch.senate.gov/search/view/paper/feaa20dd-677f-40a4-ba7d-e0d64a61b665/,3698d02340d396fd35e944e47d72d61d61857b3d73bac73095bd6b4b24c1e9af,senate-efd-ocr,explicit,0
B001236,JOHN BOOZMAN,senate,Republican,AR,"Commission on Security and Cooperation in Europe; SSAF13; SSAF14; SSAF15; SSAF16; SSAF17; SSAP02; SSAP18; SSAP19; SSAP20; SSAP23; SSAP24; SSEV08; SSEV10; SSEV15; Senate Committee on Agriculture, Nutrition, and Forestry; Senate Committee on Appropriations; Senate Committee on Environment and Public Works; Senate Committee on Rules and Administration; Senate Committee on Veterans' Affairs",False,2023-04-13,2023-05-26,WWGEX,Advisors Inner Circle Fs Westwood,,Sale,"$1,001 - $15,000",8000.5,False,Self,7ec5049f-bfd4-4402-b516-1bdc2f50147f,https://efdsearch.senate.gov/search/view/paper/7ec5049f-bfd4-4402-b516-1bdc2f50147f/,f1a230618b866f0ebcb298eef7a07e637a80a9a00df6afadb3023eaf26f7ccbe,senate-efd-ocr,explicit,0
B001236,JOHN BOOZMAN,senate,Republican,AR,"Commission on Security and Cooperation in Europe; SSAF13; SSAF14; SSAF15; SSAF16; SSAF17; SSAP02; SSAP18; SSAP19; SSAP20; SSAP23; SSAP24; SSEV08; SSEV10; SSEV15; Senate Committee on Agriculture, Nutrition, and Forestry; Senate Committee on Appropriations; Senate Committee on Environment and Public Works; Senate Committee on Rules and Administration; Senate Committee on Veterans' Affairs",False,2023-04-13,2023-05-26,KRE,SPDR Ser TR S&) Regl Bkg,,Purchase,"$1,001 - $15,000",8000.5,False,Self,7ec5049f-bfd4-4402-b516-1bdc2f50147f,https://efdsearch.senate.gov/search/view/paper/7ec5049f-bfd4-4402-b516-1bdc2f50147f/,a5d9e8aeeb60646c1f3e9202b2b7cff56cfe45c056db585da68160812e23a717,senate-efd-ocr,explicit,0
B001277,RICHARD BLUMENTHAL,senate,Democrat,CT,SSAS13; SSAS14; SSAS17; SSGA01; SSGA20; SSJU01; SSJU22; SSJU25; SSJU28; Senate Committee on Armed Services; Senate Committee on Homeland Security and Governmental Affairs; Senate Committee on Veterans' Affairs; Senate Committee on the Judiciary; United States Senate Caucus on International Narcotics Control,True,2023-03-08,2023-04-20,,MUUS Convergence Fund II LP,Other,Purchase,"$15,001 - $50,000",32500.5,False,Spouse,db14ceb9-7925-489e-99b2-003f5850eab4,https://efdsearch.senate.gov/search/view/paper/db14ceb9-7925-489e-99b2-003f5850eab4/,59718618949f1b57882e659bc42a914ae6fe23aa6bbe74df5683a90457a91650,senate-efd-ocr,explicit,0
B001236,JOHN BOOZMAN,senate,Republican,AR,"Commission on Security and Cooperation in Europe; SSAF13; SSAF14; SSAF15; SSAF16; SSAF17; SSAP02; SSAP18; SSAP19; SSAP20; SSAP23; SSAP24; SSEV08; SSEV10; SSEV15; Senate Committee on Agriculture, Nutrition, and Forestry; Senate Committee on Appropriations; Senate Committee on Environment and Public Works; Senate Committee on Rules and Administration; Senate Committee on Veterans' Affairs",False,2023-03-15,2023-04-10,SHY,iShares Tr Index Barclays 1-3 Yr,,Sale,"$15,001 - $50,000",32500.5,False,Self,c96aed47-2270-43fd-b4be-3a06edc428df,https://efdsearch.senate.gov/search/view/paper/c96aed47-2270-43fd-b4be-3a06edc428df/,82c087719ddb1ba6e532cdf010c1b43cc4b4555e9568483400b6fd6c76edc90f,senate-efd-ocr,explicit,0
B001236,JOHN BOOZMAN,senate,Republican,AR,"Commission on Security and Cooperation in Europe; SSAF13; SSAF14; SSAF15; SSAF16; SSAF17; SSAP02; SSAP18; SSAP19; SSAP20; SSAP23; SSAP24; SSEV08; SSEV10; SSEV15; Senate Committee on Agriculture, Nutrition, and Forestry; Senate Committee on Appropriations; Senate Committee on Environment and Public Works; Senate Committee on Rules and Administration; Senate Committee on Veterans' Affairs",False,2023-03-10,2023-04-10,LOW,Lowes Cos Inc Com,Stock,Sale,"$1,001 - $15,000",8000.5,False,Self,c96aed47-2270-43fd-b4be-3a06edc428df,https://efdsearch.senate.gov/search/view/paper/c96aed47-2270-43fd-b4be-3a06edc428df/,6e84a46f0ae1502463d4ec361b7cb878afd22002754ab93813f156a0d8ced177,senate-efd-ocr,explicit,0
B001236,JOHN BOOZMAN,senate,Republican,AR,"Commission on Security and Cooperation in Europe; SSAF13; SSAF14; SSAF15; SSAF16; SSAF17; SSAP02; SSAP18; SSAP19; SSAP20; SSAP23; SSAP24; SSEV08; SSEV10; SSEV15; Senate Committee on Agriculture, Nutrition, and Forestry; Senate Committee on Appropriations; Senate Committee on Environment and Public Works; Senate Committee on Rules and Administration; Senate Committee on Veterans' Affairs",False,2023-03-10,2023-04-10,AES,AES Corp Com,Stock,Purchase,"$1,001 - $15,000",8000.5,False,Self,c96aed47-2270-43fd-b4be-3a06edc428df,https://efdsearch.senate.gov/search/view/paper/c96aed47-2270-43fd-b4be-3a06edc428df/,7afdeec911ff9ca9f25f607fd4ccb8f76061441c37ac66032b85529a0ac61461,senate-efd-ocr,explicit,0
B001236,JOHN BOOZMAN,senate,Republican,AR,"Commission on Security and Cooperation in Europe; SSAF13; SSAF14; SSAF15; SSAF16; SSAF17; SSAP02; SSAP18; SSAP19; SSAP20; SSAP23; SSAP24; SSEV08; SSEV10; SSEV15; Senate Committee on Agriculture, Nutrition, and Forestry; Senate Committee on Appropriations; Senate Committee on Environment and Public Works; Senate Committee on Rules and Administration; Senate Committee on Veterans' Affairs",False,2023-03-15,2023-04-10,GBIL,Goldman Sachs Treas Acct ETF,,Purchase,"$1,001 - $15,000",8000.5,False,Self,c96aed47-2270-43fd-b4be-3a06edc428df,https://efdsearch.senate.gov/search/view/paper/c96aed47-2270-43fd-b4be-3a06edc428df/,5d6b44bba13b56879d1930635496be78bc7e1815f459e8d119a31a4247a117ee,senate-efd-ocr,explicit,0
B001236,JOHN BOOZMAN,senate,Republican,AR,"Commission on Security and Cooperation in Europe; SSAF13; SSAF14; SSAF15; SSAF16; SSAF17; SSAP02; SSAP18; SSAP19; SSAP20; SSAP23; SSAP24; SSEV08; SSEV10; SSEV15; Senate Committee on Agriculture, Nutrition, and Forestry; Senate Committee on Appropriations; Senate Committee on Environment and Public Works; Senate Committee on Rules and Administration; Senate Committee on Veterans' Affairs",False,2023-03-15,2023-04-10,IEF,iShares Tr Index Barclays 7-10 Yr,,Purchase,"$1,001 - $15,000",8000.5,False,Self,c96aed47-2270-43fd-b4be-3a06edc428df,https://efdsearch.senate.gov/search/view/paper/c96aed47-2270-43fd-b4be-3a06edc428df/,f991dc0ef8587583e4bf7671280716043f8193d7badd1bebfbf7e953c278ca3b,senate-efd-ocr,explicit,0
B001277,RICHARD BLUMENTHAL,senate,Democrat,CT,SSAS13; SSAS14; SSAS17; SSGA01; SSGA20; SSJU01; SSJU22; SSJU25; SSJU28; Senate Committee on Armed Services; Senate Committee on Homeland Security and Governmental Affairs; Senate Committee on Veterans' Affairs; Senate Committee on the Judiciary; United States Senate Caucus on International Narcotics Control,True,2023-02-10,2023-03-22,,Vanterra HPH III LP,Other,Purchase,"$1,001 - $15,000",8000.5,False,Spouse,5b864c4e-fadf-49af-bdb0-e4cb3db38d21,https://efdsearch.senate.gov/search/view/paper/5b864c4e-fadf-49af-bdb0-e4cb3db38d21/,33f2d1393f1b80b16a236debf2bb061b61104ae122b45bbce50526ce8730355e,senate-efd-ocr,explicit,0
B001277,RICHARD BLUMENTHAL,senate,Democrat,CT,SSAS13; SSAS14; SSAS17; SSGA01; SSGA20; SSJU01; SSJU22; SSJU25; SSJU28; Senate Committee on Armed Services; Senate Committee on Homeland Security and Governmental Affairs; Senate Committee on Veterans' Affairs; Senate Committee on the Judiciary; United States Senate Caucus on International Narcotics Control,True,2023-02-13,2023-03-22,,Kaleidos Inc.,Stock,Purchase,"$15,001 - $50,000",32500.5,False,Spouse,5b864c4e-fadf-49af-bdb0-e4cb3db38d21,https://efdsearch.senate.gov/search/view/paper/5b864c4e-fadf-49af-bdb0-e4cb3db38d21/,2d8ae9467a275071075202dbf8f464d4c043afda198c84f1ffbf53e3f3670885,senate-efd-ocr,explicit,0
B001236,JOHN BOOZMAN,senate,Republican,AR,"Commission on Security and Cooperation in Europe; SSAF13; SSAF14; SSAF15; SSAF16; SSAF17; SSAP02; SSAP18; SSAP19; SSAP20; SSAP23; SSAP24; SSEV08; SSEV10; SSEV15; Senate Committee on Agriculture, Nutrition, and Forestry; Senate Committee on Appropriations; Senate Committee on Environment and Public Works; Senate Committee on Rules and Administration; Senate Committee on Veterans' Affairs",False,2023-02-06,2023-03-06,DBLEX,Doubleline Emg Mkts Inc I (DBLEX),Stock,Sale,"$1,001 - $15,000",8000.5,False,Self,7dfcd5fd-ae2e-4a52-8f54-bcfe1c4599ef,https://efdsearch.senate.gov/search/view/paper/7dfcd5fd-ae2e-4a52-8f54-bcfe1c4599ef/,0c0975bd1320faac5e3de0e9c5dcb76c9914e4ca9f347f5a060602000653982c,senate-efd-ocr,explicit,0
B001236,JOHN BOOZMAN,senate,Republican,AR,"Commission on Security and Cooperation in Europe; SSAF13; SSAF14; SSAF15; SSAF16; SSAF17; SSAP02; SSAP18; SSAP19; SSAP20; SSAP23; SSAP24; SSEV08; SSEV10; SSEV15; Senate Committee on Agriculture, Nutrition, and Forestry; Senate Committee on Appropriations; Senate Committee on Environment and Public Works; Senate Committee on Rules and Administration; Senate Committee on Veterans' Affairs",False,2023-02-22,2023-03-06,GIGB,Goldman Sachs ETF TR Access Invt Gr (GIGB),,Sale,"$1,001 - $15,000",8000.5,False,Self,7dfcd5fd-ae2e-4a52-8f54-bcfe1c4599ef,https://efdsearch.senate.gov/search/view/paper/7dfcd5fd-ae2e-4a52-8f54-bcfe1c4599ef/,c9d34dd0faf0751fa6fb187a35bd44e0725a6579f8a9f9df3346dea69142dadf,senate-efd-ocr,explicit,0
B001236,JOHN BOOZMAN,senate,Republican,AR,"Commission on Security and Cooperation in Europe; SSAF13; SSAF14; SSAF15; SSAF16; SSAF17; SSAP02; SSAP18; SSAP19; SSAP20; SSAP23; SSAP24; SSEV08; SSEV10; SSEV15; Senate Committee on Agriculture, Nutrition, and Forestry; Senate Committee on Appropriations; Senate Committee on Environment and Public Works; Senate Committee on Rules and Administration; Senate Committee on Veterans' Affairs",False,2023-02-22,2023-03-06,CMBS,iShares Cmbs Bond Fund (CMBS),Corporate Bond,Sale,"$1,001 - $15,000",8000.5,False,Self,7dfcd5fd-ae2e-4a52-8f54-bcfe1c4599ef,https://efdsearch.senate.gov/search/view/paper/7dfcd5fd-ae2e-4a52-8f54-bcfe1c4599ef/,38dcbf6c1d1495f81398cb769f530dcc3f291420366459201dfb20226fde3414,senate-efd-ocr,explicit,0
B001236,JOHN BOOZMAN,senate,Republican,AR,"Commission on Security and Cooperation in Europe; SSAF13; SSAF14; SSAF15; SSAF16; SSAF17; SSAP02; SSAP18; SSAP19; SSAP20; SSAP23; SSAP24; SSEV08; SSEV10; SSEV15; Senate Committee on Agriculture, Nutrition, and Forestry; Senate Committee on Appropriations; Senate Committee on Environment and Public Works; Senate Committee on Rules and Administration; Senate Committee on Veterans' Affairs",False,2023-02-06,2023-03-06,JMBS,Janus Detroit Str Tr Henderson Mtg (JMBS),,Sale,"$1,001 - $15,000",8000.5,False,Self,7dfcd5fd-ae2e-4a52-8f54-bcfe1c4599ef,https://efdsearch.senate.gov/search/view/paper/7dfcd5fd-ae2e-4a52-8f54-bcfe1c4599ef/,5d9d35c2a01ea79ad49a65c8b67c56b8264a645f8f360ec84da00190d581bd51,senate-efd-ocr,explicit,0
B001236,JOHN BOOZMAN,senate,Republican,AR,"Commission on Security and Cooperation in Europe; SSAF13; SSAF14; SSAF15; SSAF16; SSAF17; SSAP02; SSAP18; SSAP19; SSAP20; SSAP23; SSAP24; SSEV08; SSEV10; SSEV15; Senate Committee on Agriculture, Nutrition, and Forestry; Senate Committee on Appropriations; Senate Committee on Environment and Public Works; Senate Committee on Rules and Administration; Senate Committee on Veterans' Affairs",False,2023-02-22,2023-03-06,JMBS,Janus Detroit Str Tr Henderson Mtg (JMBS),,Sale,"$1,001 - $15,000",8000.5,False,Self,7dfcd5fd-ae2e-4a52-8f54-bcfe1c4599ef,https://efdsearch.senate.gov/search/view/paper/7dfcd5fd-ae2e-4a52-8f54-bcfe1c4599ef/,3027951c54b4d1da8100b83916dcb52e8dd64c443399ad2477e43b11c996a676,senate-efd-ocr,explicit,0
B001236,JOHN BOOZMAN,senate,Republican,AR,"Commission on Security and Cooperation in Europe; SSAF13; SSAF14; SSAF15; SSAF16; SSAF17; SSAP02; SSAP18; SSAP19; SSAP20; SSAP23; SSAP24; SSEV08; SSEV10; SSEV15; Senate Committee on Agriculture, Nutrition, and Forestry; Senate Committee on Appropriations; Senate Committee on Environment and Public Works; Senate Committee on Rules and Administration; Senate Committee on Veterans' Affairs",False,2023-02-06,2023-03-06,TLT,iShares Barclays 20 Plus Year Treasury Bond Fund (TLT),Municipal Security,Purchase,"$1,001 - $15,000",8000.5,False,Self,7dfcd5fd-ae2e-4a52-8f54-bcfe1c4599ef,https://efdsearch.senate.gov/search/view/paper/7dfcd5fd-ae2e-4a52-8f54-bcfe1c4599ef/,5cc7008118740fd69dbc061a468803cf2762328fdd78ac6cfef3f6888173ca03,senate-efd-ocr,explicit,0
B001236,JOHN BOOZMAN,senate,Republican,AR,"Commission on Security and Cooperation in Europe; SSAF13; SSAF14; SSAF15; SSAF16; SSAF17; SSAP02; SSAP18; SSAP19; SSAP20; SSAP23; SSAP24; SSEV08; SSEV10; SSEV15; Senate Committee on Agriculture, Nutrition, and Forestry; Senate Committee on Appropriations; Senate Committee on Environment and Public Works; Senate Committee on Rules and Administration; Senate Committee on Veterans' Affairs",False,2023-02-22,2023-03-06,IEI,iShares Barclays 3-7 Yr Tsy Bd Fd (IEI),,Purchase,"$15,001 - $50,000",32500.5,False,Self,7dfcd5fd-ae2e-4a52-8f54-bcfe1c4599ef,https://efdsearch.senate.gov/search/view/paper/7dfcd5fd-ae2e-4a52-8f54-bcfe1c4599ef/,04a7b0134b1fdec6d361fb93cfcb7a00f70d6ebb80e31eae6bd42020cdab9e53,senate-efd-ocr,explicit,0
B001236,JOHN BOOZMAN,senate,Republican,AR,"Commission on Security and Cooperation in Europe; SSAF13; SSAF14; SSAF15; SSAF16; SSAF17; SSAP02; SSAP18; SSAP19; SSAP20; SSAP23; SSAP24; SSEV08; SSEV10; SSEV15; Senate Committee on Agriculture, Nutrition, and Forestry; Senate Committee on Appropriations; Senate Committee on Environment and Public Works; Senate Committee on Rules and Administration; Senate Committee on Veterans' Affairs",False,2023-02-06,2023-03-06,TLH,iShares Tr Barclays 10-20 Yr (TLH),,Purchase,"$1,001 - $15,000",8000.5,False,Self,7dfcd5fd-ae2e-4a52-8f54-bcfe1c4599ef,https://efdsearch.senate.gov/search/view/paper/7dfcd5fd-ae2e-4a52-8f54-bcfe1c4599ef/,d28074236592126a64827e819261eafe6330e23c30afd96ed1634b3d2f7f7181,senate-efd-ocr,explicit,0
B001277,RICHARD BLUMENTHAL,senate,Democrat,CT,SSAS13; SSAS14; SSAS17; SSGA01; SSGA20; SSJU01; SSJU22; SSJU25; SSJU28; Senate Committee on Armed Services; Senate Committee on Homeland Security and Governmental Affairs; Senate Committee on Veterans' Affairs; Senate Committee on the Judiciary; United States Senate Caucus on International Narcotics Control,True,2022-12-29,2023-02-01,,Commodore Capital Domestic LP,Other,Purchase,"$15,001 - $50,000",32500.5,False,Spouse,e88a2069-7bc6-4635-ae19-37fbd533a3f1,https://efdsearch.senate.gov/search/view/paper/e88a2069-7bc6-4635-ae19-37fbd533a3f1/,3d9d29ebbb4a345ba56ed54c44376a23e04b05ae6a7a5df0b15038144c2d8b7d,senate-efd-ocr,explicit,0
B001277,RICHARD BLUMENTHAL,senate,Democrat,CT,SSAS13; SSAS14; SSAS17; SSGA01; SSGA20; SSJU01; SSJU22; SSJU25; SSJU28; Senate Committee on Armed Services; Senate Committee on Homeland Security and Governmental Affairs; Senate Committee on Veterans' Affairs; Senate Committee on the Judiciary; United States Senate Caucus on International Narcotics Control,True,2022-12-29,2023-02-01,,Peter L Malkin Family 9 LLC: Commodore Capital Domestic LP,Other,Purchase,"$50,001 - $100,000",75000.5,False,Spouse,e88a2069-7bc6-4635-ae19-37fbd533a3f1,https://efdsearch.senate.gov/search/view/paper/e88a2069-7bc6-4635-ae19-37fbd533a3f1/,0e998da5da59a7f0b5955fe38c4a46889f98ff649221647ada7b32c7bcd7adf8,senate-efd-ocr,explicit,0
B001277,RICHARD BLUMENTHAL,senate,Democrat,CT,SSAS13; SSAS14; SSAS17; SSGA01; SSGA20; SSJU01; SSJU22; SSJU25; SSJU28; Senate Committee on Armed Services; Senate Committee on Homeland Security and Governmental Affairs; Senate Committee on Veterans' Affairs; Senate Committee on the Judiciary; United States Senate Caucus on International Narcotics Control,True,2022-12-29,2023-02-01,,Peter L Malkin Family 2000 LLC: Commodore Capital Domestic LP,Other,Purchase,"$100,001 - $250,000",175000.5,False,Spouse,e88a2069-7bc6-4635-ae19-37fbd533a3f1,https://efdsearch.senate.gov/search/view/paper/e88a2069-7bc6-4635-ae19-37fbd533a3f1/,8814149289febe5934f6afbc00951b83639105ba7149b59f07efb2eb0edcda2a,senate-efd-ocr,explicit,0
B001277,RICHARD BLUMENTHAL,senate,Democrat,CT,SSAS13; SSAS14; SSAS17; SSGA01; SSGA20; SSJU01; SSJU22; SSJU25; SSJU28; Senate Committee on Armed Services; Senate Committee on Homeland Security and Governmental Affairs; Senate Committee on Veterans' Affairs; Senate Committee on the Judiciary; United States Senate Caucus on International Narcotics Control,True,2022-12-21,2023-02-01,,Peter L Malkin Family 9 LLC: Brazilian SELIC (LFT) Bonds (Held by BTG),Other,Purchase,"$15,001 - $50,000",32500.5,False,Spouse,e88a2069-7bc6-4635-ae19-37fbd533a3f1,https://efdsearch.senate.gov/search/view/paper/e88a2069-7bc6-4635-ae19-37fbd533a3f1/,dfd777ed30683d38b728dad7ed62e4a7a9da9b84970864e10ea639a99cda2031,senate-efd-ocr,explicit,0
B001277,RICHARD BLUMENTHAL,senate,Democrat,CT,SSAS13; SSAS14; SSAS17; SSGA01; SSGA20; SSJU01; SSJU22; SSJU25; SSJU28; Senate Committee on Armed Services; Senate Committee on Homeland Security and Governmental Affairs; Senate Committee on Veterans' Affairs; Senate Committee on the Judiciary; United States Senate Caucus on International Narcotics Control,True,2022-12-29,2023-02-01,,Peter L Malkin Family 9 LLC: Commodore Capital Domestic LP,Other,Purchase,"$50,001 - $100,000",75000.5,False,Spouse,e88a2069-7bc6-4635-ae19-37fbd533a3f1,https://efdsearch.senate.gov/search/view/paper/e88a2069-7bc6-4635-ae19-37fbd533a3f1/,0e998da5da59a7f0b5955fe38c4a46889f98ff649221647ada7b32c7bcd7adf8,senate-efd-ocr,explicit,1
B001236,JOHN BOOZMAN,senate,Republican,AR,"Commission on Security and Cooperation in Europe; SSAF13; SSAF14; SSAF15; SSAF16; SSAF17; SSAP02; SSAP18; SSAP19; SSAP20; SSAP23; SSAP24; SSEV08; SSEV10; SSEV15; Senate Committee on Agriculture, Nutrition, and Forestry; Senate Committee on Appropriations; Senate Committee on Environment and Public Works; Senate Committee on Rules and Administration; Senate Committee on Veterans' Affairs",False,2022-12-01,2023-01-11,HAS,Hasbro Inc Com,Stock,Sale,"$1,001 - $15,000",8000.5,False,Self,4df8548a-b058-4538-b273-ede087597a28,https://efdsearch.senate.gov/search/view/paper/4df8548a-b058-4538-b273-ede087597a28/,19f171b87fc9cb5c3502c154887a70ce3c4d37332712219bf451be6e724f7b0e,senate-efd-ocr,explicit,0
B001236,JOHN BOOZMAN,senate,Republican,AR,"Commission on Security and Cooperation in Europe; SSAF13; SSAF14; SSAF15; SSAF16; SSAF17; SSAP02; SSAP18; SSAP19; SSAP20; SSAP23; SSAP24; SSEV08; SSEV10; SSEV15; Senate Committee on Agriculture, Nutrition, and Forestry; Senate Committee on Appropriations; Senate Committee on Environment and Public Works; Senate Committee on Rules and Administration; Senate Committee on Veterans' Affairs",False,2022-12-01,2023-01-11,QSR,Restaurant Brands Intl Inc Com,Stock,Purchase,"$1,001 - $15,000",8000.5,False,Self,4df8548a-b058-4538-b273-ede087597a28,https://efdsearch.senate.gov/search/view/paper/4df8548a-b058-4538-b273-ede087597a28/,a4155a13821409ddb4bdfe5669a67dbee0ae7f77fb9a594452f2d22c5ed119d4,senate-efd-ocr,explicit,0
