year,filing_type,filing_date_raw,filing_date,doc_id,last_name,first_name,declarant_name_raw,state_dst,pdf_url,source_xml_path
2026,P,3/31/2026,2026-03-31,20034201,Alford,Mark,Mark Alford,MO04,https://disclosures-clerk.house.gov/public_disc/ptr-pdfs/2026/20034201.pdf,/Users/lemairealice/Downloads/Jupiter/congress_trading_signal/data/raw/house/index/2026FD.xml
2026,P,1/15/2026,2026-01-15,20033751,Allen,Richard W.,Richard W. Allen,GA12,https://disclosures-clerk.house.gov/public_disc/ptr-pdfs/2026/20033751.pdf,/Users/lemairealice/Downloads/Jupiter/congress_trading_signal/data/raw/house/index/2026FD.xml
2026,P,2/17/2026,2026-02-17,20033945,Allen,Richard W.,Richard W. Allen,GA12,https://disclosures-clerk.house.gov/public_disc/ptr-pdfs/2026/20033945.pdf,/Users/lemairealice/Downloads/Jupiter/congress_trading_signal/data/raw/house/index/2026FD.xml
2026,P,3/11/2026,2026-03-11,20034133,Allen,Richard W.,Richard W. Allen,GA12,https://disclosures-clerk.house.gov/public_disc/ptr-pdfs/2026/20034133.pdf,/Users/lemairealice/Downloads/Jupiter/congress_trading_signal/data/raw/house/index/2026FD.xml
2026,P,5/4/2026,2026-05-04,20034315,Allen,Richard W.,Richard W. Allen,GA12,https://disclosures-clerk.house.gov/public_disc/ptr-pdfs/2026/20034315.pdf,/Users/lemairealice/Downloads/Jupiter/congress_trading_signal/data/raw/house/index/2026FD.xml
2026,P,6/5/2026,2026-06-05,20034473,Allen,Richard W.,Richard W. Allen,GA12,https://disclosures-clerk.house.gov/public_disc/ptr-pdfs/2026/20034473.pdf,/Users/lemairealice/Downloads/Jupiter/congress_trading_signal/data/raw/house/index/2026FD.xml
2026,P,6/16/2026,2026-06-16,20034740,Allen,Richard W.,Richard W. Allen,GA12,https://disclosures-clerk.house.gov/public_disc/ptr-pdfs/2026/20034740.pdf,/Users/lemairealice/Downloads/Jupiter/congress_trading_signal/data/raw/house/index/2026FD.xml
2026,P,2/19/2026,2026-02-19,20034024,Auchincloss,Jake,Jake Auchincloss,MA04,https://disclosures-clerk.house.gov/public_disc/ptr-pdfs/2026/20034024.pdf,/Users/lemairealice/Downloads/Jupiter/congress_trading_signal/data/raw/house/index/2026FD.xml
2026,P,5/22/2026,2026-05-22,20034622,Auchincloss,Jake,Jake Auchincloss,MA04,https://disclosures-clerk.house.gov/public_disc/ptr-pdfs/2026/20034622.pdf,/Users/lemairealice/Downloads/Jupiter/congress_trading_signal/data/raw/house/index/2026FD.xml
2026,P,5/18/2026,2026-05-18,20034522,Babin,Brian,Brian Babin,TX36,https://disclosures-clerk.house.gov/public_disc/ptr-pdfs/2026/20034522.pdf,/Users/lemairealice/Downloads/Jupiter/congress_trading_signal/data/raw/house/index/2026FD.xml
2026,P,6/12/2026,2026-06-12,20020055,Begich,Nicholas,Nicholas Begich,AK00,https://disclosures-clerk.house.gov/public_disc/ptr-pdfs/2026/20020055.pdf,/Users/lemairealice/Downloads/Jupiter/congress_trading_signal/data/raw/house/index/2026FD.xml
2026,P,5/9/2026,2026-05-09,20034524,Bentz,Cliff,Cliff Bentz,OR02,https://disclosures-clerk.house.gov/public_disc/ptr-pdfs/2026/20034524.pdf,/Users/lemairealice/Downloads/Jupiter/congress_trading_signal/data/raw/house/index/2026FD.xml
2026,P,1/2/2026,2026-01-02,20033714,Beyer,Donald Sternoff,Donald Sternoff Beyer,VA08,https://disclosures-clerk.house.gov/public_disc/ptr-pdfs/2026/20033714.pdf,/Users/lemairealice/Downloads/Jupiter/congress_trading_signal/data/raw/house/index/2026FD.xml
2026,P,1/31/2026,2026-01-31,20033903,Beyer,Donald Sternoff,Donald Sternoff Beyer,VA08,https://disclosures-clerk.house.gov/public_disc/ptr-pdfs/2026/20033903.pdf,/Users/lemairealice/Downloads/Jupiter/congress_trading_signal/data/raw/house/index/2026FD.xml
2026,P,3/1/2026,2026-03-01,20034085,Beyer,Donald Sternoff,Donald Sternoff Beyer,VA08,https://disclosures-clerk.house.gov/public_disc/ptr-pdfs/2026/20034085.pdf,/Users/lemairealice/Downloads/Jupiter/congress_trading_signal/data/raw/house/index/2026FD.xml
2026,P,1/14/2026,2026-01-14,20033800,Biggs,Sheri,Sheri Biggs,SC03,https://disclosures-clerk.house.gov/public_disc/ptr-pdfs/2026/20033800.pdf,/Users/lemairealice/Downloads/Jupiter/congress_trading_signal/data/raw/house/index/2026FD.xml
2026,P,2/5/2026,2026-02-05,20033927,Biggs,Sheri,Sheri Biggs,SC03,https://disclosures-clerk.house.gov/public_disc/ptr-pdfs/2026/20033927.pdf,/Users/lemairealice/Downloads/Jupiter/congress_trading_signal/data/raw/house/index/2026FD.xml
2026,P,2/17/2026,2026-02-17,20034013,Biggs,Sheri,Sheri Biggs,SC03,https://disclosures-clerk.house.gov/public_disc/ptr-pdfs/2026/20034013.pdf,/Users/lemairealice/Downloads/Jupiter/congress_trading_signal/data/raw/house/index/2026FD.xml
2026,P,3/21/2026,2026-03-21,20034195,Biggs,Sheri,Sheri Biggs,SC03,https://disclosures-clerk.house.gov/public_disc/ptr-pdfs/2026/20034195.pdf,/Users/lemairealice/Downloads/Jupiter/congress_trading_signal/data/raw/house/index/2026FD.xml
2026,P,4/16/2026,2026-04-16,20034346,Biggs,Sheri,Sheri Biggs,SC03,https://disclosures-clerk.house.gov/public_disc/ptr-pdfs/2026/20034346.pdf,/Users/lemairealice/Downloads/Jupiter/congress_trading_signal/data/raw/house/index/2026FD.xml
2026,P,6/9/2026,2026-06-09,20034496,Biggs,Sheri,Sheri Biggs,SC03,https://disclosures-clerk.house.gov/public_disc/ptr-pdfs/2026/20034496.pdf,/Users/lemairealice/Downloads/Jupiter/congress_trading_signal/data/raw/house/index/2026FD.xml
2026,P,2/22/2026,2026-02-22,20034044,Bresnahan,Rob,Rob Bresnahan,PA08,https://disclosures-clerk.house.gov/public_disc/ptr-pdfs/2026/20034044.pdf,/Users/lemairealice/Downloads/Jupiter/congress_trading_signal/data/raw/house/index/2026FD.xml
2026,P,3/18/2026,2026-03-18,20034202,Bresnahan,Rob,Rob Bresnahan,PA08,https://disclosures-clerk.house.gov/public_disc/ptr-pdfs/2026/20034202.pdf,/Users/lemairealice/Downloads/Jupiter/congress_trading_signal/data/raw/house/index/2026FD.xml
2026,P,5/8/2026,2026-05-08,20034502,Carter,Earl Leroy,Earl Leroy Carter,GA01,https://disclosures-clerk.house.gov/public_disc/ptr-pdfs/2026/20034502.pdf,/Users/lemairealice/Downloads/Jupiter/congress_trading_signal/data/raw/house/index/2026FD.xml
2026,P,3/14/2026,2026-03-14,20034176,Case,Ed,Ed Case,HI01,https://disclosures-clerk.house.gov/public_disc/ptr-pdfs/2026/20034176.pdf,/Users/lemairealice/Downloads/Jupiter/congress_trading_signal/data/raw/house/index/2026FD.xml
2026,P,4/6/2026,2026-04-06,20034221,Case,Ed,Ed Case,HI01,https://disclosures-clerk.house.gov/public_disc/ptr-pdfs/2026/20034221.pdf,/Users/lemairealice/Downloads/Jupiter/congress_trading_signal/data/raw/house/index/2026FD.xml
2026,P,5/31/2026,2026-05-31,20034668,Case,Ed,Ed Case,HI01,https://disclosures-clerk.house.gov/public_disc/ptr-pdfs/2026/20034668.pdf,/Users/lemairealice/Downloads/Jupiter/congress_trading_signal/data/raw/house/index/2026FD.xml
2026,P,1/12/2026,2026-01-12,20033762,Cisneros,Gilbert,Gilbert Cisneros,CA31,https://disclosures-clerk.house.gov/public_disc/ptr-pdfs/2026/20033762.pdf,/Users/lemairealice/Downloads/Jupiter/congress_trading_signal/data/raw/house/index/2026FD.xml
2026,P,2/13/2026,2026-02-13,20033983,Cisneros,Gilbert,Gilbert Cisneros,CA31,https://disclosures-clerk.house.gov/public_disc/ptr-pdfs/2026/20033983.pdf,/Users/lemairealice/Downloads/Jupiter/congress_trading_signal/data/raw/house/index/2026FD.xml
2026,P,3/9/2026,2026-03-09,20034144,Cisneros,Gilbert,Gilbert Cisneros,CA31,https://disclosures-clerk.house.gov/public_disc/ptr-pdfs/2026/20034144.pdf,/Users/lemairealice/Downloads/Jupiter/congress_trading_signal/data/raw/house/index/2026FD.xml
2026,P,4/7/2026,2026-04-07,20034285,Cisneros,Gilbert,Gilbert Cisneros,CA31,https://disclosures-clerk.house.gov/public_disc/ptr-pdfs/2026/20034285.pdf,/Users/lemairealice/Downloads/Jupiter/congress_trading_signal/data/raw/house/index/2026FD.xml
2026,P,5/8/2026,2026-05-08,20034500,Cisneros,Gilbert,Gilbert Cisneros,CA31,https://disclosures-clerk.house.gov/public_disc/ptr-pdfs/2026/20034500.pdf,/Users/lemairealice/Downloads/Jupiter/congress_trading_signal/data/raw/house/index/2026FD.xml
2026,P,6/8/2026,2026-06-08,20034713,Cisneros,Gilbert,Gilbert Cisneros,CA31,https://disclosures-clerk.house.gov/public_disc/ptr-pdfs/2026/20034713.pdf,/Users/lemairealice/Downloads/Jupiter/congress_trading_signal/data/raw/house/index/2026FD.xml
2026,P,1/14/2026,2026-01-14,20033754,Cohen,Steve,Steve Cohen,TN09,https://disclosures-clerk.house.gov/public_disc/ptr-pdfs/2026/20033754.pdf,/Users/lemairealice/Downloads/Jupiter/congress_trading_signal/data/raw/house/index/2026FD.xml
2026,P,1/26/2026,2026-01-26,20033813,Cohen,Steve,Steve Cohen,TN09,https://disclosures-clerk.house.gov/public_disc/ptr-pdfs/2026/20033813.pdf,/Users/lemairealice/Downloads/Jupiter/congress_trading_signal/data/raw/house/index/2026FD.xml
2026,P,2/9/2026,2026-02-09,20033889,Cohen,Steve,Steve Cohen,TN09,https://disclosures-clerk.house.gov/public_disc/ptr-pdfs/2026/20033889.pdf,/Users/lemairealice/Downloads/Jupiter/congress_trading_signal/data/raw/house/index/2026FD.xml
2026,P,3/5/2026,2026-03-05,20034119,Cohen,Steve,Steve Cohen,TN09,https://disclosures-clerk.house.gov/public_disc/ptr-pdfs/2026/20034119.pdf,/Users/lemairealice/Downloads/Jupiter/congress_trading_signal/data/raw/house/index/2026FD.xml
2026,P,3/26/2026,2026-03-26,20034167,Cohen,Steve,Steve Cohen,TN09,https://disclosures-clerk.house.gov/public_disc/ptr-pdfs/2026/20034167.pdf,/Users/lemairealice/Downloads/Jupiter/congress_trading_signal/data/raw/house/index/2026FD.xml
2026,P,4/28/2026,2026-04-28,20034368,Cohen,Steve,Steve Cohen,TN09,https://disclosures-clerk.house.gov/public_disc/ptr-pdfs/2026/20034368.pdf,/Users/lemairealice/Downloads/Jupiter/congress_trading_signal/data/raw/house/index/2026FD.xml
2026,P,5/15/2026,2026-05-15,20034452,Cohen,Steve,Steve Cohen,TN09,https://disclosures-clerk.house.gov/public_disc/ptr-pdfs/2026/20034452.pdf,/Users/lemairealice/Downloads/Jupiter/congress_trading_signal/data/raw/house/index/2026FD.xml
2026,P,5/20/2026,2026-05-20,20034589,Cohen,Steve,Steve Cohen,TN09,https://disclosures-clerk.house.gov/public_disc/ptr-pdfs/2026/20034589.pdf,/Users/lemairealice/Downloads/Jupiter/congress_trading_signal/data/raw/house/index/2026FD.xml
2026,P,6/17/2026,2026-06-17,20034796,Cohen,Steve,Steve Cohen,TN09,https://disclosures-clerk.house.gov/public_disc/ptr-pdfs/2026/20034796.pdf,/Users/lemairealice/Downloads/Jupiter/congress_trading_signal/data/raw/house/index/2026FD.xml
2026,P,1/20/2026,2026-01-20,20033840,Collins,Michael A.,Michael A. Collins,GA10,https://disclosures-clerk.house.gov/public_disc/ptr-pdfs/2026/20033840.pdf,/Users/lemairealice/Downloads/Jupiter/congress_trading_signal/data/raw/house/index/2026FD.xml
2026,P,3/25/2026,2026-03-25,20034223,Davidson,Warren,Warren Davidson,OH08,https://disclosures-clerk.house.gov/public_disc/ptr-pdfs/2026/20034223.pdf,/Users/lemairealice/Downloads/Jupiter/congress_trading_signal/data/raw/house/index/2026FD.xml
2026,P,1/5/2026,2026-01-05,20033737,Delaney,April McClain,April McClain Delaney,MD06,https://disclosures-clerk.house.gov/public_disc/ptr-pdfs/2026/20033737.pdf,/Users/lemairealice/Downloads/Jupiter/congress_trading_signal/data/raw/house/index/2026FD.xml
2026,P,2/2/2026,2026-02-02,20033921,Delaney,April McClain,April McClain Delaney,MD06,https://disclosures-clerk.house.gov/public_disc/ptr-pdfs/2026/20033921.pdf,/Users/lemairealice/Downloads/Jupiter/congress_trading_signal/data/raw/house/index/2026FD.xml
2026,P,3/10/2026,2026-03-10,20034159,Delaney,April McClain,April McClain Delaney,MD06,https://disclosures-clerk.house.gov/public_disc/ptr-pdfs/2026/20034159.pdf,/Users/lemairealice/Downloads/Jupiter/congress_trading_signal/data/raw/house/index/2026FD.xml
2026,P,4/6/2026,2026-04-06,20034299,Delaney,April McClain,April McClain Delaney,MD06,https://disclosures-clerk.house.gov/public_disc/ptr-pdfs/2026/20034299.pdf,/Users/lemairealice/Downloads/Jupiter/congress_trading_signal/data/raw/house/index/2026FD.xml
2026,P,5/6/2026,2026-05-06,20034487,Delaney,April McClain,April McClain Delaney,MD06,https://disclosures-clerk.house.gov/public_disc/ptr-pdfs/2026/20034487.pdf,/Users/lemairealice/Downloads/Jupiter/congress_trading_signal/data/raw/house/index/2026FD.xml
2026,P,6/5/2026,2026-06-05,20034718,Delaney,April McClain,April McClain Delaney,MD06,https://disclosures-clerk.house.gov/public_disc/ptr-pdfs/2026/20034718.pdf,/Users/lemairealice/Downloads/Jupiter/congress_trading_signal/data/raw/house/index/2026FD.xml
2026,P,1/12/2026,2026-01-12,20033766,DelBene,Suzan K.,Suzan K. DelBene,WA01,https://disclosures-clerk.house.gov/public_disc/ptr-pdfs/2026/20033766.pdf,/Users/lemairealice/Downloads/Jupiter/congress_trading_signal/data/raw/house/index/2026FD.xml
2026,P,1/23/2026,2026-01-23,20033835,DelBene,Suzan K.,Suzan K. DelBene,WA01,https://disclosures-clerk.house.gov/public_disc/ptr-pdfs/2026/20033835.pdf,/Users/lemairealice/Downloads/Jupiter/congress_trading_signal/data/raw/house/index/2026FD.xml
2026,P,3/12/2026,2026-03-12,20034155,DelBene,Suzan K.,Suzan K. DelBene,WA01,https://disclosures-clerk.house.gov/public_disc/ptr-pdfs/2026/20034155.pdf,/Users/lemairealice/Downloads/Jupiter/congress_trading_signal/data/raw/house/index/2026FD.xml
2026,P,4/28/2026,2026-04-28,20034400,DelBene,Suzan K.,Suzan K. DelBene,WA01,https://disclosures-clerk.house.gov/public_disc/ptr-pdfs/2026/20034400.pdf,/Users/lemairealice/Downloads/Jupiter/congress_trading_signal/data/raw/house/index/2026FD.xml
2026,P,5/8/2026,2026-05-08,20034466,DelBene,Suzan K.,Suzan K. DelBene,WA01,https://disclosures-clerk.house.gov/public_disc/ptr-pdfs/2026/20034466.pdf,/Users/lemairealice/Downloads/Jupiter/congress_trading_signal/data/raw/house/index/2026FD.xml
2026,P,5/26/2026,2026-05-26,20034615,DelBene,Suzan K.,Suzan K. DelBene,WA01,https://disclosures-clerk.house.gov/public_disc/ptr-pdfs/2026/20034615.pdf,/Users/lemairealice/Downloads/Jupiter/congress_trading_signal/data/raw/house/index/2026FD.xml
2026,P,6/11/2026,2026-06-11,20034727,DelBene,Suzan K.,Suzan K. DelBene,WA01,https://disclosures-clerk.house.gov/public_disc/ptr-pdfs/2026/20034727.pdf,/Users/lemairealice/Downloads/Jupiter/congress_trading_signal/data/raw/house/index/2026FD.xml
2026,P,1/12/2026,2026-01-12,20033744,Dingell,Debbie,Debbie Dingell,MI06,https://disclosures-clerk.house.gov/public_disc/ptr-pdfs/2026/20033744.pdf,/Users/lemairealice/Downloads/Jupiter/congress_trading_signal/data/raw/house/index/2026FD.xml
2026,P,2/23/2026,2026-02-23,20034035,Dingell,Debbie,Debbie Dingell,MI06,https://disclosures-clerk.house.gov/public_disc/ptr-pdfs/2026/20034035.pdf,/Users/lemairealice/Downloads/Jupiter/congress_trading_signal/data/raw/house/index/2026FD.xml
2026,P,4/28/2026,2026-04-28,20034416,Dingell,Debbie,Debbie Dingell,MI06,https://disclosures-clerk.house.gov/public_disc/ptr-pdfs/2026/20034416.pdf,/Users/lemairealice/Downloads/Jupiter/congress_trading_signal/data/raw/house/index/2026FD.xml
2026,P,6/5/2026,2026-06-05,20034702,Dingell,Debbie,Debbie Dingell,MI06,https://disclosures-clerk.house.gov/public_disc/ptr-pdfs/2026/20034702.pdf,/Users/lemairealice/Downloads/Jupiter/congress_trading_signal/data/raw/house/index/2026FD.xml
2026,P,1/2/2026,2026-01-02,20033713,Doggett,Lloyd,Lloyd Doggett,TX37,https://disclosures-clerk.house.gov/public_disc/ptr-pdfs/2026/20033713.pdf,/Users/lemairealice/Downloads/Jupiter/congress_trading_signal/data/raw/house/index/2026FD.xml
2026,P,3/5/2026,2026-03-05,20034132,Doggett,Lloyd,Lloyd Doggett,TX37,https://disclosures-clerk.house.gov/public_disc/ptr-pdfs/2026/20034132.pdf,/Users/lemairealice/Downloads/Jupiter/congress_trading_signal/data/raw/house/index/2026FD.xml
2026,P,4/6/2026,2026-04-06,20034292,Doggett,Lloyd,Lloyd Doggett,TX37,https://disclosures-clerk.house.gov/public_disc/ptr-pdfs/2026/20034292.pdf,/Users/lemairealice/Downloads/Jupiter/congress_trading_signal/data/raw/house/index/2026FD.xml
2026,P,5/6/2026,2026-05-06,20034486,Doggett,Lloyd,Lloyd Doggett,TX37,https://disclosures-clerk.house.gov/public_disc/ptr-pdfs/2026/20034486.pdf,/Users/lemairealice/Downloads/Jupiter/congress_trading_signal/data/raw/house/index/2026FD.xml
2026,P,6/4/2026,2026-06-04,20034712,Doggett,Lloyd,Lloyd Doggett,TX37,https://disclosures-clerk.house.gov/public_disc/ptr-pdfs/2026/20034712.pdf,/Users/lemairealice/Downloads/Jupiter/congress_trading_signal/data/raw/house/index/2026FD.xml
2026,P,1/7/2026,2026-01-07,20033747,Donalds,Byron,Byron Donalds,FL19,https://disclosures-clerk.house.gov/public_disc/ptr-pdfs/2026/20033747.pdf,/Users/lemairealice/Downloads/Jupiter/congress_trading_signal/data/raw/house/index/2026FD.xml
2026,P,1/9/2026,2026-01-09,20033780,Donalds,Byron,Byron Donalds,FL19,https://disclosures-clerk.house.gov/public_disc/ptr-pdfs/2026/20033780.pdf,/Users/lemairealice/Downloads/Jupiter/congress_trading_signal/data/raw/house/index/2026FD.xml
2026,P,2/12/2026,2026-02-12,20033981,Donalds,Byron,Byron Donalds,FL19,https://disclosures-clerk.house.gov/public_disc/ptr-pdfs/2026/20033981.pdf,/Users/lemairealice/Downloads/Jupiter/congress_trading_signal/data/raw/house/index/2026FD.xml
2026,P,3/6/2026,2026-03-06,20034134,Donalds,Byron,Byron Donalds,FL19,https://disclosures-clerk.house.gov/public_disc/ptr-pdfs/2026/20034134.pdf,/Users/lemairealice/Downloads/Jupiter/congress_trading_signal/data/raw/house/index/2026FD.xml
2026,P,4/8/2026,2026-04-08,20034297,Donalds,Byron,Byron Donalds,FL19,https://disclosures-clerk.house.gov/public_disc/ptr-pdfs/2026/20034297.pdf,/Users/lemairealice/Downloads/Jupiter/congress_trading_signal/data/raw/house/index/2026FD.xml
2026,P,5/13/2026,2026-05-13,20034478,Donalds,Byron,Byron Donalds,FL19,https://disclosures-clerk.house.gov/public_disc/ptr-pdfs/2026/20034478.pdf,/Users/lemairealice/Downloads/Jupiter/congress_trading_signal/data/raw/house/index/2026FD.xml
2026,P,3/17/2026,2026-03-17,20034114,Dunn,"Neal Patrick MD, Facs","Neal Patrick MD, Facs Dunn",FL02,https://disclosures-clerk.house.gov/public_disc/ptr-pdfs/2026/20034114.pdf,/Users/lemairealice/Downloads/Jupiter/congress_trading_signal/data/raw/house/index/2026FD.xml
2026,P,4/20/2026,2026-04-20,20034379,Evans,Dwight,Dwight Evans,PA03,https://disclosures-clerk.house.gov/public_disc/ptr-pdfs/2026/20034379.pdf,/Users/lemairealice/Downloads/Jupiter/congress_trading_signal/data/raw/house/index/2026FD.xml
2026,P,5/15/2026,2026-05-15,20034556,Evans,Dwight,Dwight Evans,PA03,https://disclosures-clerk.house.gov/public_disc/ptr-pdfs/2026/20034556.pdf,/Users/lemairealice/Downloads/Jupiter/congress_trading_signal/data/raw/house/index/2026FD.xml
2026,P,1/16/2026,2026-01-16,20033732,Fields,Cleo,Cleo Fields,LA06,https://disclosures-clerk.house.gov/public_disc/ptr-pdfs/2026/20033732.pdf,/Users/lemairealice/Downloads/Jupiter/congress_trading_signal/data/raw/house/index/2026FD.xml
2026,P,2/3/2026,2026-02-03,20033858,Fields,Cleo,Cleo Fields,LA06,https://disclosures-clerk.house.gov/public_disc/ptr-pdfs/2026/20033858.pdf,/Users/lemairealice/Downloads/Jupiter/congress_trading_signal/data/raw/house/index/2026FD.xml
2026,P,2/24/2026,2026-02-24,20034018,Fields,Cleo,Cleo Fields,LA06,https://disclosures-clerk.house.gov/public_disc/ptr-pdfs/2026/20034018.pdf,/Users/lemairealice/Downloads/Jupiter/congress_trading_signal/data/raw/house/index/2026FD.xml
2026,P,3/17/2026,2026-03-17,20034179,Fields,Cleo,Cleo Fields,LA06,https://disclosures-clerk.house.gov/public_disc/ptr-pdfs/2026/20034179.pdf,/Users/lemairealice/Downloads/Jupiter/congress_trading_signal/data/raw/house/index/2026FD.xml
2026,P,4/7/2026,2026-04-07,20034295,Fields,Cleo,Cleo Fields,LA06,https://disclosures-clerk.house.gov/public_disc/ptr-pdfs/2026/20034295.pdf,/Users/lemairealice/Downloads/Jupiter/congress_trading_signal/data/raw/house/index/2026FD.xml
2026,P,4/20/2026,2026-04-20,20034357,Fields,Cleo,Cleo Fields,LA06,https://disclosures-clerk.house.gov/public_disc/ptr-pdfs/2026/20034357.pdf,/Users/lemairealice/Downloads/Jupiter/congress_trading_signal/data/raw/house/index/2026FD.xml
2026,P,6/3/2026,2026-06-03,20034591,Fields,Cleo,Cleo Fields,LA06,https://disclosures-clerk.house.gov/public_disc/ptr-pdfs/2026/20034591.pdf,/Users/lemairealice/Downloads/Jupiter/congress_trading_signal/data/raw/house/index/2026FD.xml
2026,P,2/9/2026,2026-02-09,8221321,Fleischmann,"Charles J. ""Chuck""","Charles J. ""Chuck"" Fleischmann",TN03,https://disclosures-clerk.house.gov/public_disc/ptr-pdfs/2026/8221321.pdf,/Users/lemairealice/Downloads/Jupiter/congress_trading_signal/data/raw/house/index/2026FD.xml
2026,P,3/20/2026,2026-03-20,9115704,Fleischmann,"Charles J. ""Chuck""","Charles J. ""Chuck"" Fleischmann",TN03,https://disclosures-clerk.house.gov/public_disc/ptr-pdfs/2026/9115704.pdf,/Users/lemairealice/Downloads/Jupiter/congress_trading_signal/data/raw/house/index/2026FD.xml
2026,P,5/12/2026,2026-05-12,9115821,Fleischmann,"Charles J. ""Chuck""","Charles J. ""Chuck"" Fleischmann",TN03,https://disclosures-clerk.house.gov/public_disc/ptr-pdfs/2026/9115821.pdf,/Users/lemairealice/Downloads/Jupiter/congress_trading_signal/data/raw/house/index/2026FD.xml
2026,P,5/1/2026,2026-05-01,20034413,Fletcher,Elizabeth,Elizabeth Fletcher,TX07,https://disclosures-clerk.house.gov/public_disc/ptr-pdfs/2026/20034413.pdf,/Users/lemairealice/Downloads/Jupiter/congress_trading_signal/data/raw/house/index/2026FD.xml
2026,P,1/5/2026,2026-01-05,20033734,Foxx,Virginia,Virginia Foxx,NC05,https://disclosures-clerk.house.gov/public_disc/ptr-pdfs/2026/20033734.pdf,/Users/lemairealice/Downloads/Jupiter/congress_trading_signal/data/raw/house/index/2026FD.xml
2026,P,2/6/2026,2026-02-06,20033947,Foxx,Virginia,Virginia Foxx,NC05,https://disclosures-clerk.house.gov/public_disc/ptr-pdfs/2026/20033947.pdf,/Users/lemairealice/Downloads/Jupiter/congress_trading_signal/data/raw/house/index/2026FD.xml
2026,P,3/2/2026,2026-03-02,20034095,Foxx,Virginia,Virginia Foxx,NC05,https://disclosures-clerk.house.gov/public_disc/ptr-pdfs/2026/20034095.pdf,/Users/lemairealice/Downloads/Jupiter/congress_trading_signal/data/raw/house/index/2026FD.xml
2026,P,6/2/2026,2026-06-02,20034670,Foxx,Virginia,Virginia Foxx,NC05,https://disclosures-clerk.house.gov/public_disc/ptr-pdfs/2026/20034670.pdf,/Users/lemairealice/Downloads/Jupiter/congress_trading_signal/data/raw/house/index/2026FD.xml
2026,P,2/23/2026,2026-02-23,20034050,Franklin,Scott Scott,Scott Scott Franklin,FL18,https://disclosures-clerk.house.gov/public_disc/ptr-pdfs/2026/20034050.pdf,/Users/lemairealice/Downloads/Jupiter/congress_trading_signal/data/raw/house/index/2026FD.xml
2026,P,4/17/2026,2026-04-17,20034355,Friedman,Laura,Laura Friedman,CA30,https://disclosures-clerk.house.gov/public_disc/ptr-pdfs/2026/20034355.pdf,/Users/lemairealice/Downloads/Jupiter/congress_trading_signal/data/raw/house/index/2026FD.xml
2026,P,5/14/2026,2026-05-14,20034563,Friedman,Laura,Laura Friedman,CA30,https://disclosures-clerk.house.gov/public_disc/ptr-pdfs/2026/20034563.pdf,/Users/lemairealice/Downloads/Jupiter/congress_trading_signal/data/raw/house/index/2026FD.xml
2026,P,1/14/2026,2026-01-14,20033756,Gottheimer,Josh,Josh Gottheimer,NJ05,https://disclosures-clerk.house.gov/public_disc/ptr-pdfs/2026/20033756.pdf,/Users/lemairealice/Downloads/Jupiter/congress_trading_signal/data/raw/house/index/2026FD.xml
2026,P,2/26/2026,2026-02-26,20033930,Gottheimer,Josh,Josh Gottheimer,NJ05,https://disclosures-clerk.house.gov/public_disc/ptr-pdfs/2026/20033930.pdf,/Users/lemairealice/Downloads/Jupiter/congress_trading_signal/data/raw/house/index/2026FD.xml
2026,P,3/16/2026,2026-03-16,20034130,Gottheimer,Josh,Josh Gottheimer,NJ05,https://disclosures-clerk.house.gov/public_disc/ptr-pdfs/2026/20034130.pdf,/Users/lemairealice/Downloads/Jupiter/congress_trading_signal/data/raw/house/index/2026FD.xml
2026,P,4/8/2026,2026-04-08,20034305,Gottheimer,Josh,Josh Gottheimer,NJ05,https://disclosures-clerk.house.gov/public_disc/ptr-pdfs/2026/20034305.pdf,/Users/lemairealice/Downloads/Jupiter/congress_trading_signal/data/raw/house/index/2026FD.xml
2026,P,5/19/2026,2026-05-19,20034585,Gottheimer,Josh,Josh Gottheimer,NJ05,https://disclosures-clerk.house.gov/public_disc/ptr-pdfs/2026/20034585.pdf,/Users/lemairealice/Downloads/Jupiter/congress_trading_signal/data/raw/house/index/2026FD.xml
2026,P,6/3/2026,2026-06-03,20034693,Gottheimer,Josh,Josh Gottheimer,NJ05,https://disclosures-clerk.house.gov/public_disc/ptr-pdfs/2026/20034693.pdf,/Users/lemairealice/Downloads/Jupiter/congress_trading_signal/data/raw/house/index/2026FD.xml
2026,P,2/17/2026,2026-02-17,20033944,Guest,Michael Patrick,Michael Patrick Guest,MS03,https://disclosures-clerk.house.gov/public_disc/ptr-pdfs/2026/20033944.pdf,/Users/lemairealice/Downloads/Jupiter/congress_trading_signal/data/raw/house/index/2026FD.xml
2026,P,5/6/2026,2026-05-06,9115809,Harshbarger,Diana,Diana Harshbarger,TN01,https://disclosures-clerk.house.gov/public_disc/ptr-pdfs/2026/9115809.pdf,/Users/lemairealice/Downloads/Jupiter/congress_trading_signal/data/raw/house/index/2026FD.xml
2026,P,5/6/2026,2026-05-06,9115811,Harshbarger,Diana,Diana Harshbarger,TN01,https://disclosures-clerk.house.gov/public_disc/ptr-pdfs/2026/9115811.pdf,/Users/lemairealice/Downloads/Jupiter/congress_trading_signal/data/raw/house/index/2026FD.xml
2026,P,5/6/2026,2026-05-06,9115812,Harshbarger,Diana,Diana Harshbarger,TN01,https://disclosures-clerk.house.gov/public_disc/ptr-pdfs/2026/9115812.pdf,/Users/lemairealice/Downloads/Jupiter/congress_trading_signal/data/raw/house/index/2026FD.xml
2026,P,5/6/2026,2026-05-06,9115813,Harshbarger,Diana,Diana Harshbarger,TN01,https://disclosures-clerk.house.gov/public_disc/ptr-pdfs/2026/9115813.pdf,/Users/lemairealice/Downloads/Jupiter/congress_trading_signal/data/raw/house/index/2026FD.xml
2026,P,5/6/2026,2026-05-06,9115814,Harshbarger,Diana,Diana Harshbarger,TN01,https://disclosures-clerk.house.gov/public_disc/ptr-pdfs/2026/9115814.pdf,/Users/lemairealice/Downloads/Jupiter/congress_trading_signal/data/raw/house/index/2026FD.xml
2026,P,5/6/2026,2026-05-06,9115815,Harshbarger,Diana,Diana Harshbarger,TN01,https://disclosures-clerk.house.gov/public_disc/ptr-pdfs/2026/9115815.pdf,/Users/lemairealice/Downloads/Jupiter/congress_trading_signal/data/raw/house/index/2026FD.xml
2026,P,6/4/2026,2026-06-04,9115901,Harshbarger,Diana,Diana Harshbarger,TN01,https://disclosures-clerk.house.gov/public_disc/ptr-pdfs/2026/9115901.pdf,/Users/lemairealice/Downloads/Jupiter/congress_trading_signal/data/raw/house/index/2026FD.xml
2026,P,1/22/2026,2026-01-22,20033829,Hern,Kevin,Kevin Hern,OK01,https://disclosures-clerk.house.gov/public_disc/ptr-pdfs/2026/20033829.pdf,/Users/lemairealice/Downloads/Jupiter/congress_trading_signal/data/raw/house/index/2026FD.xml
2026,P,2/18/2026,2026-02-18,20034012,Hern,Kevin,Kevin Hern,OK01,https://disclosures-clerk.house.gov/public_disc/ptr-pdfs/2026/20034012.pdf,/Users/lemairealice/Downloads/Jupiter/congress_trading_signal/data/raw/house/index/2026FD.xml
2026,P,3/6/2026,2026-03-06,20034128,Hern,Kevin,Kevin Hern,OK01,https://disclosures-clerk.house.gov/public_disc/ptr-pdfs/2026/20034128.pdf,/Users/lemairealice/Downloads/Jupiter/congress_trading_signal/data/raw/house/index/2026FD.xml
2026,P,4/3/2026,2026-04-03,20034262,Hern,Kevin,Kevin Hern,OK01,https://disclosures-clerk.house.gov/public_disc/ptr-pdfs/2026/20034262.pdf,/Users/lemairealice/Downloads/Jupiter/congress_trading_signal/data/raw/house/index/2026FD.xml
2026,P,5/5/2026,2026-05-05,20034461,Hern,Kevin,Kevin Hern,OK01,https://disclosures-clerk.house.gov/public_disc/ptr-pdfs/2026/20034461.pdf,/Users/lemairealice/Downloads/Jupiter/congress_trading_signal/data/raw/house/index/2026FD.xml
2026,P,6/2/2026,2026-06-02,20034695,Hern,Kevin,Kevin Hern,OK01,https://disclosures-clerk.house.gov/public_disc/ptr-pdfs/2026/20034695.pdf,/Users/lemairealice/Downloads/Jupiter/congress_trading_signal/data/raw/house/index/2026FD.xml
2026,P,1/23/2026,2026-01-23,20033661,Hill,James French,James French Hill,AR02,https://disclosures-clerk.house.gov/public_disc/ptr-pdfs/2026/20033661.pdf,/Users/lemairealice/Downloads/Jupiter/congress_trading_signal/data/raw/house/index/2026FD.xml
2026,P,5/15/2026,2026-05-15,20034581,Hoyle,Valerie,Valerie Hoyle,OR04,https://disclosures-clerk.house.gov/public_disc/ptr-pdfs/2026/20034581.pdf,/Users/lemairealice/Downloads/Jupiter/congress_trading_signal/data/raw/house/index/2026FD.xml
2026,P,1/8/2026,2026-01-08,20033739,Jackson,Jonathan,Jonathan Jackson,IL01,https://disclosures-clerk.house.gov/public_disc/ptr-pdfs/2026/20033739.pdf,/Users/lemairealice/Downloads/Jupiter/congress_trading_signal/data/raw/house/index/2026FD.xml
2026,P,2/23/2026,2026-02-23,20033929,Jackson,Jonathan,Jonathan Jackson,IL01,https://disclosures-clerk.house.gov/public_disc/ptr-pdfs/2026/20033929.pdf,/Users/lemairealice/Downloads/Jupiter/congress_trading_signal/data/raw/house/index/2026FD.xml
2026,P,3/12/2026,2026-03-12,20034113,Jackson,Jonathan,Jonathan Jackson,IL01,https://disclosures-clerk.house.gov/public_disc/ptr-pdfs/2026/20034113.pdf,/Users/lemairealice/Downloads/Jupiter/congress_trading_signal/data/raw/house/index/2026FD.xml
2026,P,4/8/2026,2026-04-08,20034301,Jackson,Jonathan,Jonathan Jackson,IL01,https://disclosures-clerk.house.gov/public_disc/ptr-pdfs/2026/20034301.pdf,/Users/lemairealice/Downloads/Jupiter/congress_trading_signal/data/raw/house/index/2026FD.xml
2026,P,5/27/2026,2026-05-27,20034519,Jackson,Jonathan,Jonathan Jackson,IL01,https://disclosures-clerk.house.gov/public_disc/ptr-pdfs/2026/20034519.pdf,/Users/lemairealice/Downloads/Jupiter/congress_trading_signal/data/raw/house/index/2026FD.xml
2026,P,6/16/2026,2026-06-16,20034688,Jackson,Jonathan,Jonathan Jackson,IL01,https://disclosures-clerk.house.gov/public_disc/ptr-pdfs/2026/20034688.pdf,/Users/lemairealice/Downloads/Jupiter/congress_trading_signal/data/raw/house/index/2026FD.xml
2026,P,5/20/2026,2026-05-20,20034498,Jacobs,Sara,Sara Jacobs,CA51,https://disclosures-clerk.house.gov/public_disc/ptr-pdfs/2026/20034498.pdf,/Users/lemairealice/Downloads/Jupiter/congress_trading_signal/data/raw/house/index/2026FD.xml
2026,P,3/15/2026,2026-03-15,20034160,Jayapal,Pramila,Pramila Jayapal,WA07,https://disclosures-clerk.house.gov/public_disc/ptr-pdfs/2026/20034160.pdf,/Users/lemairealice/Downloads/Jupiter/congress_trading_signal/data/raw/house/index/2026FD.xml
2026,P,1/15/2026,2026-01-15,20033789,Johnson,Julie,Julie Johnson,TX32,https://disclosures-clerk.house.gov/public_disc/ptr-pdfs/2026/20033789.pdf,/Users/lemairealice/Downloads/Jupiter/congress_trading_signal/data/raw/house/index/2026FD.xml
2026,P,6/12/2026,2026-06-12,20034706,Johnson,Julie,Julie Johnson,TX32,https://disclosures-clerk.house.gov/public_disc/ptr-pdfs/2026/20034706.pdf,/Users/lemairealice/Downloads/Jupiter/congress_trading_signal/data/raw/house/index/2026FD.xml
2026,P,1/14/2026,2026-01-14,20033803,Jordan,James D,James D Jordan,OH04,https://disclosures-clerk.house.gov/public_disc/ptr-pdfs/2026/20033803.pdf,/Users/lemairealice/Downloads/Jupiter/congress_trading_signal/data/raw/house/index/2026FD.xml
2026,P,1/16/2026,2026-01-16,20033821,Kean,Thomas H.,Thomas H. Kean,NJ07,https://disclosures-clerk.house.gov/public_disc/ptr-pdfs/2026/20033821.pdf,/Users/lemairealice/Downloads/Jupiter/congress_trading_signal/data/raw/house/index/2026FD.xml
2026,P,2/19/2026,2026-02-19,20034025,Kean,Thomas H.,Thomas H. Kean,NJ07,https://disclosures-clerk.house.gov/public_disc/ptr-pdfs/2026/20034025.pdf,/Users/lemairealice/Downloads/Jupiter/congress_trading_signal/data/raw/house/index/2026FD.xml
2026,P,3/18/2026,2026-03-18,20034190,Kean,Thomas H.,Thomas H. Kean,NJ07,https://disclosures-clerk.house.gov/public_disc/ptr-pdfs/2026/20034190.pdf,/Users/lemairealice/Downloads/Jupiter/congress_trading_signal/data/raw/house/index/2026FD.xml
2026,P,4/13/2026,2026-04-13,20034327,Kean,Thomas H.,Thomas H. Kean,NJ07,https://disclosures-clerk.house.gov/public_disc/ptr-pdfs/2026/20034327.pdf,/Users/lemairealice/Downloads/Jupiter/congress_trading_signal/data/raw/house/index/2026FD.xml
2026,P,5/22/2026,2026-05-22,20034616,Kean,Thomas H.,Thomas H. Kean,NJ07,https://disclosures-clerk.house.gov/public_disc/ptr-pdfs/2026/20034616.pdf,/Users/lemairealice/Downloads/Jupiter/congress_trading_signal/data/raw/house/index/2026FD.xml
2026,P,6/18/2026,2026-06-18,20034783,Kean,Thomas H.,Thomas H. Kean,NJ07,https://disclosures-clerk.house.gov/public_disc/ptr-pdfs/2026/20034783.pdf,/Users/lemairealice/Downloads/Jupiter/congress_trading_signal/data/raw/house/index/2026FD.xml
2026,P,2/6/2026,2026-02-06,20033946,Keating,William R.,William R. Keating,MA09,https://disclosures-clerk.house.gov/public_disc/ptr-pdfs/2026/20033946.pdf,/Users/lemairealice/Downloads/Jupiter/congress_trading_signal/data/raw/house/index/2026FD.xml
2026,P,2/26/2026,2026-02-26,20034068,Keating,William R.,William R. Keating,MA09,https://disclosures-clerk.house.gov/public_disc/ptr-pdfs/2026/20034068.pdf,/Users/lemairealice/Downloads/Jupiter/congress_trading_signal/data/raw/house/index/2026FD.xml
2026,P,3/16/2026,2026-03-16,20034177,Keating,William R.,William R. Keating,MA09,https://disclosures-clerk.house.gov/public_disc/ptr-pdfs/2026/20034177.pdf,/Users/lemairealice/Downloads/Jupiter/congress_trading_signal/data/raw/house/index/2026FD.xml
2026,P,4/13/2026,2026-04-13,20034307,Keating,William R.,William R. Keating,MA09,https://disclosures-clerk.house.gov/public_disc/ptr-pdfs/2026/20034307.pdf,/Users/lemairealice/Downloads/Jupiter/congress_trading_signal/data/raw/house/index/2026FD.xml
2026,P,5/18/2026,2026-05-18,20034417,Keating,William R.,William R. Keating,MA09,https://disclosures-clerk.house.gov/public_disc/ptr-pdfs/2026/20034417.pdf,/Users/lemairealice/Downloads/Jupiter/congress_trading_signal/data/raw/house/index/2026FD.xml
2026,P,1/8/2026,2026-01-08,20033763,Kelly,Mike,Mike Kelly,PA16,https://disclosures-clerk.house.gov/public_disc/ptr-pdfs/2026/20033763.pdf,/Users/lemairealice/Downloads/Jupiter/congress_trading_signal/data/raw/house/index/2026FD.xml
2026,P,2/12/2026,2026-02-12,20033991,Kelly,Mike,Mike Kelly,PA16,https://disclosures-clerk.house.gov/public_disc/ptr-pdfs/2026/20033991.pdf,/Users/lemairealice/Downloads/Jupiter/congress_trading_signal/data/raw/house/index/2026FD.xml
2026,P,3/12/2026,2026-03-12,20034168,Kelly,Mike,Mike Kelly,PA16,https://disclosures-clerk.house.gov/public_disc/ptr-pdfs/2026/20034168.pdf,/Users/lemairealice/Downloads/Jupiter/congress_trading_signal/data/raw/house/index/2026FD.xml
2026,P,4/7/2026,2026-04-07,20034302,Kelly,Mike,Mike Kelly,PA16,https://disclosures-clerk.house.gov/public_disc/ptr-pdfs/2026/20034302.pdf,/Users/lemairealice/Downloads/Jupiter/congress_trading_signal/data/raw/house/index/2026FD.xml
2026,P,5/20/2026,2026-05-20,20034607,Kelly,Mike,Mike Kelly,PA16,https://disclosures-clerk.house.gov/public_disc/ptr-pdfs/2026/20034607.pdf,/Users/lemairealice/Downloads/Jupiter/congress_trading_signal/data/raw/house/index/2026FD.xml
2026,P,6/11/2026,2026-06-11,20034767,Kelly,Mike,Mike Kelly,PA16,https://disclosures-clerk.house.gov/public_disc/ptr-pdfs/2026/20034767.pdf,/Users/lemairealice/Downloads/Jupiter/congress_trading_signal/data/raw/house/index/2026FD.xml
2026,P,2/6/2026,2026-02-06,8221322,Khanna,Rohit,Rohit Khanna,CA17,https://disclosures-clerk.house.gov/public_disc/ptr-pdfs/2026/8221322.pdf,/Users/lemairealice/Downloads/Jupiter/congress_trading_signal/data/raw/house/index/2026FD.xml
2026,P,3/9/2026,2026-03-09,8221358,Khanna,Rohit,Rohit Khanna,CA17,https://disclosures-clerk.house.gov/public_disc/ptr-pdfs/2026/8221358.pdf,/Users/lemairealice/Downloads/Jupiter/congress_trading_signal/data/raw/house/index/2026FD.xml
2026,P,4/7/2026,2026-04-07,9115726,Khanna,Rohit,Rohit Khanna,CA17,https://disclosures-clerk.house.gov/public_disc/ptr-pdfs/2026/9115726.pdf,/Users/lemairealice/Downloads/Jupiter/congress_trading_signal/data/raw/house/index/2026FD.xml
2026,P,5/11/2026,2026-05-11,9115822,Khanna,Rohit,Rohit Khanna,CA17,https://disclosures-clerk.house.gov/public_disc/ptr-pdfs/2026/9115822.pdf,/Users/lemairealice/Downloads/Jupiter/congress_trading_signal/data/raw/house/index/2026FD.xml
2026,P,6/9/2026,2026-06-09,9116142,Khanna,Rohit,Rohit Khanna,CA17,https://disclosures-clerk.house.gov/public_disc/ptr-pdfs/2026/9116142.pdf,/Users/lemairealice/Downloads/Jupiter/congress_trading_signal/data/raw/house/index/2026FD.xml
2026,P,1/14/2026,2026-01-14,20033814,Larsen,Rick,Rick Larsen,WA02,https://disclosures-clerk.house.gov/public_disc/ptr-pdfs/2026/20033814.pdf,/Users/lemairealice/Downloads/Jupiter/congress_trading_signal/data/raw/house/index/2026FD.xml
2026,P,4/15/2026,2026-04-15,20034351,Larsen,Rick,Rick Larsen,WA02,https://disclosures-clerk.house.gov/public_disc/ptr-pdfs/2026/20034351.pdf,/Users/lemairealice/Downloads/Jupiter/congress_trading_signal/data/raw/house/index/2026FD.xml
2026,P,1/23/2026,2026-01-23,20033857,Latta,Robert E.,Robert E. Latta,OH05,https://disclosures-clerk.house.gov/public_disc/ptr-pdfs/2026/20033857.pdf,/Users/lemairealice/Downloads/Jupiter/congress_trading_signal/data/raw/house/index/2026FD.xml
2026,P,4/24/2026,2026-04-24,20034401,Latta,Robert E.,Robert E. Latta,OH05,https://disclosures-clerk.house.gov/public_disc/ptr-pdfs/2026/20034401.pdf,/Users/lemairealice/Downloads/Jupiter/congress_trading_signal/data/raw/house/index/2026FD.xml
2026,P,6/5/2026,2026-06-05,20034726,Latta,Robert E.,Robert E. Latta,OH05,https://disclosures-clerk.house.gov/public_disc/ptr-pdfs/2026/20034726.pdf,/Users/lemairealice/Downloads/Jupiter/congress_trading_signal/data/raw/house/index/2026FD.xml
2026,P,6/4/2026,2026-06-04,20034552,Lee,Susie,Susie Lee,NV03,https://disclosures-clerk.house.gov/public_disc/ptr-pdfs/2026/20034552.pdf,/Users/lemairealice/Downloads/Jupiter/congress_trading_signal/data/raw/house/index/2026FD.xml
2026,P,1/13/2026,2026-01-13,20030977,Letlow,Julia,Julia Letlow,LA05,https://disclosures-clerk.house.gov/public_disc/ptr-pdfs/2026/20030977.pdf,/Users/lemairealice/Downloads/Jupiter/congress_trading_signal/data/raw/house/index/2026FD.xml
2026,P,3/12/2026,2026-03-12,20034106,Letlow,Julia,Julia Letlow,LA05,https://disclosures-clerk.house.gov/public_disc/ptr-pdfs/2026/20034106.pdf,/Users/lemairealice/Downloads/Jupiter/congress_trading_signal/data/raw/house/index/2026FD.xml
2026,P,1/6/2026,2026-01-06,20033738,Lofgren,Zoe,Zoe Lofgren,CA18,https://disclosures-clerk.house.gov/public_disc/ptr-pdfs/2026/20033738.pdf,/Users/lemairealice/Downloads/Jupiter/congress_trading_signal/data/raw/house/index/2026FD.xml
2026,P,1/9/2026,2026-01-09,20033695,Matsui,Doris O.,Doris O. Matsui,CA07,https://disclosures-clerk.house.gov/public_disc/ptr-pdfs/2026/20033695.pdf,/Users/lemairealice/Downloads/Jupiter/congress_trading_signal/data/raw/house/index/2026FD.xml
2026,P,2/11/2026,2026-02-11,8221326,McCaul,Michael T.,Michael T. McCaul,TX10,https://disclosures-clerk.house.gov/public_disc/ptr-pdfs/2026/8221326.pdf,/Users/lemairealice/Downloads/Jupiter/congress_trading_signal/data/raw/house/index/2026FD.xml
2026,P,3/10/2026,2026-03-10,8221359,McCaul,Michael T.,Michael T. McCaul,TX10,https://disclosures-clerk.house.gov/public_disc/ptr-pdfs/2026/8221359.pdf,/Users/lemairealice/Downloads/Jupiter/congress_trading_signal/data/raw/house/index/2026FD.xml
2026,P,4/8/2026,2026-04-08,9115728,McCaul,Michael T.,Michael T. McCaul,TX10,https://disclosures-clerk.house.gov/public_disc/ptr-pdfs/2026/9115728.pdf,/Users/lemairealice/Downloads/Jupiter/congress_trading_signal/data/raw/house/index/2026FD.xml
2026,P,5/4/2026,2026-05-04,9115820,McCaul,Michael T.,Michael T. McCaul,TX10,https://disclosures-clerk.house.gov/public_disc/ptr-pdfs/2026/9115820.pdf,/Users/lemairealice/Downloads/Jupiter/congress_trading_signal/data/raw/house/index/2026FD.xml
2026,P,6/10/2026,2026-06-10,9116141,McCaul,Michael T.,Michael T. McCaul,TX10,https://disclosures-clerk.house.gov/public_disc/ptr-pdfs/2026/9116141.pdf,/Users/lemairealice/Downloads/Jupiter/congress_trading_signal/data/raw/house/index/2026FD.xml
2026,P,1/7/2026,2026-01-07,20033736,McClain,Lisa,Lisa McClain,MI09,https://disclosures-clerk.house.gov/public_disc/ptr-pdfs/2026/20033736.pdf,/Users/lemairealice/Downloads/Jupiter/congress_trading_signal/data/raw/house/index/2026FD.xml
2026,P,2/11/2026,2026-02-11,20033964,McClain,Lisa,Lisa McClain,MI09,https://disclosures-clerk.house.gov/public_disc/ptr-pdfs/2026/20033964.pdf,/Users/lemairealice/Downloads/Jupiter/congress_trading_signal/data/raw/house/index/2026FD.xml
2026,P,3/4/2026,2026-03-04,20034105,McClain,Lisa,Lisa McClain,MI09,https://disclosures-clerk.house.gov/public_disc/ptr-pdfs/2026/20034105.pdf,/Users/lemairealice/Downloads/Jupiter/congress_trading_signal/data/raw/house/index/2026FD.xml
2026,P,4/16/2026,2026-04-16,20034311,McClellan,Jennifer,Jennifer McClellan,VA04,https://disclosures-clerk.house.gov/public_disc/ptr-pdfs/2026/20034311.pdf,/Users/lemairealice/Downloads/Jupiter/congress_trading_signal/data/raw/house/index/2026FD.xml
2026,P,4/7/2026,2026-04-07,20033648,McCormick,Richard Dean Dr,Richard Dean Dr McCormick,GA06,https://disclosures-clerk.house.gov/public_disc/ptr-pdfs/2026/20033648.pdf,/Users/lemairealice/Downloads/Jupiter/congress_trading_signal/data/raw/house/index/2026FD.xml
2026,P,5/12/2026,2026-05-12,20034542,McCormick,Richard Dean Dr,Richard Dean Dr McCormick,GA06,https://disclosures-clerk.house.gov/public_disc/ptr-pdfs/2026/20034542.pdf,/Users/lemairealice/Downloads/Jupiter/congress_trading_signal/data/raw/house/index/2026FD.xml
2026,P,2/10/2026,2026-02-10,20033956,McGuire,John,John McGuire,VA05,https://disclosures-clerk.house.gov/public_disc/ptr-pdfs/2026/20033956.pdf,/Users/lemairealice/Downloads/Jupiter/congress_trading_signal/data/raw/house/index/2026FD.xml
2026,P,5/13/2026,2026-05-13,20034521,McGuire,John,John McGuire,VA05,https://disclosures-clerk.house.gov/public_disc/ptr-pdfs/2026/20034521.pdf,/Users/lemairealice/Downloads/Jupiter/congress_trading_signal/data/raw/house/index/2026FD.xml
2026,P,6/10/2026,2026-06-10,20034748,McGuire,John,John McGuire,VA05,https://disclosures-clerk.house.gov/public_disc/ptr-pdfs/2026/20034748.pdf,/Users/lemairealice/Downloads/Jupiter/congress_trading_signal/data/raw/house/index/2026FD.xml
2026,P,6/1/2026,2026-06-01,20034099,Menefee,Christian D.,Christian D. Menefee,TX18,https://disclosures-clerk.house.gov/public_disc/ptr-pdfs/2026/20034099.pdf,/Users/lemairealice/Downloads/Jupiter/congress_trading_signal/data/raw/house/index/2026FD.xml
2026,P,2/17/2026,2026-02-17,20034016,Meuser,Daniel,Daniel Meuser,PA09,https://disclosures-clerk.house.gov/public_disc/ptr-pdfs/2026/20034016.pdf,/Users/lemairealice/Downloads/Jupiter/congress_trading_signal/data/raw/house/index/2026FD.xml
2026,P,4/3/2026,2026-04-03,20034158,Meuser,Daniel,Daniel Meuser,PA09,https://disclosures-clerk.house.gov/public_disc/ptr-pdfs/2026/20034158.pdf,/Users/lemairealice/Downloads/Jupiter/congress_trading_signal/data/raw/house/index/2026FD.xml
2026,P,4/21/2026,2026-04-21,20034359,Meuser,Daniel,Daniel Meuser,PA09,https://disclosures-clerk.house.gov/public_disc/ptr-pdfs/2026/20034359.pdf,/Users/lemairealice/Downloads/Jupiter/congress_trading_signal/data/raw/house/index/2026FD.xml
2026,P,5/21/2026,2026-05-21,20034547,Meuser,Daniel,Daniel Meuser,PA09,https://disclosures-clerk.house.gov/public_disc/ptr-pdfs/2026/20034547.pdf,/Users/lemairealice/Downloads/Jupiter/congress_trading_signal/data/raw/house/index/2026FD.xml
2026,P,1/29/2026,2026-01-29,20033881,Miller,Max,Max Miller,OH07,https://disclosures-clerk.house.gov/public_disc/ptr-pdfs/2026/20033881.pdf,/Users/lemairealice/Downloads/Jupiter/congress_trading_signal/data/raw/house/index/2026FD.xml
2026,P,3/30/2026,2026-03-30,20034247,Miller,Max,Max Miller,OH07,https://disclosures-clerk.house.gov/public_disc/ptr-pdfs/2026/20034247.pdf,/Users/lemairealice/Downloads/Jupiter/congress_trading_signal/data/raw/house/index/2026FD.xml
2026,P,4/28/2026,2026-04-28,20034419,Miller,Max,Max Miller,OH07,https://disclosures-clerk.house.gov/public_disc/ptr-pdfs/2026/20034419.pdf,/Users/lemairealice/Downloads/Jupiter/congress_trading_signal/data/raw/house/index/2026FD.xml
2026,P,5/29/2026,2026-05-29,20034651,Miller,Max,Max Miller,OH07,https://disclosures-clerk.house.gov/public_disc/ptr-pdfs/2026/20034651.pdf,/Users/lemairealice/Downloads/Jupiter/congress_trading_signal/data/raw/house/index/2026FD.xml
2026,P,1/7/2026,2026-01-07,20033746,Moore,Tim,Tim Moore,NC14,https://disclosures-clerk.house.gov/public_disc/ptr-pdfs/2026/20033746.pdf,/Users/lemairealice/Downloads/Jupiter/congress_trading_signal/data/raw/house/index/2026FD.xml
2026,P,1/24/2026,2026-01-24,20033856,Moore,Tim,Tim Moore,NC14,https://disclosures-clerk.house.gov/public_disc/ptr-pdfs/2026/20033856.pdf,/Users/lemairealice/Downloads/Jupiter/congress_trading_signal/data/raw/house/index/2026FD.xml
2026,P,2/20/2026,2026-02-20,20034034,Moore,Tim,Tim Moore,NC14,https://disclosures-clerk.house.gov/public_disc/ptr-pdfs/2026/20034034.pdf,/Users/lemairealice/Downloads/Jupiter/congress_trading_signal/data/raw/house/index/2026FD.xml
2026,P,3/24/2026,2026-03-24,20034217,Moore,Tim,Tim Moore,NC14,https://disclosures-clerk.house.gov/public_disc/ptr-pdfs/2026/20034217.pdf,/Users/lemairealice/Downloads/Jupiter/congress_trading_signal/data/raw/house/index/2026FD.xml
2026,P,4/28/2026,2026-04-28,20034424,Moore,Tim,Tim Moore,NC14,https://disclosures-clerk.house.gov/public_disc/ptr-pdfs/2026/20034424.pdf,/Users/lemairealice/Downloads/Jupiter/congress_trading_signal/data/raw/house/index/2026FD.xml
2026,P,5/19/2026,2026-05-19,20034587,Moore,Tim,Tim Moore,NC14,https://disclosures-clerk.house.gov/public_disc/ptr-pdfs/2026/20034587.pdf,/Users/lemairealice/Downloads/Jupiter/congress_trading_signal/data/raw/house/index/2026FD.xml
2026,P,6/5/2026,2026-06-05,20034721,Moore,Tim,Tim Moore,NC14,https://disclosures-clerk.house.gov/public_disc/ptr-pdfs/2026/20034721.pdf,/Users/lemairealice/Downloads/Jupiter/congress_trading_signal/data/raw/house/index/2026FD.xml
2026,P,1/20/2026,2026-01-20,20033830,Morrison,Kelly Louise,Kelly Louise Morrison,MN03,https://disclosures-clerk.house.gov/public_disc/ptr-pdfs/2026/20033830.pdf,/Users/lemairealice/Downloads/Jupiter/congress_trading_signal/data/raw/house/index/2026FD.xml
2026,P,2/4/2026,2026-02-04,20033928,Morrison,Kelly Louise,Kelly Louise Morrison,MN03,https://disclosures-clerk.house.gov/public_disc/ptr-pdfs/2026/20033928.pdf,/Users/lemairealice/Downloads/Jupiter/congress_trading_signal/data/raw/house/index/2026FD.xml
2026,P,2/12/2026,2026-02-12,20033989,Morrison,Kelly Louise,Kelly Louise Morrison,MN03,https://disclosures-clerk.house.gov/public_disc/ptr-pdfs/2026/20033989.pdf,/Users/lemairealice/Downloads/Jupiter/congress_trading_signal/data/raw/house/index/2026FD.xml
2026,P,2/25/2026,2026-02-25,20034056,Morrison,Kelly Louise,Kelly Louise Morrison,MN03,https://disclosures-clerk.house.gov/public_disc/ptr-pdfs/2026/20034056.pdf,/Users/lemairealice/Downloads/Jupiter/congress_trading_signal/data/raw/house/index/2026FD.xml
2026,P,3/2/2026,2026-03-02,20034082,Morrison,Kelly Louise,Kelly Louise Morrison,MN03,https://disclosures-clerk.house.gov/public_disc/ptr-pdfs/2026/20034082.pdf,/Users/lemairealice/Downloads/Jupiter/congress_trading_signal/data/raw/house/index/2026FD.xml
2026,P,3/3/2026,2026-03-03,20034102,Morrison,Kelly Louise,Kelly Louise Morrison,MN03,https://disclosures-clerk.house.gov/public_disc/ptr-pdfs/2026/20034102.pdf,/Users/lemairealice/Downloads/Jupiter/congress_trading_signal/data/raw/house/index/2026FD.xml
2026,P,3/5/2026,2026-03-05,20034123,Morrison,Kelly Louise,Kelly Louise Morrison,MN03,https://disclosures-clerk.house.gov/public_disc/ptr-pdfs/2026/20034123.pdf,/Users/lemairealice/Downloads/Jupiter/congress_trading_signal/data/raw/house/index/2026FD.xml
2026,P,3/10/2026,2026-03-10,20034156,Morrison,Kelly Louise,Kelly Louise Morrison,MN03,https://disclosures-clerk.house.gov/public_disc/ptr-pdfs/2026/20034156.pdf,/Users/lemairealice/Downloads/Jupiter/congress_trading_signal/data/raw/house/index/2026FD.xml
2026,P,4/2/2026,2026-04-02,20034213,Morrison,Kelly Louise,Kelly Louise Morrison,MN03,https://disclosures-clerk.house.gov/public_disc/ptr-pdfs/2026/20034213.pdf,/Users/lemairealice/Downloads/Jupiter/congress_trading_signal/data/raw/house/index/2026FD.xml
2026,P,5/5/2026,2026-05-05,20034300,Morrison,Kelly Louise,Kelly Louise Morrison,MN03,https://disclosures-clerk.house.gov/public_disc/ptr-pdfs/2026/20034300.pdf,/Users/lemairealice/Downloads/Jupiter/congress_trading_signal/data/raw/house/index/2026FD.xml
2026,P,5/21/2026,2026-05-21,20034520,Morrison,Kelly Louise,Kelly Louise Morrison,MN03,https://disclosures-clerk.house.gov/public_disc/ptr-pdfs/2026/20034520.pdf,/Users/lemairealice/Downloads/Jupiter/congress_trading_signal/data/raw/house/index/2026FD.xml
2026,P,1/16/2026,2026-01-16,20033760,Moskowitz,Jared,Jared Moskowitz,FL23,https://disclosures-clerk.house.gov/public_disc/ptr-pdfs/2026/20033760.pdf,/Users/lemairealice/Downloads/Jupiter/congress_trading_signal/data/raw/house/index/2026FD.xml
2026,P,3/30/2026,2026-03-30,20034129,Moskowitz,Jared,Jared Moskowitz,FL23,https://disclosures-clerk.house.gov/public_disc/ptr-pdfs/2026/20034129.pdf,/Users/lemairealice/Downloads/Jupiter/congress_trading_signal/data/raw/house/index/2026FD.xml
2026,P,4/30/2026,2026-04-30,20034274,Moskowitz,Jared,Jared Moskowitz,FL23,https://disclosures-clerk.house.gov/public_disc/ptr-pdfs/2026/20034274.pdf,/Users/lemairealice/Downloads/Jupiter/congress_trading_signal/data/raw/house/index/2026FD.xml
2026,P,6/19/2026,2026-06-19,20034749,Moskowitz,Jared,Jared Moskowitz,FL23,https://disclosures-clerk.house.gov/public_disc/ptr-pdfs/2026/20034749.pdf,/Users/lemairealice/Downloads/Jupiter/congress_trading_signal/data/raw/house/index/2026FD.xml
2026,P,1/15/2026,2026-01-15,20033654,Newhouse,Dan,Dan Newhouse,WA04,https://disclosures-clerk.house.gov/public_disc/ptr-pdfs/2026/20033654.pdf,/Users/lemairealice/Downloads/Jupiter/congress_trading_signal/data/raw/house/index/2026FD.xml
2026,P,1/23/2026,2026-01-23,20033725,Pelosi,Nancy,Nancy Pelosi,CA11,https://disclosures-clerk.house.gov/public_disc/ptr-pdfs/2026/20033725.pdf,/Users/lemairealice/Downloads/Jupiter/congress_trading_signal/data/raw/house/index/2026FD.xml
2026,P,1/19/2026,2026-01-19,20033815,Peters,Scott H.,Scott H. Peters,CA50,https://disclosures-clerk.house.gov/public_disc/ptr-pdfs/2026/20033815.pdf,/Users/lemairealice/Downloads/Jupiter/congress_trading_signal/data/raw/house/index/2026FD.xml
2026,P,2/25/2026,2026-02-25,20034010,Peters,Scott H.,Scott H. Peters,CA50,https://disclosures-clerk.house.gov/public_disc/ptr-pdfs/2026/20034010.pdf,/Users/lemairealice/Downloads/Jupiter/congress_trading_signal/data/raw/house/index/2026FD.xml
2026,P,3/18/2026,2026-03-18,20034178,Peters,Scott H.,Scott H. Peters,CA50,https://disclosures-clerk.house.gov/public_disc/ptr-pdfs/2026/20034178.pdf,/Users/lemairealice/Downloads/Jupiter/congress_trading_signal/data/raw/house/index/2026FD.xml
2026,P,4/29/2026,2026-04-29,20034342,Peters,Scott H.,Scott H. Peters,CA50,https://disclosures-clerk.house.gov/public_disc/ptr-pdfs/2026/20034342.pdf,/Users/lemairealice/Downloads/Jupiter/congress_trading_signal/data/raw/house/index/2026FD.xml
2026,P,5/18/2026,2026-05-18,20034579,Peters,Scott H.,Scott H. Peters,CA50,https://disclosures-clerk.house.gov/public_disc/ptr-pdfs/2026/20034579.pdf,/Users/lemairealice/Downloads/Jupiter/congress_trading_signal/data/raw/house/index/2026FD.xml
2026,P,6/19/2026,2026-06-19,20034784,Peters,Scott H.,Scott H. Peters,CA50,https://disclosures-clerk.house.gov/public_disc/ptr-pdfs/2026/20034784.pdf,/Users/lemairealice/Downloads/Jupiter/congress_trading_signal/data/raw/house/index/2026FD.xml
2026,P,1/20/2026,2026-01-20,20033804,Pfluger,August Lee,August Lee Pfluger,TX11,https://disclosures-clerk.house.gov/public_disc/ptr-pdfs/2026/20033804.pdf,/Users/lemairealice/Downloads/Jupiter/congress_trading_signal/data/raw/house/index/2026FD.xml
2026,P,2/11/2026,2026-02-11,20033920,Pfluger,August Lee,August Lee Pfluger,TX11,https://disclosures-clerk.house.gov/public_disc/ptr-pdfs/2026/20033920.pdf,/Users/lemairealice/Downloads/Jupiter/congress_trading_signal/data/raw/house/index/2026FD.xml
2026,P,3/19/2026,2026-03-19,20034054,Pfluger,August Lee,August Lee Pfluger,TX11,https://disclosures-clerk.house.gov/public_disc/ptr-pdfs/2026/20034054.pdf,/Users/lemairealice/Downloads/Jupiter/congress_trading_signal/data/raw/house/index/2026FD.xml
2026,P,4/15/2026,2026-04-15,20034348,Pfluger,August Lee,August Lee Pfluger,TX11,https://disclosures-clerk.house.gov/public_disc/ptr-pdfs/2026/20034348.pdf,/Users/lemairealice/Downloads/Jupiter/congress_trading_signal/data/raw/house/index/2026FD.xml
2026,P,2/13/2026,2026-02-13,8221332,Rogers,Harold Dallas,Harold Dallas Rogers,KY05,https://disclosures-clerk.house.gov/public_disc/ptr-pdfs/2026/8221332.pdf,/Users/lemairealice/Downloads/Jupiter/congress_trading_signal/data/raw/house/index/2026FD.xml
2026,P,3/20/2026,2026-03-20,9115711,Rogers,Harold Dallas,Harold Dallas Rogers,KY05,https://disclosures-clerk.house.gov/public_disc/ptr-pdfs/2026/9115711.pdf,/Users/lemairealice/Downloads/Jupiter/congress_trading_signal/data/raw/house/index/2026FD.xml
2026,P,4/21/2026,2026-04-21,9115762,Rogers,Harold Dallas,Harold Dallas Rogers,KY05,https://disclosures-clerk.house.gov/public_disc/ptr-pdfs/2026/9115762.pdf,/Users/lemairealice/Downloads/Jupiter/congress_trading_signal/data/raw/house/index/2026FD.xml
2026,P,5/8/2026,2026-05-08,9115808,Rogers,Harold Dallas,Harold Dallas Rogers,KY05,https://disclosures-clerk.house.gov/public_disc/ptr-pdfs/2026/9115808.pdf,/Users/lemairealice/Downloads/Jupiter/congress_trading_signal/data/raw/house/index/2026FD.xml
2026,P,6/10/2026,2026-06-10,9116146,Rogers,Harold Dallas,Harold Dallas Rogers,KY05,https://disclosures-clerk.house.gov/public_disc/ptr-pdfs/2026/9116146.pdf,/Users/lemairealice/Downloads/Jupiter/congress_trading_signal/data/raw/house/index/2026FD.xml
2026,P,1/7/2026,2026-01-07,20033758,Rouzer,David,David Rouzer,NC07,https://disclosures-clerk.house.gov/public_disc/ptr-pdfs/2026/20033758.pdf,/Users/lemairealice/Downloads/Jupiter/congress_trading_signal/data/raw/house/index/2026FD.xml
2026,P,1/7/2026,2026-01-07,20033759,Rouzer,David,David Rouzer,NC07,https://disclosures-clerk.house.gov/public_disc/ptr-pdfs/2026/20033759.pdf,/Users/lemairealice/Downloads/Jupiter/congress_trading_signal/data/raw/house/index/2026FD.xml
2026,P,5/9/2026,2026-05-09,20034375,Roy,Chip,Chip Roy,TX21,https://disclosures-clerk.house.gov/public_disc/ptr-pdfs/2026/20034375.pdf,/Users/lemairealice/Downloads/Jupiter/congress_trading_signal/data/raw/house/index/2026FD.xml
2026,P,5/11/2026,2026-05-11,20034528,Roy,Chip,Chip Roy,TX21,https://disclosures-clerk.house.gov/public_disc/ptr-pdfs/2026/20034528.pdf,/Users/lemairealice/Downloads/Jupiter/congress_trading_signal/data/raw/house/index/2026FD.xml
2026,P,6/10/2026,2026-06-10,20034762,Roy,Chip,Chip Roy,TX21,https://disclosures-clerk.house.gov/public_disc/ptr-pdfs/2026/20034762.pdf,/Users/lemairealice/Downloads/Jupiter/congress_trading_signal/data/raw/house/index/2026FD.xml
2026,P,4/21/2026,2026-04-21,20033993,Salazar,Maria Elvira,Maria Elvira Salazar,FL27,https://disclosures-clerk.house.gov/public_disc/ptr-pdfs/2026/20033993.pdf,/Users/lemairealice/Downloads/Jupiter/congress_trading_signal/data/raw/house/index/2026FD.xml
2026,P,5/8/2026,2026-05-08,20034479,Salazar,Maria Elvira,Maria Elvira Salazar,FL27,https://disclosures-clerk.house.gov/public_disc/ptr-pdfs/2026/20034479.pdf,/Users/lemairealice/Downloads/Jupiter/congress_trading_signal/data/raw/house/index/2026FD.xml
2026,P,6/8/2026,2026-06-08,20034709,Salazar,Maria Elvira,Maria Elvira Salazar,FL27,https://disclosures-clerk.house.gov/public_disc/ptr-pdfs/2026/20034709.pdf,/Users/lemairealice/Downloads/Jupiter/congress_trading_signal/data/raw/house/index/2026FD.xml
2026,P,1/9/2026,2026-01-09,20033755,Sanchez,Linda T.,Linda T. Sanchez,CA38,https://disclosures-clerk.house.gov/public_disc/ptr-pdfs/2026/20033755.pdf,/Users/lemairealice/Downloads/Jupiter/congress_trading_signal/data/raw/house/index/2026FD.xml
2026,P,3/12/2026,2026-03-12,20032279,Scott,Austin,Austin Scott,GA08,https://disclosures-clerk.house.gov/public_disc/ptr-pdfs/2026/20032279.pdf,/Users/lemairealice/Downloads/Jupiter/congress_trading_signal/data/raw/house/index/2026FD.xml
2026,P,3/9/2026,2026-03-09,20033500,Sessions,Pete,Pete Sessions,TX17,https://disclosures-clerk.house.gov/public_disc/ptr-pdfs/2026/20033500.pdf,/Users/lemairealice/Downloads/Jupiter/congress_trading_signal/data/raw/house/index/2026FD.xml
2026,P,4/21/2026,2026-04-21,20034384,Sewell,Terri A.,Terri A. Sewell,AL07,https://disclosures-clerk.house.gov/public_disc/ptr-pdfs/2026/20034384.pdf,/Users/lemairealice/Downloads/Jupiter/congress_trading_signal/data/raw/house/index/2026FD.xml
2026,P,1/1/2026,2026-01-01,20033705,Shreve,Jefferson,Jefferson Shreve,IN06,https://disclosures-clerk.house.gov/public_disc/ptr-pdfs/2026/20033705.pdf,/Users/lemairealice/Downloads/Jupiter/congress_trading_signal/data/raw/house/index/2026FD.xml
2026,P,1/2/2026,2026-01-02,20033709,Shreve,Jefferson,Jefferson Shreve,IN06,https://disclosures-clerk.house.gov/public_disc/ptr-pdfs/2026/20033709.pdf,/Users/lemairealice/Downloads/Jupiter/congress_trading_signal/data/raw/house/index/2026FD.xml
2026,P,3/14/2026,2026-03-14,20034084,Shreve,Jefferson,Jefferson Shreve,IN06,https://disclosures-clerk.house.gov/public_disc/ptr-pdfs/2026/20034084.pdf,/Users/lemairealice/Downloads/Jupiter/congress_trading_signal/data/raw/house/index/2026FD.xml
2026,P,6/6/2026,2026-06-06,20034653,Shreve,Jefferson,Jefferson Shreve,IN06,https://disclosures-clerk.house.gov/public_disc/ptr-pdfs/2026/20034653.pdf,/Users/lemairealice/Downloads/Jupiter/congress_trading_signal/data/raw/house/index/2026FD.xml
2026,P,4/30/2026,2026-04-30,20019182,Smucker,Lloyd K.,Lloyd K. Smucker,PA11,https://disclosures-clerk.house.gov/public_disc/ptr-pdfs/2026/20019182.pdf,/Users/lemairealice/Downloads/Jupiter/congress_trading_signal/data/raw/house/index/2026FD.xml
2026,P,5/7/2026,2026-05-07,20034499,Stanton,Greg,Greg Stanton,AZ04,https://disclosures-clerk.house.gov/public_disc/ptr-pdfs/2026/20034499.pdf,/Users/lemairealice/Downloads/Jupiter/congress_trading_signal/data/raw/house/index/2026FD.xml
2026,P,4/14/2026,2026-04-14,20034345,Steube,Greg,Greg Steube,FL17,https://disclosures-clerk.house.gov/public_disc/ptr-pdfs/2026/20034345.pdf,/Users/lemairealice/Downloads/Jupiter/congress_trading_signal/data/raw/house/index/2026FD.xml
2026,P,3/17/2026,2026-03-17,20034188,Suozzi,Thomas,Thomas Suozzi,NY03,https://disclosures-clerk.house.gov/public_disc/ptr-pdfs/2026/20034188.pdf,/Users/lemairealice/Downloads/Jupiter/congress_trading_signal/data/raw/house/index/2026FD.xml
2026,P,5/8/2026,2026-05-08,20034503,Suozzi,Thomas,Thomas Suozzi,NY03,https://disclosures-clerk.house.gov/public_disc/ptr-pdfs/2026/20034503.pdf,/Users/lemairealice/Downloads/Jupiter/congress_trading_signal/data/raw/house/index/2026FD.xml
2026,P,6/9/2026,2026-06-09,20034747,Suozzi,Thomas,Thomas Suozzi,NY03,https://disclosures-clerk.house.gov/public_disc/ptr-pdfs/2026/20034747.pdf,/Users/lemairealice/Downloads/Jupiter/congress_trading_signal/data/raw/house/index/2026FD.xml
2026,P,1/21/2026,2026-01-21,20033845,Taylor,David J.,David J. Taylor,OH02,https://disclosures-clerk.house.gov/public_disc/ptr-pdfs/2026/20033845.pdf,/Users/lemairealice/Downloads/Jupiter/congress_trading_signal/data/raw/house/index/2026FD.xml
2026,P,2/2/2026,2026-02-02,20033916,Taylor,David J.,David J. Taylor,OH02,https://disclosures-clerk.house.gov/public_disc/ptr-pdfs/2026/20033916.pdf,/Users/lemairealice/Downloads/Jupiter/congress_trading_signal/data/raw/house/index/2026FD.xml
2026,P,2/2/2026,2026-02-02,20033918,Taylor,David J.,David J. Taylor,OH02,https://disclosures-clerk.house.gov/public_disc/ptr-pdfs/2026/20033918.pdf,/Users/lemairealice/Downloads/Jupiter/congress_trading_signal/data/raw/house/index/2026FD.xml
2026,P,2/20/2026,2026-02-20,20034036,Taylor,David J.,David J. Taylor,OH02,https://disclosures-clerk.house.gov/public_disc/ptr-pdfs/2026/20034036.pdf,/Users/lemairealice/Downloads/Jupiter/congress_trading_signal/data/raw/house/index/2026FD.xml
2026,P,3/6/2026,2026-03-06,20034138,Taylor,David J.,David J. Taylor,OH02,https://disclosures-clerk.house.gov/public_disc/ptr-pdfs/2026/20034138.pdf,/Users/lemairealice/Downloads/Jupiter/congress_trading_signal/data/raw/house/index/2026FD.xml
2026,P,3/20/2026,2026-03-20,20034207,Taylor,David J.,David J. Taylor,OH02,https://disclosures-clerk.house.gov/public_disc/ptr-pdfs/2026/20034207.pdf,/Users/lemairealice/Downloads/Jupiter/congress_trading_signal/data/raw/house/index/2026FD.xml
2026,P,4/2/2026,2026-04-02,20034280,Taylor,David J.,David J. Taylor,OH02,https://disclosures-clerk.house.gov/public_disc/ptr-pdfs/2026/20034280.pdf,/Users/lemairealice/Downloads/Jupiter/congress_trading_signal/data/raw/house/index/2026FD.xml
2026,P,5/7/2026,2026-05-07,20034489,Taylor,David J.,David J. Taylor,OH02,https://disclosures-clerk.house.gov/public_disc/ptr-pdfs/2026/20034489.pdf,/Users/lemairealice/Downloads/Jupiter/congress_trading_signal/data/raw/house/index/2026FD.xml
2026,P,5/28/2026,2026-05-28,20034650,Taylor,David J.,David J. Taylor,OH02,https://disclosures-clerk.house.gov/public_disc/ptr-pdfs/2026/20034650.pdf,/Users/lemairealice/Downloads/Jupiter/congress_trading_signal/data/raw/house/index/2026FD.xml
2026,P,6/12/2026,2026-06-12,20034780,Taylor,David J.,David J. Taylor,OH02,https://disclosures-clerk.house.gov/public_disc/ptr-pdfs/2026/20034780.pdf,/Users/lemairealice/Downloads/Jupiter/congress_trading_signal/data/raw/house/index/2026FD.xml
2026,P,4/30/2026,2026-04-30,20034414,Trahan,Lori,Lori Trahan,MA03,https://disclosures-clerk.house.gov/public_disc/ptr-pdfs/2026/20034414.pdf,/Users/lemairealice/Downloads/Jupiter/congress_trading_signal/data/raw/house/index/2026FD.xml
2026,P,6/17/2026,2026-06-17,20034807,Van Epps,Matthew Robert,Matthew Robert Van Epps,TN07,https://disclosures-clerk.house.gov/public_disc/ptr-pdfs/2026/20034807.pdf,/Users/lemairealice/Downloads/Jupiter/congress_trading_signal/data/raw/house/index/2026FD.xml
2026,P,1/2/2026,2026-01-02,20033718,Wagner,Ann,Ann Wagner,MO02,https://disclosures-clerk.house.gov/public_disc/ptr-pdfs/2026/20033718.pdf,/Users/lemairealice/Downloads/Jupiter/congress_trading_signal/data/raw/house/index/2026FD.xml
2026,P,5/4/2026,2026-05-04,20034462,Wagner,Ann,Ann Wagner,MO02,https://disclosures-clerk.house.gov/public_disc/ptr-pdfs/2026/20034462.pdf,/Users/lemairealice/Downloads/Jupiter/congress_trading_signal/data/raw/house/index/2026FD.xml
2026,P,6/3/2026,2026-06-03,20034660,Walberg,Tim,Tim Walberg,MI05,https://disclosures-clerk.house.gov/public_disc/ptr-pdfs/2026/20034660.pdf,/Users/lemairealice/Downloads/Jupiter/congress_trading_signal/data/raw/house/index/2026FD.xml
2026,P,6/1/2026,2026-06-01,20034562,Webster,Daniel,Daniel Webster,FL11,https://disclosures-clerk.house.gov/public_disc/ptr-pdfs/2026/20034562.pdf,/Users/lemairealice/Downloads/Jupiter/congress_trading_signal/data/raw/house/index/2026FD.xml
2026,P,3/9/2026,2026-03-09,8221360,Wied,Tony,Tony Wied,WI08,https://disclosures-clerk.house.gov/public_disc/ptr-pdfs/2026/8221360.pdf,/Users/lemairealice/Downloads/Jupiter/congress_trading_signal/data/raw/house/index/2026FD.xml
2026,P,5/5/2026,2026-05-05,9115816,Wied,Tony,Tony Wied,WI08,https://disclosures-clerk.house.gov/public_disc/ptr-pdfs/2026/9115816.pdf,/Users/lemairealice/Downloads/Jupiter/congress_trading_signal/data/raw/house/index/2026FD.xml
2026,P,1/15/2026,2026-01-15,20033783,Williams,Roger,Roger Williams,TX25,https://disclosures-clerk.house.gov/public_disc/ptr-pdfs/2026/20033783.pdf,/Users/lemairealice/Downloads/Jupiter/congress_trading_signal/data/raw/house/index/2026FD.xml
2026,P,4/6/2026,2026-04-06,20034298,Yakym,Rudy C.,Rudy C. Yakym,IN02,https://disclosures-clerk.house.gov/public_disc/ptr-pdfs/2026/20034298.pdf,/Users/lemairealice/Downloads/Jupiter/congress_trading_signal/data/raw/house/index/2026FD.xml
