year,doc_id,local_path,n_pages,text_chars_first_pages,contains_periodic_transaction_report,contains_filer_information,contains_transactions,contains_amount,text_extractable_flag,quality_status,error_message
2025,20032062,/Users/lemairealice/Downloads/Jupiter/congress_trading_signal/data/raw/house/ptr_pdfs/2025/20032062.pdf,1,925,True,False,True,True,True,ok_text,
2025,20026537,/Users/lemairealice/Downloads/Jupiter/congress_trading_signal/data/raw/house/ptr_pdfs/2025/20026537.pdf,2,1640,True,False,True,True,True,ok_text,
2025,20026727,/Users/lemairealice/Downloads/Jupiter/congress_trading_signal/data/raw/house/ptr_pdfs/2025/20026727.pdf,2,1668,True,False,True,True,True,ok_text,
2025,20027927,/Users/lemairealice/Downloads/Jupiter/congress_trading_signal/data/raw/house/ptr_pdfs/2025/20027927.pdf,1,1015,True,False,True,True,True,ok_text,
2025,20030316,/Users/lemairealice/Downloads/Jupiter/congress_trading_signal/data/raw/house/ptr_pdfs/2025/20030316.pdf,2,1848,True,False,True,True,True,ok_text,
2025,20030502,/Users/lemairealice/Downloads/Jupiter/congress_trading_signal/data/raw/house/ptr_pdfs/2025/20030502.pdf,2,1506,True,False,True,True,True,ok_text,
2025,20030608,/Users/lemairealice/Downloads/Jupiter/congress_trading_signal/data/raw/house/ptr_pdfs/2025/20030608.pdf,1,1044,True,False,True,True,True,ok_text,
2025,20030850,/Users/lemairealice/Downloads/Jupiter/congress_trading_signal/data/raw/house/ptr_pdfs/2025/20030850.pdf,2,1424,True,False,True,True,True,ok_text,
2025,20032052,/Users/lemairealice/Downloads/Jupiter/congress_trading_signal/data/raw/house/ptr_pdfs/2025/20032052.pdf,2,1504,True,False,True,True,True,ok_text,
2025,20032204,/Users/lemairealice/Downloads/Jupiter/congress_trading_signal/data/raw/house/ptr_pdfs/2025/20032204.pdf,1,1006,True,False,True,True,True,ok_text,
2025,20033415,/Users/lemairealice/Downloads/Jupiter/congress_trading_signal/data/raw/house/ptr_pdfs/2025/20033415.pdf,1,1161,True,False,True,True,True,ok_text,
2025,20033589,/Users/lemairealice/Downloads/Jupiter/congress_trading_signal/data/raw/house/ptr_pdfs/2025/20033589.pdf,1,994,True,False,True,True,True,ok_text,
2025,20027810,/Users/lemairealice/Downloads/Jupiter/congress_trading_signal/data/raw/house/ptr_pdfs/2025/20027810.pdf,1,958,True,False,True,True,True,ok_text,
2025,20030397,/Users/lemairealice/Downloads/Jupiter/congress_trading_signal/data/raw/house/ptr_pdfs/2025/20030397.pdf,1,968,True,False,True,True,True,ok_text,
2025,20030976,/Users/lemairealice/Downloads/Jupiter/congress_trading_signal/data/raw/house/ptr_pdfs/2025/20030976.pdf,1,968,True,False,True,True,True,ok_text,
2025,20033492,/Users/lemairealice/Downloads/Jupiter/congress_trading_signal/data/raw/house/ptr_pdfs/2025/20033492.pdf,1,969,True,False,True,True,True,ok_text,
2025,20030646,/Users/lemairealice/Downloads/Jupiter/congress_trading_signal/data/raw/house/ptr_pdfs/2025/20030646.pdf,1,1102,True,False,True,True,True,ok_text,
2025,20026517,/Users/lemairealice/Downloads/Jupiter/congress_trading_signal/data/raw/house/ptr_pdfs/2025/20026517.pdf,2,1793,True,False,True,True,True,ok_text,
2025,20027932,/Users/lemairealice/Downloads/Jupiter/congress_trading_signal/data/raw/house/ptr_pdfs/2025/20027932.pdf,1,1134,True,False,True,True,True,ok_text,
2025,20030262,/Users/lemairealice/Downloads/Jupiter/congress_trading_signal/data/raw/house/ptr_pdfs/2025/20030262.pdf,1,1154,True,False,True,True,True,ok_text,
2025,20030746,/Users/lemairealice/Downloads/Jupiter/congress_trading_signal/data/raw/house/ptr_pdfs/2025/20030746.pdf,1,1117,True,False,True,True,True,ok_text,
2025,20032200,/Users/lemairealice/Downloads/Jupiter/congress_trading_signal/data/raw/house/ptr_pdfs/2025/20032200.pdf,1,1113,True,False,True,True,True,ok_text,
2025,20033325,/Users/lemairealice/Downloads/Jupiter/congress_trading_signal/data/raw/house/ptr_pdfs/2025/20033325.pdf,2,1755,True,False,True,True,True,ok_text,
2025,20032149,/Users/lemairealice/Downloads/Jupiter/congress_trading_signal/data/raw/house/ptr_pdfs/2025/20032149.pdf,26,3236,False,False,False,True,True,ok_text,
2025,20033379,/Users/lemairealice/Downloads/Jupiter/congress_trading_signal/data/raw/house/ptr_pdfs/2025/20033379.pdf,2,1503,True,False,True,True,True,ok_text,
2025,20033579,/Users/lemairealice/Downloads/Jupiter/congress_trading_signal/data/raw/house/ptr_pdfs/2025/20033579.pdf,2,1503,True,False,True,True,True,ok_text,
2025,20033694,/Users/lemairealice/Downloads/Jupiter/congress_trading_signal/data/raw/house/ptr_pdfs/2025/20033694.pdf,2,2020,True,False,True,True,True,ok_text,
2025,8220747,/Users/lemairealice/Downloads/Jupiter/congress_trading_signal/data/raw/house/ptr_pdfs/2025/8220747.pdf,2,1,False,False,False,False,False,no_text,
2025,20024346,/Users/lemairealice/Downloads/Jupiter/congress_trading_signal/data/raw/house/ptr_pdfs/2025/20024346.pdf,16,2701,False,False,False,True,True,ok_text,
2025,20027923,/Users/lemairealice/Downloads/Jupiter/congress_trading_signal/data/raw/house/ptr_pdfs/2025/20027923.pdf,3,2593,False,False,False,True,True,ok_text,
2025,20027940,/Users/lemairealice/Downloads/Jupiter/congress_trading_signal/data/raw/house/ptr_pdfs/2025/20027940.pdf,2,2243,True,False,True,True,True,ok_text,
2025,20029034,/Users/lemairealice/Downloads/Jupiter/congress_trading_signal/data/raw/house/ptr_pdfs/2025/20029034.pdf,14,2709,False,False,False,True,True,ok_text,
2025,20029055,/Users/lemairealice/Downloads/Jupiter/congress_trading_signal/data/raw/house/ptr_pdfs/2025/20029055.pdf,3,2767,False,False,False,True,True,ok_text,
2025,20030212,/Users/lemairealice/Downloads/Jupiter/congress_trading_signal/data/raw/house/ptr_pdfs/2025/20030212.pdf,4,2701,False,False,False,True,True,ok_text,
2025,20030238,/Users/lemairealice/Downloads/Jupiter/congress_trading_signal/data/raw/house/ptr_pdfs/2025/20030238.pdf,7,2649,False,False,False,True,True,ok_text,
2025,20030291,/Users/lemairealice/Downloads/Jupiter/congress_trading_signal/data/raw/house/ptr_pdfs/2025/20030291.pdf,15,2581,False,False,False,True,True,ok_text,
2025,20030312,/Users/lemairealice/Downloads/Jupiter/congress_trading_signal/data/raw/house/ptr_pdfs/2025/20030312.pdf,2,1825,True,False,True,True,True,ok_text,
2025,20030336,/Users/lemairealice/Downloads/Jupiter/congress_trading_signal/data/raw/house/ptr_pdfs/2025/20030336.pdf,1,1042,True,False,True,True,True,ok_text,
2025,20030433,/Users/lemairealice/Downloads/Jupiter/congress_trading_signal/data/raw/house/ptr_pdfs/2025/20030433.pdf,6,2977,False,False,False,True,True,ok_text,
2025,20030482,/Users/lemairealice/Downloads/Jupiter/congress_trading_signal/data/raw/house/ptr_pdfs/2025/20030482.pdf,7,2677,False,False,False,True,True,ok_text,
2025,20030546,/Users/lemairealice/Downloads/Jupiter/congress_trading_signal/data/raw/house/ptr_pdfs/2025/20030546.pdf,3,2519,False,False,False,True,True,ok_text,
2025,20030635,/Users/lemairealice/Downloads/Jupiter/congress_trading_signal/data/raw/house/ptr_pdfs/2025/20030635.pdf,5,2819,False,False,False,True,True,ok_text,
2025,20030857,/Users/lemairealice/Downloads/Jupiter/congress_trading_signal/data/raw/house/ptr_pdfs/2025/20030857.pdf,2,2213,True,False,True,True,True,ok_text,
2025,20030998,/Users/lemairealice/Downloads/Jupiter/congress_trading_signal/data/raw/house/ptr_pdfs/2025/20030998.pdf,2,1667,True,False,True,True,True,ok_text,
2025,20032276,/Users/lemairealice/Downloads/Jupiter/congress_trading_signal/data/raw/house/ptr_pdfs/2025/20032276.pdf,3,4118,False,False,False,True,True,ok_text,
2025,20033574,/Users/lemairealice/Downloads/Jupiter/congress_trading_signal/data/raw/house/ptr_pdfs/2025/20033574.pdf,4,4308,False,False,False,True,True,ok_text,
2025,20027913,/Users/lemairealice/Downloads/Jupiter/congress_trading_signal/data/raw/house/ptr_pdfs/2025/20027913.pdf,1,999,True,False,True,True,True,ok_text,
2025,20030215,/Users/lemairealice/Downloads/Jupiter/congress_trading_signal/data/raw/house/ptr_pdfs/2025/20030215.pdf,1,1000,True,False,True,True,True,ok_text,
2025,20030632,/Users/lemairealice/Downloads/Jupiter/congress_trading_signal/data/raw/house/ptr_pdfs/2025/20030632.pdf,1,1084,True,False,True,True,True,ok_text,
2025,20033691,/Users/lemairealice/Downloads/Jupiter/congress_trading_signal/data/raw/house/ptr_pdfs/2025/20033691.pdf,1,895,True,False,True,True,True,ok_text,
2025,20031001,/Users/lemairealice/Downloads/Jupiter/congress_trading_signal/data/raw/house/ptr_pdfs/2025/20031001.pdf,1,1124,True,False,True,True,True,ok_text,
2025,20026726,/Users/lemairealice/Downloads/Jupiter/congress_trading_signal/data/raw/house/ptr_pdfs/2025/20026726.pdf,8,3006,False,False,False,True,True,ok_text,
2025,20027891,/Users/lemairealice/Downloads/Jupiter/congress_trading_signal/data/raw/house/ptr_pdfs/2025/20027891.pdf,4,2978,False,False,False,True,True,ok_text,
2025,20029026,/Users/lemairealice/Downloads/Jupiter/congress_trading_signal/data/raw/house/ptr_pdfs/2025/20029026.pdf,6,2946,False,False,False,True,True,ok_text,
2025,20030288,/Users/lemairealice/Downloads/Jupiter/congress_trading_signal/data/raw/house/ptr_pdfs/2025/20030288.pdf,7,2955,False,False,False,True,True,ok_text,
2025,20030461,/Users/lemairealice/Downloads/Jupiter/congress_trading_signal/data/raw/house/ptr_pdfs/2025/20030461.pdf,6,2854,False,False,False,True,True,ok_text,
2025,20030634,/Users/lemairealice/Downloads/Jupiter/congress_trading_signal/data/raw/house/ptr_pdfs/2025/20030634.pdf,4,2890,False,False,False,True,True,ok_text,
2025,20030901,/Users/lemairealice/Downloads/Jupiter/congress_trading_signal/data/raw/house/ptr_pdfs/2025/20030901.pdf,4,2960,False,False,False,True,True,ok_text,
2025,20031022,/Users/lemairealice/Downloads/Jupiter/congress_trading_signal/data/raw/house/ptr_pdfs/2025/20031022.pdf,8,2899,False,False,False,True,True,ok_text,
2025,20032248,/Users/lemairealice/Downloads/Jupiter/congress_trading_signal/data/raw/house/ptr_pdfs/2025/20032248.pdf,9,2912,False,False,False,True,True,ok_text,
2025,20033455,/Users/lemairealice/Downloads/Jupiter/congress_trading_signal/data/raw/house/ptr_pdfs/2025/20033455.pdf,15,2845,False,False,False,True,True,ok_text,
2025,20033619,/Users/lemairealice/Downloads/Jupiter/congress_trading_signal/data/raw/house/ptr_pdfs/2025/20033619.pdf,22,2852,False,False,False,True,True,ok_text,
2025,20032205,/Users/lemairealice/Downloads/Jupiter/congress_trading_signal/data/raw/house/ptr_pdfs/2025/20032205.pdf,1,1282,True,False,True,True,True,ok_text,
2025,20033393,/Users/lemairealice/Downloads/Jupiter/congress_trading_signal/data/raw/house/ptr_pdfs/2025/20033393.pdf,2,1829,True,False,True,True,True,ok_text,
2025,20026548,/Users/lemairealice/Downloads/Jupiter/congress_trading_signal/data/raw/house/ptr_pdfs/2025/20026548.pdf,1,1139,True,False,True,True,True,ok_text,
2025,20028025,/Users/lemairealice/Downloads/Jupiter/congress_trading_signal/data/raw/house/ptr_pdfs/2025/20028025.pdf,1,1029,True,False,True,True,True,ok_text,
2025,20030416,/Users/lemairealice/Downloads/Jupiter/congress_trading_signal/data/raw/house/ptr_pdfs/2025/20030416.pdf,1,1028,True,False,True,True,True,ok_text,
2025,20031011,/Users/lemairealice/Downloads/Jupiter/congress_trading_signal/data/raw/house/ptr_pdfs/2025/20031011.pdf,1,1019,True,False,True,True,True,ok_text,
2025,20033572,/Users/lemairealice/Downloads/Jupiter/congress_trading_signal/data/raw/house/ptr_pdfs/2025/20033572.pdf,1,1011,True,False,True,True,True,ok_text,
2025,20026489,/Users/lemairealice/Downloads/Jupiter/congress_trading_signal/data/raw/house/ptr_pdfs/2025/20026489.pdf,1,897,True,False,True,True,True,ok_text,
2025,20026696,/Users/lemairealice/Downloads/Jupiter/congress_trading_signal/data/raw/house/ptr_pdfs/2025/20026696.pdf,1,1077,True,False,True,True,True,ok_text,
2025,20027820,/Users/lemairealice/Downloads/Jupiter/congress_trading_signal/data/raw/house/ptr_pdfs/2025/20027820.pdf,1,902,True,False,True,True,True,ok_text,
2025,20027962,/Users/lemairealice/Downloads/Jupiter/congress_trading_signal/data/raw/house/ptr_pdfs/2025/20027962.pdf,1,902,True,False,True,True,True,ok_text,
2025,20029130,/Users/lemairealice/Downloads/Jupiter/congress_trading_signal/data/raw/house/ptr_pdfs/2025/20029130.pdf,1,902,True,False,True,True,True,ok_text,
2025,20029131,/Users/lemairealice/Downloads/Jupiter/congress_trading_signal/data/raw/house/ptr_pdfs/2025/20029131.pdf,1,902,True,False,True,True,True,ok_text,
2025,20030439,/Users/lemairealice/Downloads/Jupiter/congress_trading_signal/data/raw/house/ptr_pdfs/2025/20030439.pdf,1,898,True,False,True,True,True,ok_text,
2025,20030466,/Users/lemairealice/Downloads/Jupiter/congress_trading_signal/data/raw/house/ptr_pdfs/2025/20030466.pdf,1,1204,True,False,True,True,True,ok_text,
2025,20030622,/Users/lemairealice/Downloads/Jupiter/congress_trading_signal/data/raw/house/ptr_pdfs/2025/20030622.pdf,1,902,True,False,True,True,True,ok_text,
2025,20030692,/Users/lemairealice/Downloads/Jupiter/congress_trading_signal/data/raw/house/ptr_pdfs/2025/20030692.pdf,1,914,True,False,True,True,True,ok_text,
2025,20031007,/Users/lemairealice/Downloads/Jupiter/congress_trading_signal/data/raw/house/ptr_pdfs/2025/20031007.pdf,1,974,True,False,True,True,True,ok_text,
2025,20018054,/Users/lemairealice/Downloads/Jupiter/congress_trading_signal/data/raw/house/ptr_pdfs/2025/20018054.pdf,4,2322,False,False,False,True,True,ok_text,
2025,20026750,/Users/lemairealice/Downloads/Jupiter/congress_trading_signal/data/raw/house/ptr_pdfs/2025/20026750.pdf,1,1150,True,False,True,True,True,ok_text,
2025,20030716,/Users/lemairealice/Downloads/Jupiter/congress_trading_signal/data/raw/house/ptr_pdfs/2025/20030716.pdf,2,1985,True,False,True,True,True,ok_text,
2025,20026724,/Users/lemairealice/Downloads/Jupiter/congress_trading_signal/data/raw/house/ptr_pdfs/2025/20026724.pdf,2,1327,True,False,True,True,True,ok_text,
2025,20030388,/Users/lemairealice/Downloads/Jupiter/congress_trading_signal/data/raw/house/ptr_pdfs/2025/20030388.pdf,1,1186,True,False,True,True,True,ok_text,
2025,20027975,/Users/lemairealice/Downloads/Jupiter/congress_trading_signal/data/raw/house/ptr_pdfs/2025/20027975.pdf,4,2537,False,False,False,True,True,ok_text,
2025,20029059,/Users/lemairealice/Downloads/Jupiter/congress_trading_signal/data/raw/house/ptr_pdfs/2025/20029059.pdf,3,2472,False,False,False,True,True,ok_text,
2025,20030265,/Users/lemairealice/Downloads/Jupiter/congress_trading_signal/data/raw/house/ptr_pdfs/2025/20030265.pdf,3,2493,False,False,False,True,True,ok_text,
2025,20030442,/Users/lemairealice/Downloads/Jupiter/congress_trading_signal/data/raw/house/ptr_pdfs/2025/20030442.pdf,2,1985,True,False,True,True,True,ok_text,
2025,20030592,/Users/lemairealice/Downloads/Jupiter/congress_trading_signal/data/raw/house/ptr_pdfs/2025/20030592.pdf,2,1465,True,False,True,True,True,ok_text,
2025,20030832,/Users/lemairealice/Downloads/Jupiter/congress_trading_signal/data/raw/house/ptr_pdfs/2025/20030832.pdf,2,1868,True,False,True,True,True,ok_text,
2025,20031013,/Users/lemairealice/Downloads/Jupiter/congress_trading_signal/data/raw/house/ptr_pdfs/2025/20031013.pdf,3,2675,True,False,True,True,True,ok_text,
2025,20032233,/Users/lemairealice/Downloads/Jupiter/congress_trading_signal/data/raw/house/ptr_pdfs/2025/20032233.pdf,2,1746,True,False,True,True,True,ok_text,
2025,20033408,/Users/lemairealice/Downloads/Jupiter/congress_trading_signal/data/raw/house/ptr_pdfs/2025/20033408.pdf,3,2528,False,False,False,True,True,ok_text,
2025,20033604,/Users/lemairealice/Downloads/Jupiter/congress_trading_signal/data/raw/house/ptr_pdfs/2025/20033604.pdf,2,1376,True,False,True,True,True,ok_text,
2025,20026602,/Users/lemairealice/Downloads/Jupiter/congress_trading_signal/data/raw/house/ptr_pdfs/2025/20026602.pdf,1,930,True,False,True,True,True,ok_text,
2025,20027807,/Users/lemairealice/Downloads/Jupiter/congress_trading_signal/data/raw/house/ptr_pdfs/2025/20027807.pdf,1,1080,True,False,True,True,True,ok_text,
2025,20027999,/Users/lemairealice/Downloads/Jupiter/congress_trading_signal/data/raw/house/ptr_pdfs/2025/20027999.pdf,1,943,True,False,True,True,True,ok_text,
2025,20029070,/Users/lemairealice/Downloads/Jupiter/congress_trading_signal/data/raw/house/ptr_pdfs/2025/20029070.pdf,3,2882,False,False,False,True,True,ok_text,
2025,20030289,/Users/lemairealice/Downloads/Jupiter/congress_trading_signal/data/raw/house/ptr_pdfs/2025/20030289.pdf,1,1054,True,False,True,True,True,ok_text,
2025,20030444,/Users/lemairealice/Downloads/Jupiter/congress_trading_signal/data/raw/house/ptr_pdfs/2025/20030444.pdf,1,1201,True,False,True,True,True,ok_text,
2025,20030541,/Users/lemairealice/Downloads/Jupiter/congress_trading_signal/data/raw/house/ptr_pdfs/2025/20030541.pdf,3,2895,False,False,False,True,True,ok_text,
2025,20030619,/Users/lemairealice/Downloads/Jupiter/congress_trading_signal/data/raw/house/ptr_pdfs/2025/20030619.pdf,1,1068,True,False,True,True,True,ok_text,
2025,20030826,/Users/lemairealice/Downloads/Jupiter/congress_trading_signal/data/raw/house/ptr_pdfs/2025/20030826.pdf,3,2850,False,False,False,True,True,ok_text,
2025,20030955,/Users/lemairealice/Downloads/Jupiter/congress_trading_signal/data/raw/house/ptr_pdfs/2025/20030955.pdf,1,1059,True,False,True,True,True,ok_text,
2025,20032102,/Users/lemairealice/Downloads/Jupiter/congress_trading_signal/data/raw/house/ptr_pdfs/2025/20032102.pdf,1,1187,True,False,True,True,True,ok_text,
2025,20032245,/Users/lemairealice/Downloads/Jupiter/congress_trading_signal/data/raw/house/ptr_pdfs/2025/20032245.pdf,1,956,True,False,True,True,True,ok_text,
2025,20033335,/Users/lemairealice/Downloads/Jupiter/congress_trading_signal/data/raw/house/ptr_pdfs/2025/20033335.pdf,1,929,True,False,True,True,True,ok_text,
2025,20033431,/Users/lemairealice/Downloads/Jupiter/congress_trading_signal/data/raw/house/ptr_pdfs/2025/20033431.pdf,1,1058,True,False,True,True,True,ok_text,
2025,20033587,/Users/lemairealice/Downloads/Jupiter/congress_trading_signal/data/raw/house/ptr_pdfs/2025/20033587.pdf,1,1325,True,False,True,True,True,ok_text,
2025,20033490,/Users/lemairealice/Downloads/Jupiter/congress_trading_signal/data/raw/house/ptr_pdfs/2025/20033490.pdf,1,1011,True,False,True,True,True,ok_text,
2025,20026647,/Users/lemairealice/Downloads/Jupiter/congress_trading_signal/data/raw/house/ptr_pdfs/2025/20026647.pdf,1,1340,True,False,True,True,True,ok_text,
2025,20029053,/Users/lemairealice/Downloads/Jupiter/congress_trading_signal/data/raw/house/ptr_pdfs/2025/20029053.pdf,1,1348,True,False,True,True,True,ok_text,
2025,20029105,/Users/lemairealice/Downloads/Jupiter/congress_trading_signal/data/raw/house/ptr_pdfs/2025/20029105.pdf,2,2996,True,False,True,True,True,ok_text,
2025,20026535,/Users/lemairealice/Downloads/Jupiter/congress_trading_signal/data/raw/house/ptr_pdfs/2025/20026535.pdf,2,1456,True,False,True,True,True,ok_text,
2025,20027935,/Users/lemairealice/Downloads/Jupiter/congress_trading_signal/data/raw/house/ptr_pdfs/2025/20027935.pdf,1,932,True,False,True,True,True,ok_text,
2025,20029088,/Users/lemairealice/Downloads/Jupiter/congress_trading_signal/data/raw/house/ptr_pdfs/2025/20029088.pdf,2,1341,True,False,True,True,True,ok_text,
2025,20030285,/Users/lemairealice/Downloads/Jupiter/congress_trading_signal/data/raw/house/ptr_pdfs/2025/20030285.pdf,1,926,True,False,True,True,True,ok_text,
2025,20030454,/Users/lemairealice/Downloads/Jupiter/congress_trading_signal/data/raw/house/ptr_pdfs/2025/20030454.pdf,1,932,True,False,True,True,True,ok_text,
2025,20030618,/Users/lemairealice/Downloads/Jupiter/congress_trading_signal/data/raw/house/ptr_pdfs/2025/20030618.pdf,2,1341,True,False,True,True,True,ok_text,
2025,20030820,/Users/lemairealice/Downloads/Jupiter/congress_trading_signal/data/raw/house/ptr_pdfs/2025/20030820.pdf,1,946,True,False,True,True,True,ok_text,
2025,20026712,/Users/lemairealice/Downloads/Jupiter/congress_trading_signal/data/raw/house/ptr_pdfs/2025/20026712.pdf,3,2464,False,False,False,True,True,ok_text,
2025,20027903,/Users/lemairealice/Downloads/Jupiter/congress_trading_signal/data/raw/house/ptr_pdfs/2025/20027903.pdf,2,2077,True,False,True,True,True,ok_text,
2025,20029092,/Users/lemairealice/Downloads/Jupiter/congress_trading_signal/data/raw/house/ptr_pdfs/2025/20029092.pdf,7,2484,False,False,False,True,True,ok_text,
2025,20030342,/Users/lemairealice/Downloads/Jupiter/congress_trading_signal/data/raw/house/ptr_pdfs/2025/20030342.pdf,2,2045,True,False,True,True,True,ok_text,
2025,20032038,/Users/lemairealice/Downloads/Jupiter/congress_trading_signal/data/raw/house/ptr_pdfs/2025/20032038.pdf,2,1580,True,False,True,True,True,ok_text,
2025,20032234,/Users/lemairealice/Downloads/Jupiter/congress_trading_signal/data/raw/house/ptr_pdfs/2025/20032234.pdf,3,2527,False,False,False,True,True,ok_text,
2025,20033491,/Users/lemairealice/Downloads/Jupiter/congress_trading_signal/data/raw/house/ptr_pdfs/2025/20033491.pdf,3,2553,False,False,False,True,True,ok_text,
2025,20027895,/Users/lemairealice/Downloads/Jupiter/congress_trading_signal/data/raw/house/ptr_pdfs/2025/20027895.pdf,1,1064,True,False,True,True,True,ok_text,
2025,20029068,/Users/lemairealice/Downloads/Jupiter/congress_trading_signal/data/raw/house/ptr_pdfs/2025/20029068.pdf,1,1177,True,False,True,True,True,ok_text,
2025,20030735,/Users/lemairealice/Downloads/Jupiter/congress_trading_signal/data/raw/house/ptr_pdfs/2025/20030735.pdf,1,1177,True,False,True,True,True,ok_text,
2025,20032191,/Users/lemairealice/Downloads/Jupiter/congress_trading_signal/data/raw/house/ptr_pdfs/2025/20032191.pdf,1,1171,True,False,True,True,True,ok_text,
2025,20029062,/Users/lemairealice/Downloads/Jupiter/congress_trading_signal/data/raw/house/ptr_pdfs/2025/20029062.pdf,1,1105,True,False,True,True,True,ok_text,
2025,20030179,/Users/lemairealice/Downloads/Jupiter/congress_trading_signal/data/raw/house/ptr_pdfs/2025/20030179.pdf,3,2287,False,False,False,True,True,ok_text,
2025,20033370,/Users/lemairealice/Downloads/Jupiter/congress_trading_signal/data/raw/house/ptr_pdfs/2025/20033370.pdf,1,1111,True,False,True,True,True,ok_text,
2025,20033667,/Users/lemairealice/Downloads/Jupiter/congress_trading_signal/data/raw/house/ptr_pdfs/2025/20033667.pdf,2,1657,True,False,True,True,True,ok_text,
2025,20027855,/Users/lemairealice/Downloads/Jupiter/congress_trading_signal/data/raw/house/ptr_pdfs/2025/20027855.pdf,1,1008,True,False,True,True,True,ok_text,
2025,20030472,/Users/lemairealice/Downloads/Jupiter/congress_trading_signal/data/raw/house/ptr_pdfs/2025/20030472.pdf,6,2761,False,False,False,True,True,ok_text,
2025,20030803,/Users/lemairealice/Downloads/Jupiter/congress_trading_signal/data/raw/house/ptr_pdfs/2025/20030803.pdf,8,2619,False,False,False,True,True,ok_text,
2025,20031017,/Users/lemairealice/Downloads/Jupiter/congress_trading_signal/data/raw/house/ptr_pdfs/2025/20031017.pdf,6,2579,False,False,False,True,True,ok_text,
2025,20032106,/Users/lemairealice/Downloads/Jupiter/congress_trading_signal/data/raw/house/ptr_pdfs/2025/20032106.pdf,4,2617,False,False,False,True,True,ok_text,
2025,20033326,/Users/lemairealice/Downloads/Jupiter/congress_trading_signal/data/raw/house/ptr_pdfs/2025/20033326.pdf,2,2155,True,False,True,True,True,ok_text,
2025,20033424,/Users/lemairealice/Downloads/Jupiter/congress_trading_signal/data/raw/house/ptr_pdfs/2025/20033424.pdf,2,2612,True,False,True,True,True,ok_text,
2025,20033493,/Users/lemairealice/Downloads/Jupiter/congress_trading_signal/data/raw/house/ptr_pdfs/2025/20033493.pdf,2,1427,True,False,True,True,True,ok_text,
2025,20033559,/Users/lemairealice/Downloads/Jupiter/congress_trading_signal/data/raw/house/ptr_pdfs/2025/20033559.pdf,1,1216,True,False,True,True,True,ok_text,
2025,20033616,/Users/lemairealice/Downloads/Jupiter/congress_trading_signal/data/raw/house/ptr_pdfs/2025/20033616.pdf,3,2694,False,False,False,True,True,ok_text,
2025,8220753,/Users/lemairealice/Downloads/Jupiter/congress_trading_signal/data/raw/house/ptr_pdfs/2025/8220753.pdf,4,1,False,False,False,False,False,no_text,
2025,8220902,/Users/lemairealice/Downloads/Jupiter/congress_trading_signal/data/raw/house/ptr_pdfs/2025/8220902.pdf,5,1,False,False,False,False,False,no_text,
2025,9115670,/Users/lemairealice/Downloads/Jupiter/congress_trading_signal/data/raw/house/ptr_pdfs/2025/9115670.pdf,3,1,False,False,False,False,False,no_text,
2025,8221237,/Users/lemairealice/Downloads/Jupiter/congress_trading_signal/data/raw/house/ptr_pdfs/2025/8221237.pdf,2,1,False,False,False,False,False,no_text,
2025,20026516,/Users/lemairealice/Downloads/Jupiter/congress_trading_signal/data/raw/house/ptr_pdfs/2025/20026516.pdf,3,2713,True,False,True,True,True,ok_text,
2025,20027876,/Users/lemairealice/Downloads/Jupiter/congress_trading_signal/data/raw/house/ptr_pdfs/2025/20027876.pdf,1,1072,True,False,True,True,True,ok_text,
2025,20029061,/Users/lemairealice/Downloads/Jupiter/congress_trading_signal/data/raw/house/ptr_pdfs/2025/20029061.pdf,2,1519,True,False,True,True,True,ok_text,
2025,20030450,/Users/lemairealice/Downloads/Jupiter/congress_trading_signal/data/raw/house/ptr_pdfs/2025/20030450.pdf,1,1078,True,False,True,True,True,ok_text,
2025,20030587,/Users/lemairealice/Downloads/Jupiter/congress_trading_signal/data/raw/house/ptr_pdfs/2025/20030587.pdf,1,1140,True,False,True,True,True,ok_text,
2025,20032040,/Users/lemairealice/Downloads/Jupiter/congress_trading_signal/data/raw/house/ptr_pdfs/2025/20032040.pdf,1,1078,True,False,True,True,True,ok_text,
2025,20032215,/Users/lemairealice/Downloads/Jupiter/congress_trading_signal/data/raw/house/ptr_pdfs/2025/20032215.pdf,1,1258,True,False,True,True,True,ok_text,
2025,20033553,/Users/lemairealice/Downloads/Jupiter/congress_trading_signal/data/raw/house/ptr_pdfs/2025/20033553.pdf,1,1242,True,False,True,True,True,ok_text,
2025,20027834,/Users/lemairealice/Downloads/Jupiter/congress_trading_signal/data/raw/house/ptr_pdfs/2025/20027834.pdf,1,1252,True,False,True,True,True,ok_text,
2025,20027995,/Users/lemairealice/Downloads/Jupiter/congress_trading_signal/data/raw/house/ptr_pdfs/2025/20027995.pdf,3,2531,True,False,False,True,True,ok_text,
2025,20029132,/Users/lemairealice/Downloads/Jupiter/congress_trading_signal/data/raw/house/ptr_pdfs/2025/20029132.pdf,1,1167,True,False,True,True,True,ok_text,
2025,20030187,/Users/lemairealice/Downloads/Jupiter/congress_trading_signal/data/raw/house/ptr_pdfs/2025/20030187.pdf,1,1075,True,False,True,True,True,ok_text,
2025,20030445,/Users/lemairealice/Downloads/Jupiter/congress_trading_signal/data/raw/house/ptr_pdfs/2025/20030445.pdf,1,1026,True,False,True,True,True,ok_text,
2025,20030494,/Users/lemairealice/Downloads/Jupiter/congress_trading_signal/data/raw/house/ptr_pdfs/2025/20030494.pdf,7,4817,False,False,True,True,True,ok_text,
2025,20030670,/Users/lemairealice/Downloads/Jupiter/congress_trading_signal/data/raw/house/ptr_pdfs/2025/20030670.pdf,3,2467,False,False,False,True,True,ok_text,
2025,20030778,/Users/lemairealice/Downloads/Jupiter/congress_trading_signal/data/raw/house/ptr_pdfs/2025/20030778.pdf,2,1366,True,False,True,True,True,ok_text,
2025,20030918,/Users/lemairealice/Downloads/Jupiter/congress_trading_signal/data/raw/house/ptr_pdfs/2025/20030918.pdf,2,2004,True,False,True,True,True,ok_text,
2025,20033327,/Users/lemairealice/Downloads/Jupiter/congress_trading_signal/data/raw/house/ptr_pdfs/2025/20033327.pdf,2,2518,True,False,True,True,True,ok_text,
2025,20032051,/Users/lemairealice/Downloads/Jupiter/congress_trading_signal/data/raw/house/ptr_pdfs/2025/20032051.pdf,1,1313,True,False,True,True,True,ok_text,
2025,20032250,/Users/lemairealice/Downloads/Jupiter/congress_trading_signal/data/raw/house/ptr_pdfs/2025/20032250.pdf,1,1058,True,False,True,True,True,ok_text,
2025,20030952,/Users/lemairealice/Downloads/Jupiter/congress_trading_signal/data/raw/house/ptr_pdfs/2025/20030952.pdf,1,979,True,False,True,True,True,ok_text,
2025,20030417,/Users/lemairealice/Downloads/Jupiter/congress_trading_signal/data/raw/house/ptr_pdfs/2025/20030417.pdf,2,1383,True,False,True,True,True,ok_text,
2025,20030641,/Users/lemairealice/Downloads/Jupiter/congress_trading_signal/data/raw/house/ptr_pdfs/2025/20030641.pdf,3,2041,True,False,True,True,True,ok_text,
2025,20030889,/Users/lemairealice/Downloads/Jupiter/congress_trading_signal/data/raw/house/ptr_pdfs/2025/20030889.pdf,1,936,True,False,True,True,True,ok_text,
2025,20033476,/Users/lemairealice/Downloads/Jupiter/congress_trading_signal/data/raw/house/ptr_pdfs/2025/20033476.pdf,1,975,True,False,True,True,True,ok_text,
2025,20027916,/Users/lemairealice/Downloads/Jupiter/congress_trading_signal/data/raw/house/ptr_pdfs/2025/20027916.pdf,1,1202,True,False,True,True,True,ok_text,
2025,8220796,/Users/lemairealice/Downloads/Jupiter/congress_trading_signal/data/raw/house/ptr_pdfs/2025/8220796.pdf,1,0,False,False,False,False,False,no_text,
2025,8220809,/Users/lemairealice/Downloads/Jupiter/congress_trading_signal/data/raw/house/ptr_pdfs/2025/8220809.pdf,1,0,False,False,False,False,False,no_text,
2025,8220845,/Users/lemairealice/Downloads/Jupiter/congress_trading_signal/data/raw/house/ptr_pdfs/2025/8220845.pdf,1,0,False,False,False,False,False,no_text,
2025,20026533,/Users/lemairealice/Downloads/Jupiter/congress_trading_signal/data/raw/house/ptr_pdfs/2025/20026533.pdf,8,2948,False,False,False,True,True,ok_text,
2025,20026732,/Users/lemairealice/Downloads/Jupiter/congress_trading_signal/data/raw/house/ptr_pdfs/2025/20026732.pdf,10,2909,False,False,False,True,True,ok_text,
2025,20027901,/Users/lemairealice/Downloads/Jupiter/congress_trading_signal/data/raw/house/ptr_pdfs/2025/20027901.pdf,8,2905,False,False,False,True,True,ok_text,
2025,20029083,/Users/lemairealice/Downloads/Jupiter/congress_trading_signal/data/raw/house/ptr_pdfs/2025/20029083.pdf,6,2952,False,False,False,True,True,ok_text,
2025,20030338,/Users/lemairealice/Downloads/Jupiter/congress_trading_signal/data/raw/house/ptr_pdfs/2025/20030338.pdf,14,2913,False,False,False,True,True,ok_text,
2025,20030462,/Users/lemairealice/Downloads/Jupiter/congress_trading_signal/data/raw/house/ptr_pdfs/2025/20030462.pdf,4,2908,False,False,False,True,True,ok_text,
2025,20030621,/Users/lemairealice/Downloads/Jupiter/congress_trading_signal/data/raw/house/ptr_pdfs/2025/20030621.pdf,3,2859,False,False,False,True,True,ok_text,
2025,20030848,/Users/lemairealice/Downloads/Jupiter/congress_trading_signal/data/raw/house/ptr_pdfs/2025/20030848.pdf,2,2172,True,False,True,True,True,ok_text,
2025,20031032,/Users/lemairealice/Downloads/Jupiter/congress_trading_signal/data/raw/house/ptr_pdfs/2025/20031032.pdf,2,1708,True,False,True,True,True,ok_text,
2025,20032246,/Users/lemairealice/Downloads/Jupiter/congress_trading_signal/data/raw/house/ptr_pdfs/2025/20032246.pdf,2,2633,True,False,True,True,True,ok_text,
2025,20033398,/Users/lemairealice/Downloads/Jupiter/congress_trading_signal/data/raw/house/ptr_pdfs/2025/20033398.pdf,2,1654,True,False,True,True,True,ok_text,
2025,20033576,/Users/lemairealice/Downloads/Jupiter/congress_trading_signal/data/raw/house/ptr_pdfs/2025/20033576.pdf,2,2297,True,False,True,True,True,ok_text,
2025,20026538,/Users/lemairealice/Downloads/Jupiter/congress_trading_signal/data/raw/house/ptr_pdfs/2025/20026538.pdf,1,1089,True,False,True,True,True,ok_text,
2025,20026701,/Users/lemairealice/Downloads/Jupiter/congress_trading_signal/data/raw/house/ptr_pdfs/2025/20026701.pdf,2,1993,True,False,True,True,True,ok_text,
2025,20027845,/Users/lemairealice/Downloads/Jupiter/congress_trading_signal/data/raw/house/ptr_pdfs/2025/20027845.pdf,2,1498,True,False,True,True,True,ok_text,
2025,20027900,/Users/lemairealice/Downloads/Jupiter/congress_trading_signal/data/raw/house/ptr_pdfs/2025/20027900.pdf,1,1089,True,False,True,True,True,ok_text,
2025,20029097,/Users/lemairealice/Downloads/Jupiter/congress_trading_signal/data/raw/house/ptr_pdfs/2025/20029097.pdf,1,1122,True,False,True,True,True,ok_text,
2025,20030331,/Users/lemairealice/Downloads/Jupiter/congress_trading_signal/data/raw/house/ptr_pdfs/2025/20030331.pdf,1,1096,True,False,True,True,True,ok_text,
2025,20030441,/Users/lemairealice/Downloads/Jupiter/congress_trading_signal/data/raw/house/ptr_pdfs/2025/20030441.pdf,1,1112,True,False,True,True,True,ok_text,
2025,20030579,/Users/lemairealice/Downloads/Jupiter/congress_trading_signal/data/raw/house/ptr_pdfs/2025/20030579.pdf,1,1096,True,False,True,True,True,ok_text,
2025,20026658,/Users/lemairealice/Downloads/Jupiter/congress_trading_signal/data/raw/house/ptr_pdfs/2025/20026658.pdf,7,2355,False,False,False,True,True,ok_text,
2025,20026791,/Users/lemairealice/Downloads/Jupiter/congress_trading_signal/data/raw/house/ptr_pdfs/2025/20026791.pdf,2,2051,True,False,True,True,True,ok_text,
2025,20027933,/Users/lemairealice/Downloads/Jupiter/congress_trading_signal/data/raw/house/ptr_pdfs/2025/20027933.pdf,2,1548,True,False,True,True,True,ok_text,
2025,20028002,/Users/lemairealice/Downloads/Jupiter/congress_trading_signal/data/raw/house/ptr_pdfs/2025/20028002.pdf,2,2240,True,False,True,True,True,ok_text,
2025,20028016,/Users/lemairealice/Downloads/Jupiter/congress_trading_signal/data/raw/house/ptr_pdfs/2025/20028016.pdf,1,912,True,False,True,True,True,ok_text,
2025,20029028,/Users/lemairealice/Downloads/Jupiter/congress_trading_signal/data/raw/house/ptr_pdfs/2025/20029028.pdf,1,912,True,False,True,True,True,ok_text,
2025,20029089,/Users/lemairealice/Downloads/Jupiter/congress_trading_signal/data/raw/house/ptr_pdfs/2025/20029089.pdf,3,2389,False,False,False,True,True,ok_text,
2025,20029138,/Users/lemairealice/Downloads/Jupiter/congress_trading_signal/data/raw/house/ptr_pdfs/2025/20029138.pdf,3,2377,False,False,False,True,True,ok_text,
2025,20030295,/Users/lemairealice/Downloads/Jupiter/congress_trading_signal/data/raw/house/ptr_pdfs/2025/20030295.pdf,8,2423,False,False,False,True,True,ok_text,
2025,20030389,/Users/lemairealice/Downloads/Jupiter/congress_trading_signal/data/raw/house/ptr_pdfs/2025/20030389.pdf,3,2349,False,False,False,True,True,ok_text,
2025,20030539,/Users/lemairealice/Downloads/Jupiter/congress_trading_signal/data/raw/house/ptr_pdfs/2025/20030539.pdf,2,1712,True,False,True,True,True,ok_text,
2025,20030548,/Users/lemairealice/Downloads/Jupiter/congress_trading_signal/data/raw/house/ptr_pdfs/2025/20030548.pdf,1,1153,True,False,True,True,True,ok_text,
2025,20030711,/Users/lemairealice/Downloads/Jupiter/congress_trading_signal/data/raw/house/ptr_pdfs/2025/20030711.pdf,2,1281,True,False,True,True,True,ok_text,
2025,20030924,/Users/lemairealice/Downloads/Jupiter/congress_trading_signal/data/raw/house/ptr_pdfs/2025/20030924.pdf,1,1230,True,False,True,True,True,ok_text,
2025,20030925,/Users/lemairealice/Downloads/Jupiter/congress_trading_signal/data/raw/house/ptr_pdfs/2025/20030925.pdf,1,966,True,False,True,True,True,ok_text,
2025,20030944,/Users/lemairealice/Downloads/Jupiter/congress_trading_signal/data/raw/house/ptr_pdfs/2025/20030944.pdf,1,929,True,False,True,True,True,ok_text,
2025,20030996,/Users/lemairealice/Downloads/Jupiter/congress_trading_signal/data/raw/house/ptr_pdfs/2025/20030996.pdf,2,2189,True,False,True,True,True,ok_text,
2025,20032174,/Users/lemairealice/Downloads/Jupiter/congress_trading_signal/data/raw/house/ptr_pdfs/2025/20032174.pdf,2,2054,True,False,True,True,True,ok_text,
2025,20033314,/Users/lemairealice/Downloads/Jupiter/congress_trading_signal/data/raw/house/ptr_pdfs/2025/20033314.pdf,2,1959,True,False,True,True,True,ok_text,
2025,20033360,/Users/lemairealice/Downloads/Jupiter/congress_trading_signal/data/raw/house/ptr_pdfs/2025/20033360.pdf,2,2353,True,False,True,True,True,ok_text,
2025,20033428,/Users/lemairealice/Downloads/Jupiter/congress_trading_signal/data/raw/house/ptr_pdfs/2025/20033428.pdf,1,923,True,False,True,True,True,ok_text,
2025,20033462,/Users/lemairealice/Downloads/Jupiter/congress_trading_signal/data/raw/house/ptr_pdfs/2025/20033462.pdf,1,1048,True,False,True,True,True,ok_text,
2025,20033505,/Users/lemairealice/Downloads/Jupiter/congress_trading_signal/data/raw/house/ptr_pdfs/2025/20033505.pdf,1,912,True,False,True,True,True,ok_text,
2025,20033570,/Users/lemairealice/Downloads/Jupiter/congress_trading_signal/data/raw/house/ptr_pdfs/2025/20033570.pdf,1,924,True,False,True,True,True,ok_text,
2025,20033649,/Users/lemairealice/Downloads/Jupiter/congress_trading_signal/data/raw/house/ptr_pdfs/2025/20033649.pdf,1,913,True,False,True,True,True,ok_text,
2025,20033416,/Users/lemairealice/Downloads/Jupiter/congress_trading_signal/data/raw/house/ptr_pdfs/2025/20033416.pdf,1,1030,True,False,True,True,True,ok_text,
2025,20026597,/Users/lemairealice/Downloads/Jupiter/congress_trading_signal/data/raw/house/ptr_pdfs/2025/20026597.pdf,2,3022,True,False,True,True,True,ok_text,
2025,20026794,/Users/lemairealice/Downloads/Jupiter/congress_trading_signal/data/raw/house/ptr_pdfs/2025/20026794.pdf,1,1076,True,False,True,True,True,ok_text,
2025,20030185,/Users/lemairealice/Downloads/Jupiter/congress_trading_signal/data/raw/house/ptr_pdfs/2025/20030185.pdf,1,1300,True,False,True,True,True,ok_text,
2025,20030339,/Users/lemairealice/Downloads/Jupiter/congress_trading_signal/data/raw/house/ptr_pdfs/2025/20030339.pdf,2,1638,True,False,True,True,True,ok_text,
2025,20032284,/Users/lemairealice/Downloads/Jupiter/congress_trading_signal/data/raw/house/ptr_pdfs/2025/20032284.pdf,2,1484,True,False,True,True,True,ok_text,
2025,20033458,/Users/lemairealice/Downloads/Jupiter/congress_trading_signal/data/raw/house/ptr_pdfs/2025/20033458.pdf,3,2788,False,False,False,True,True,ok_text,
2025,20026706,/Users/lemairealice/Downloads/Jupiter/congress_trading_signal/data/raw/house/ptr_pdfs/2025/20026706.pdf,1,1092,True,False,True,True,True,ok_text,
2025,20030551,/Users/lemairealice/Downloads/Jupiter/congress_trading_signal/data/raw/house/ptr_pdfs/2025/20030551.pdf,3,2657,False,False,False,True,True,ok_text,
2025,20032070,/Users/lemairealice/Downloads/Jupiter/congress_trading_signal/data/raw/house/ptr_pdfs/2025/20032070.pdf,27,2619,False,False,False,True,True,ok_text,
2025,20032211,/Users/lemairealice/Downloads/Jupiter/congress_trading_signal/data/raw/house/ptr_pdfs/2025/20032211.pdf,19,2603,False,False,False,True,True,ok_text,
2025,20030181,/Users/lemairealice/Downloads/Jupiter/congress_trading_signal/data/raw/house/ptr_pdfs/2025/20030181.pdf,1,1253,True,False,True,True,True,ok_text,
2025,20026545,/Users/lemairealice/Downloads/Jupiter/congress_trading_signal/data/raw/house/ptr_pdfs/2025/20026545.pdf,2,1537,True,False,True,True,True,ok_text,
2025,20029065,/Users/lemairealice/Downloads/Jupiter/congress_trading_signal/data/raw/house/ptr_pdfs/2025/20029065.pdf,2,1516,True,False,True,True,True,ok_text,
2025,20030283,/Users/lemairealice/Downloads/Jupiter/congress_trading_signal/data/raw/house/ptr_pdfs/2025/20030283.pdf,2,2058,True,False,True,True,True,ok_text,
2025,20030452,/Users/lemairealice/Downloads/Jupiter/congress_trading_signal/data/raw/house/ptr_pdfs/2025/20030452.pdf,2,1386,True,False,True,True,True,ok_text,
2025,20030599,/Users/lemairealice/Downloads/Jupiter/congress_trading_signal/data/raw/house/ptr_pdfs/2025/20030599.pdf,1,1231,True,False,True,True,True,ok_text,
2025,20030860,/Users/lemairealice/Downloads/Jupiter/congress_trading_signal/data/raw/house/ptr_pdfs/2025/20030860.pdf,5,2816,False,False,False,True,True,ok_text,
2025,20031023,/Users/lemairealice/Downloads/Jupiter/congress_trading_signal/data/raw/house/ptr_pdfs/2025/20031023.pdf,2,1433,True,False,True,True,True,ok_text,
2025,20032232,/Users/lemairealice/Downloads/Jupiter/congress_trading_signal/data/raw/house/ptr_pdfs/2025/20032232.pdf,2,1531,True,False,True,True,True,ok_text,
2025,20033409,/Users/lemairealice/Downloads/Jupiter/congress_trading_signal/data/raw/house/ptr_pdfs/2025/20033409.pdf,2,1550,True,False,True,True,True,ok_text,
2025,20033566,/Users/lemairealice/Downloads/Jupiter/congress_trading_signal/data/raw/house/ptr_pdfs/2025/20033566.pdf,2,1724,True,False,True,True,True,ok_text,
2025,20026762,/Users/lemairealice/Downloads/Jupiter/congress_trading_signal/data/raw/house/ptr_pdfs/2025/20026762.pdf,7,2760,False,False,False,True,True,ok_text,
2025,20027936,/Users/lemairealice/Downloads/Jupiter/congress_trading_signal/data/raw/house/ptr_pdfs/2025/20027936.pdf,7,2739,False,False,False,True,True,ok_text,
2025,20029064,/Users/lemairealice/Downloads/Jupiter/congress_trading_signal/data/raw/house/ptr_pdfs/2025/20029064.pdf,3,2708,False,False,False,True,True,ok_text,
2025,20030296,/Users/lemairealice/Downloads/Jupiter/congress_trading_signal/data/raw/house/ptr_pdfs/2025/20030296.pdf,17,2664,False,False,False,True,True,ok_text,
2025,20030474,/Users/lemairealice/Downloads/Jupiter/congress_trading_signal/data/raw/house/ptr_pdfs/2025/20030474.pdf,2,1894,True,False,True,True,True,ok_text,
2025,20030647,/Users/lemairealice/Downloads/Jupiter/congress_trading_signal/data/raw/house/ptr_pdfs/2025/20030647.pdf,2,1418,True,False,True,True,True,ok_text,
2025,20030909,/Users/lemairealice/Downloads/Jupiter/congress_trading_signal/data/raw/house/ptr_pdfs/2025/20030909.pdf,3,2985,False,False,False,True,True,ok_text,
2025,20032066,/Users/lemairealice/Downloads/Jupiter/congress_trading_signal/data/raw/house/ptr_pdfs/2025/20032066.pdf,8,2851,False,False,False,True,True,ok_text,
2025,20032242,/Users/lemairealice/Downloads/Jupiter/congress_trading_signal/data/raw/house/ptr_pdfs/2025/20032242.pdf,3,2717,False,False,False,True,True,ok_text,
2025,20033420,/Users/lemairealice/Downloads/Jupiter/congress_trading_signal/data/raw/house/ptr_pdfs/2025/20033420.pdf,3,2787,False,False,False,True,True,ok_text,
2025,20033611,/Users/lemairealice/Downloads/Jupiter/congress_trading_signal/data/raw/house/ptr_pdfs/2025/20033611.pdf,8,2859,False,False,False,True,True,ok_text,
2025,20026736,/Users/lemairealice/Downloads/Jupiter/congress_trading_signal/data/raw/house/ptr_pdfs/2025/20026736.pdf,1,1028,True,False,True,True,True,ok_text,
2025,20026591,/Users/lemairealice/Downloads/Jupiter/congress_trading_signal/data/raw/house/ptr_pdfs/2025/20026591.pdf,2,1995,True,False,True,True,True,ok_text,
2025,20026802,/Users/lemairealice/Downloads/Jupiter/congress_trading_signal/data/raw/house/ptr_pdfs/2025/20026802.pdf,2,1313,True,False,True,True,True,ok_text,
2025,20027931,/Users/lemairealice/Downloads/Jupiter/congress_trading_signal/data/raw/house/ptr_pdfs/2025/20027931.pdf,2,1664,True,False,True,True,True,ok_text,
2025,20030155,/Users/lemairealice/Downloads/Jupiter/congress_trading_signal/data/raw/house/ptr_pdfs/2025/20030155.pdf,2,1322,True,False,True,True,True,ok_text,
2025,20030275,/Users/lemairealice/Downloads/Jupiter/congress_trading_signal/data/raw/house/ptr_pdfs/2025/20030275.pdf,2,2599,True,False,True,True,True,ok_text,
2025,20030491,/Users/lemairealice/Downloads/Jupiter/congress_trading_signal/data/raw/house/ptr_pdfs/2025/20030491.pdf,2,1618,True,False,True,True,True,ok_text,
2025,20030671,/Users/lemairealice/Downloads/Jupiter/congress_trading_signal/data/raw/house/ptr_pdfs/2025/20030671.pdf,2,1509,True,False,True,True,True,ok_text,
2025,20030946,/Users/lemairealice/Downloads/Jupiter/congress_trading_signal/data/raw/house/ptr_pdfs/2025/20030946.pdf,2,2063,True,False,True,True,True,ok_text,
2025,20032089,/Users/lemairealice/Downloads/Jupiter/congress_trading_signal/data/raw/house/ptr_pdfs/2025/20032089.pdf,2,1705,True,False,True,True,True,ok_text,
2025,20032269,/Users/lemairealice/Downloads/Jupiter/congress_trading_signal/data/raw/house/ptr_pdfs/2025/20032269.pdf,2,2205,True,False,True,True,True,ok_text,
2025,20033474,/Users/lemairealice/Downloads/Jupiter/congress_trading_signal/data/raw/house/ptr_pdfs/2025/20033474.pdf,1,1178,True,False,True,True,True,ok_text,
2025,20033659,/Users/lemairealice/Downloads/Jupiter/congress_trading_signal/data/raw/house/ptr_pdfs/2025/20033659.pdf,2,1395,True,False,True,True,True,ok_text,
2025,20026556,/Users/lemairealice/Downloads/Jupiter/congress_trading_signal/data/raw/house/ptr_pdfs/2025/20026556.pdf,2,1239,True,False,True,True,True,ok_text,
2025,20027837,/Users/lemairealice/Downloads/Jupiter/congress_trading_signal/data/raw/house/ptr_pdfs/2025/20027837.pdf,3,2344,True,False,False,True,True,ok_text,
2025,20028007,/Users/lemairealice/Downloads/Jupiter/congress_trading_signal/data/raw/house/ptr_pdfs/2025/20028007.pdf,2,1527,True,False,True,True,True,ok_text,
2025,20030174,/Users/lemairealice/Downloads/Jupiter/congress_trading_signal/data/raw/house/ptr_pdfs/2025/20030174.pdf,1,1192,True,False,True,True,True,ok_text,
2025,20031014,/Users/lemairealice/Downloads/Jupiter/congress_trading_signal/data/raw/house/ptr_pdfs/2025/20031014.pdf,1,1032,True,False,True,True,True,ok_text,
2025,20033628,/Users/lemairealice/Downloads/Jupiter/congress_trading_signal/data/raw/house/ptr_pdfs/2025/20033628.pdf,1,1030,True,False,True,True,True,ok_text,
2025,20026550,/Users/lemairealice/Downloads/Jupiter/congress_trading_signal/data/raw/house/ptr_pdfs/2025/20026550.pdf,1,1187,True,False,True,True,True,ok_text,
2025,20026792,/Users/lemairealice/Downloads/Jupiter/congress_trading_signal/data/raw/house/ptr_pdfs/2025/20026792.pdf,2,1367,True,False,True,True,True,ok_text,
2025,20030639,/Users/lemairealice/Downloads/Jupiter/congress_trading_signal/data/raw/house/ptr_pdfs/2025/20030639.pdf,2,1533,True,False,True,True,True,ok_text,
2025,20030892,/Users/lemairealice/Downloads/Jupiter/congress_trading_signal/data/raw/house/ptr_pdfs/2025/20030892.pdf,2,1337,True,False,True,True,True,ok_text,
2025,20032254,/Users/lemairealice/Downloads/Jupiter/congress_trading_signal/data/raw/house/ptr_pdfs/2025/20032254.pdf,1,1046,True,False,True,True,True,ok_text,
2025,20033447,/Users/lemairealice/Downloads/Jupiter/congress_trading_signal/data/raw/house/ptr_pdfs/2025/20033447.pdf,2,1363,True,False,True,True,True,ok_text,
2025,20033615,/Users/lemairealice/Downloads/Jupiter/congress_trading_signal/data/raw/house/ptr_pdfs/2025/20033615.pdf,1,1056,True,False,True,True,True,ok_text,
2025,20030542,/Users/lemairealice/Downloads/Jupiter/congress_trading_signal/data/raw/house/ptr_pdfs/2025/20030542.pdf,1,995,True,False,True,True,True,ok_text,
2025,8220750,/Users/lemairealice/Downloads/Jupiter/congress_trading_signal/data/raw/house/ptr_pdfs/2025/8220750.pdf,34,1,False,False,False,False,False,no_text,
2025,8220783,/Users/lemairealice/Downloads/Jupiter/congress_trading_signal/data/raw/house/ptr_pdfs/2025/8220783.pdf,28,1,False,False,False,False,False,no_text,
2025,8220827,/Users/lemairealice/Downloads/Jupiter/congress_trading_signal/data/raw/house/ptr_pdfs/2025/8220827.pdf,28,1,False,False,False,False,False,no_text,
2025,8220906,/Users/lemairealice/Downloads/Jupiter/congress_trading_signal/data/raw/house/ptr_pdfs/2025/8220906.pdf,51,1,False,False,False,False,False,no_text,
2025,8221124,/Users/lemairealice/Downloads/Jupiter/congress_trading_signal/data/raw/house/ptr_pdfs/2025/8221124.pdf,26,1,False,False,False,False,False,no_text,
2025,8221176,/Users/lemairealice/Downloads/Jupiter/congress_trading_signal/data/raw/house/ptr_pdfs/2025/8221176.pdf,20,1,False,False,False,False,False,no_text,
2025,9115671,/Users/lemairealice/Downloads/Jupiter/congress_trading_signal/data/raw/house/ptr_pdfs/2025/9115671.pdf,21,1,False,False,False,False,False,no_text,
2025,9115676,/Users/lemairealice/Downloads/Jupiter/congress_trading_signal/data/raw/house/ptr_pdfs/2025/9115676.pdf,15,1,False,False,False,False,False,no_text,
2025,9115679,/Users/lemairealice/Downloads/Jupiter/congress_trading_signal/data/raw/house/ptr_pdfs/2025/9115679.pdf,20,1,False,False,False,False,False,no_text,
2025,8221231,/Users/lemairealice/Downloads/Jupiter/congress_trading_signal/data/raw/house/ptr_pdfs/2025/8221231.pdf,23,1,False,False,False,False,False,no_text,
2025,8221264,/Users/lemairealice/Downloads/Jupiter/congress_trading_signal/data/raw/house/ptr_pdfs/2025/8221264.pdf,24,1,False,False,False,False,False,no_text,
2025,8221285,/Users/lemairealice/Downloads/Jupiter/congress_trading_signal/data/raw/house/ptr_pdfs/2025/8221285.pdf,21,1,False,False,False,False,False,no_text,
2025,20027846,/Users/lemairealice/Downloads/Jupiter/congress_trading_signal/data/raw/house/ptr_pdfs/2025/20027846.pdf,2,1354,True,False,True,True,True,ok_text,
2025,20026551,/Users/lemairealice/Downloads/Jupiter/congress_trading_signal/data/raw/house/ptr_pdfs/2025/20026551.pdf,1,1192,True,False,True,True,True,ok_text,
2025,20027885,/Users/lemairealice/Downloads/Jupiter/congress_trading_signal/data/raw/house/ptr_pdfs/2025/20027885.pdf,2,2618,True,False,True,True,True,ok_text,
2025,20029084,/Users/lemairealice/Downloads/Jupiter/congress_trading_signal/data/raw/house/ptr_pdfs/2025/20029084.pdf,6,2770,False,False,False,True,True,ok_text,
2025,20030207,/Users/lemairealice/Downloads/Jupiter/congress_trading_signal/data/raw/house/ptr_pdfs/2025/20030207.pdf,2,1523,True,False,True,True,True,ok_text,
2025,20026587,/Users/lemairealice/Downloads/Jupiter/congress_trading_signal/data/raw/house/ptr_pdfs/2025/20026587.pdf,2,1976,True,False,True,True,True,ok_text,
2025,20030158,/Users/lemairealice/Downloads/Jupiter/congress_trading_signal/data/raw/house/ptr_pdfs/2025/20030158.pdf,1,1103,True,False,True,True,True,ok_text,
2025,20032298,/Users/lemairealice/Downloads/Jupiter/congress_trading_signal/data/raw/house/ptr_pdfs/2025/20032298.pdf,2,2100,True,False,True,True,True,ok_text,
2025,20026650,/Users/lemairealice/Downloads/Jupiter/congress_trading_signal/data/raw/house/ptr_pdfs/2025/20026650.pdf,1,998,True,False,True,True,True,ok_text,
2025,20030234,/Users/lemairealice/Downloads/Jupiter/congress_trading_signal/data/raw/house/ptr_pdfs/2025/20030234.pdf,1,998,True,False,True,True,True,ok_text,
2025,20030480,/Users/lemairealice/Downloads/Jupiter/congress_trading_signal/data/raw/house/ptr_pdfs/2025/20030480.pdf,1,958,True,False,True,True,True,ok_text,
2025,20030730,/Users/lemairealice/Downloads/Jupiter/congress_trading_signal/data/raw/house/ptr_pdfs/2025/20030730.pdf,1,998,True,False,True,True,True,ok_text,
2025,20033346,/Users/lemairealice/Downloads/Jupiter/congress_trading_signal/data/raw/house/ptr_pdfs/2025/20033346.pdf,1,998,True,False,True,True,True,ok_text,
2025,20026513,/Users/lemairealice/Downloads/Jupiter/congress_trading_signal/data/raw/house/ptr_pdfs/2025/20026513.pdf,1,1053,True,False,True,True,True,ok_text,
2025,20030458,/Users/lemairealice/Downloads/Jupiter/congress_trading_signal/data/raw/house/ptr_pdfs/2025/20030458.pdf,1,1030,True,False,True,True,True,ok_text,
2025,20030810,/Users/lemairealice/Downloads/Jupiter/congress_trading_signal/data/raw/house/ptr_pdfs/2025/20030810.pdf,1,920,True,False,True,True,True,ok_text,
2025,20030875,/Users/lemairealice/Downloads/Jupiter/congress_trading_signal/data/raw/house/ptr_pdfs/2025/20030875.pdf,1,1130,True,False,True,True,True,ok_text,
2025,20027805,/Users/lemairealice/Downloads/Jupiter/congress_trading_signal/data/raw/house/ptr_pdfs/2025/20027805.pdf,2,1540,True,False,True,True,True,ok_text,
2025,20029082,/Users/lemairealice/Downloads/Jupiter/congress_trading_signal/data/raw/house/ptr_pdfs/2025/20029082.pdf,2,2869,True,False,True,True,True,ok_text,
2025,20030558,/Users/lemairealice/Downloads/Jupiter/congress_trading_signal/data/raw/house/ptr_pdfs/2025/20030558.pdf,1,1211,True,False,True,True,True,ok_text,
2025,20030822,/Users/lemairealice/Downloads/Jupiter/congress_trading_signal/data/raw/house/ptr_pdfs/2025/20030822.pdf,1,1094,True,False,True,True,True,ok_text,
2025,8221276,/Users/lemairealice/Downloads/Jupiter/congress_trading_signal/data/raw/house/ptr_pdfs/2025/8221276.pdf,1,0,False,False,False,False,False,no_text,
2025,8221287,/Users/lemairealice/Downloads/Jupiter/congress_trading_signal/data/raw/house/ptr_pdfs/2025/8221287.pdf,1,0,False,False,False,False,False,no_text,
2025,20026638,/Users/lemairealice/Downloads/Jupiter/congress_trading_signal/data/raw/house/ptr_pdfs/2025/20026638.pdf,2,3707,True,False,True,True,True,ok_text,
2025,20029046,/Users/lemairealice/Downloads/Jupiter/congress_trading_signal/data/raw/house/ptr_pdfs/2025/20029046.pdf,1,1399,True,False,True,True,True,ok_text,
2025,8220754,/Users/lemairealice/Downloads/Jupiter/congress_trading_signal/data/raw/house/ptr_pdfs/2025/8220754.pdf,4,1,False,False,False,False,False,no_text,
2025,8220834,/Users/lemairealice/Downloads/Jupiter/congress_trading_signal/data/raw/house/ptr_pdfs/2025/8220834.pdf,3,1,False,False,False,False,False,no_text,
2025,8220904,/Users/lemairealice/Downloads/Jupiter/congress_trading_signal/data/raw/house/ptr_pdfs/2025/8220904.pdf,5,1,False,False,False,False,False,no_text,
2025,8221120,/Users/lemairealice/Downloads/Jupiter/congress_trading_signal/data/raw/house/ptr_pdfs/2025/8221120.pdf,2,1,False,False,False,False,False,no_text,
2025,8221173,/Users/lemairealice/Downloads/Jupiter/congress_trading_signal/data/raw/house/ptr_pdfs/2025/8221173.pdf,8,1,False,False,False,False,False,no_text,
2025,9115664,/Users/lemairealice/Downloads/Jupiter/congress_trading_signal/data/raw/house/ptr_pdfs/2025/9115664.pdf,4,1,False,False,False,False,False,no_text,
2025,9115677,/Users/lemairealice/Downloads/Jupiter/congress_trading_signal/data/raw/house/ptr_pdfs/2025/9115677.pdf,8,1,False,False,False,False,False,no_text,
2025,9115662,/Users/lemairealice/Downloads/Jupiter/congress_trading_signal/data/raw/house/ptr_pdfs/2025/9115662.pdf,4,1,False,False,False,False,False,no_text,
2025,9115684,/Users/lemairealice/Downloads/Jupiter/congress_trading_signal/data/raw/house/ptr_pdfs/2025/9115684.pdf,5,1,False,False,False,False,False,no_text,
2025,8221228,/Users/lemairealice/Downloads/Jupiter/congress_trading_signal/data/raw/house/ptr_pdfs/2025/8221228.pdf,9,1,False,False,False,False,False,no_text,
2025,8221263,/Users/lemairealice/Downloads/Jupiter/congress_trading_signal/data/raw/house/ptr_pdfs/2025/8221263.pdf,2,1,False,False,False,False,False,no_text,
2025,8221302,/Users/lemairealice/Downloads/Jupiter/congress_trading_signal/data/raw/house/ptr_pdfs/2025/8221302.pdf,5,1,False,False,False,False,False,no_text,
2025,20030891,/Users/lemairealice/Downloads/Jupiter/congress_trading_signal/data/raw/house/ptr_pdfs/2025/20030891.pdf,81,2752,False,False,False,True,True,ok_text,
2025,20030932,/Users/lemairealice/Downloads/Jupiter/congress_trading_signal/data/raw/house/ptr_pdfs/2025/20030932.pdf,17,2830,False,False,False,True,True,ok_text,
2025,20032129,/Users/lemairealice/Downloads/Jupiter/congress_trading_signal/data/raw/house/ptr_pdfs/2025/20032129.pdf,12,2900,False,False,False,True,True,ok_text,
2025,8221212,/Users/lemairealice/Downloads/Jupiter/congress_trading_signal/data/raw/house/ptr_pdfs/2025/8221212.pdf,14,1,False,False,False,False,False,no_text,
2025,20033446,/Users/lemairealice/Downloads/Jupiter/congress_trading_signal/data/raw/house/ptr_pdfs/2025/20033446.pdf,53,2762,False,False,False,True,True,ok_text,
2025,20030699,/Users/lemairealice/Downloads/Jupiter/congress_trading_signal/data/raw/house/ptr_pdfs/2025/20030699.pdf,5,2585,False,False,False,True,True,ok_text,
2025,20032255,/Users/lemairealice/Downloads/Jupiter/congress_trading_signal/data/raw/house/ptr_pdfs/2025/20032255.pdf,2,1516,True,False,True,True,True,ok_text,
2025,20033610,/Users/lemairealice/Downloads/Jupiter/congress_trading_signal/data/raw/house/ptr_pdfs/2025/20033610.pdf,3,2419,False,False,False,True,True,ok_text,
2025,20016861,/Users/lemairealice/Downloads/Jupiter/congress_trading_signal/data/raw/house/ptr_pdfs/2025/20016861.pdf,1,1024,True,False,True,True,True,ok_text,
2025,20030509,/Users/lemairealice/Downloads/Jupiter/congress_trading_signal/data/raw/house/ptr_pdfs/2025/20030509.pdf,1,1009,True,False,True,True,True,ok_text,
2025,20030620,/Users/lemairealice/Downloads/Jupiter/congress_trading_signal/data/raw/house/ptr_pdfs/2025/20030620.pdf,2,1312,True,False,True,True,True,ok_text,
2025,20030884,/Users/lemairealice/Downloads/Jupiter/congress_trading_signal/data/raw/house/ptr_pdfs/2025/20030884.pdf,1,1210,True,False,True,True,True,ok_text,
2025,20030922,/Users/lemairealice/Downloads/Jupiter/congress_trading_signal/data/raw/house/ptr_pdfs/2025/20030922.pdf,2,2296,True,False,True,True,True,ok_text,
2025,20029135,/Users/lemairealice/Downloads/Jupiter/congress_trading_signal/data/raw/house/ptr_pdfs/2025/20029135.pdf,3,2851,False,False,False,True,True,ok_text,
2025,20026684,/Users/lemairealice/Downloads/Jupiter/congress_trading_signal/data/raw/house/ptr_pdfs/2025/20026684.pdf,2,1425,True,False,True,True,True,ok_text,
2025,20027838,/Users/lemairealice/Downloads/Jupiter/congress_trading_signal/data/raw/house/ptr_pdfs/2025/20027838.pdf,1,1180,True,False,True,True,True,ok_text,
2025,20029035,/Users/lemairealice/Downloads/Jupiter/congress_trading_signal/data/raw/house/ptr_pdfs/2025/20029035.pdf,1,1050,True,False,True,True,True,ok_text,
2025,20030236,/Users/lemairealice/Downloads/Jupiter/congress_trading_signal/data/raw/house/ptr_pdfs/2025/20030236.pdf,1,1054,True,False,True,True,True,ok_text,
2025,20030401,/Users/lemairealice/Downloads/Jupiter/congress_trading_signal/data/raw/house/ptr_pdfs/2025/20030401.pdf,1,1029,True,False,True,True,True,ok_text,
2025,20030585,/Users/lemairealice/Downloads/Jupiter/congress_trading_signal/data/raw/house/ptr_pdfs/2025/20030585.pdf,2,1631,True,False,True,True,True,ok_text,
2025,20030742,/Users/lemairealice/Downloads/Jupiter/congress_trading_signal/data/raw/house/ptr_pdfs/2025/20030742.pdf,1,1239,True,False,True,True,True,ok_text,
2025,20030989,/Users/lemairealice/Downloads/Jupiter/congress_trading_signal/data/raw/house/ptr_pdfs/2025/20030989.pdf,1,1055,True,False,True,True,True,ok_text,
2025,20032187,/Users/lemairealice/Downloads/Jupiter/congress_trading_signal/data/raw/house/ptr_pdfs/2025/20032187.pdf,2,1733,True,False,True,True,True,ok_text,
2025,20029100,/Users/lemairealice/Downloads/Jupiter/congress_trading_signal/data/raw/house/ptr_pdfs/2025/20029100.pdf,1,998,True,False,True,True,True,ok_text,
2025,20026796,/Users/lemairealice/Downloads/Jupiter/congress_trading_signal/data/raw/house/ptr_pdfs/2025/20026796.pdf,4,2245,False,False,False,True,True,ok_text,
2025,20027944,/Users/lemairealice/Downloads/Jupiter/congress_trading_signal/data/raw/house/ptr_pdfs/2025/20027944.pdf,3,2292,False,False,False,True,True,ok_text,
2025,20029134,/Users/lemairealice/Downloads/Jupiter/congress_trading_signal/data/raw/house/ptr_pdfs/2025/20029134.pdf,4,2320,False,False,False,True,True,ok_text,
2025,20030516,/Users/lemairealice/Downloads/Jupiter/congress_trading_signal/data/raw/house/ptr_pdfs/2025/20030516.pdf,2,1992,True,False,True,True,True,ok_text,
2025,20030522,/Users/lemairealice/Downloads/Jupiter/congress_trading_signal/data/raw/house/ptr_pdfs/2025/20030522.pdf,4,2285,False,False,False,True,True,ok_text,
2025,20030637,/Users/lemairealice/Downloads/Jupiter/congress_trading_signal/data/raw/house/ptr_pdfs/2025/20030637.pdf,2,2087,True,False,True,True,True,ok_text,
2025,20030824,/Users/lemairealice/Downloads/Jupiter/congress_trading_signal/data/raw/house/ptr_pdfs/2025/20030824.pdf,3,2229,False,False,False,True,True,ok_text,
2025,20031020,/Users/lemairealice/Downloads/Jupiter/congress_trading_signal/data/raw/house/ptr_pdfs/2025/20031020.pdf,4,2313,False,False,False,True,True,ok_text,
2025,20032256,/Users/lemairealice/Downloads/Jupiter/congress_trading_signal/data/raw/house/ptr_pdfs/2025/20032256.pdf,2,1515,True,False,True,True,True,ok_text,
2025,20033413,/Users/lemairealice/Downloads/Jupiter/congress_trading_signal/data/raw/house/ptr_pdfs/2025/20033413.pdf,2,2266,True,False,True,True,True,ok_text,
2025,20033564,/Users/lemairealice/Downloads/Jupiter/congress_trading_signal/data/raw/house/ptr_pdfs/2025/20033564.pdf,2,2425,True,False,True,True,True,ok_text,
2025,20033670,/Users/lemairealice/Downloads/Jupiter/congress_trading_signal/data/raw/house/ptr_pdfs/2025/20033670.pdf,2,1511,True,False,True,True,True,ok_text,
2025,20026695,/Users/lemairealice/Downloads/Jupiter/congress_trading_signal/data/raw/house/ptr_pdfs/2025/20026695.pdf,2,1607,True,False,True,True,True,ok_text,
2025,20027907,/Users/lemairealice/Downloads/Jupiter/congress_trading_signal/data/raw/house/ptr_pdfs/2025/20027907.pdf,1,1168,True,False,True,True,True,ok_text,
2025,20027951,/Users/lemairealice/Downloads/Jupiter/congress_trading_signal/data/raw/house/ptr_pdfs/2025/20027951.pdf,1,979,True,False,True,True,True,ok_text,
2025,20029067,/Users/lemairealice/Downloads/Jupiter/congress_trading_signal/data/raw/house/ptr_pdfs/2025/20029067.pdf,2,1540,True,False,True,True,True,ok_text,
2025,20029121,/Users/lemairealice/Downloads/Jupiter/congress_trading_signal/data/raw/house/ptr_pdfs/2025/20029121.pdf,3,2388,False,False,False,True,True,ok_text,
2025,20030267,/Users/lemairealice/Downloads/Jupiter/congress_trading_signal/data/raw/house/ptr_pdfs/2025/20030267.pdf,1,1068,True,False,True,True,True,ok_text,
2025,20030313,/Users/lemairealice/Downloads/Jupiter/congress_trading_signal/data/raw/house/ptr_pdfs/2025/20030313.pdf,3,2255,True,False,False,True,True,ok_text,
2025,20030448,/Users/lemairealice/Downloads/Jupiter/congress_trading_signal/data/raw/house/ptr_pdfs/2025/20030448.pdf,1,1054,True,False,True,True,True,ok_text,
2025,20030475,/Users/lemairealice/Downloads/Jupiter/congress_trading_signal/data/raw/house/ptr_pdfs/2025/20030475.pdf,4,2292,False,False,False,True,True,ok_text,
2025,20030802,/Users/lemairealice/Downloads/Jupiter/congress_trading_signal/data/raw/house/ptr_pdfs/2025/20030802.pdf,1,1179,True,False,True,True,True,ok_text,
2025,20030893,/Users/lemairealice/Downloads/Jupiter/congress_trading_signal/data/raw/house/ptr_pdfs/2025/20030893.pdf,1,1034,True,False,True,True,True,ok_text,
2025,20032061,/Users/lemairealice/Downloads/Jupiter/congress_trading_signal/data/raw/house/ptr_pdfs/2025/20032061.pdf,3,2462,True,False,True,True,True,ok_text,
2025,20033425,/Users/lemairealice/Downloads/Jupiter/congress_trading_signal/data/raw/house/ptr_pdfs/2025/20033425.pdf,1,1033,True,False,True,True,True,ok_text,
2025,20033651,/Users/lemairealice/Downloads/Jupiter/congress_trading_signal/data/raw/house/ptr_pdfs/2025/20033651.pdf,1,1042,True,False,True,True,True,ok_text,
2025,20026731,/Users/lemairealice/Downloads/Jupiter/congress_trading_signal/data/raw/house/ptr_pdfs/2025/20026731.pdf,3,2788,False,False,False,True,True,ok_text,
2025,20027896,/Users/lemairealice/Downloads/Jupiter/congress_trading_signal/data/raw/house/ptr_pdfs/2025/20027896.pdf,1,1068,True,False,True,True,True,ok_text,
2025,20029079,/Users/lemairealice/Downloads/Jupiter/congress_trading_signal/data/raw/house/ptr_pdfs/2025/20029079.pdf,3,2733,False,False,False,True,True,ok_text,
2025,20030282,/Users/lemairealice/Downloads/Jupiter/congress_trading_signal/data/raw/house/ptr_pdfs/2025/20030282.pdf,5,2727,False,False,False,True,True,ok_text,
2025,20030455,/Users/lemairealice/Downloads/Jupiter/congress_trading_signal/data/raw/house/ptr_pdfs/2025/20030455.pdf,2,2175,True,False,True,True,True,ok_text,
2025,20033421,/Users/lemairealice/Downloads/Jupiter/congress_trading_signal/data/raw/house/ptr_pdfs/2025/20033421.pdf,5,2789,False,False,False,True,True,ok_text,
2025,20030756,/Users/lemairealice/Downloads/Jupiter/congress_trading_signal/data/raw/house/ptr_pdfs/2025/20030756.pdf,1,1103,True,False,True,True,True,ok_text,
2025,20030292,/Users/lemairealice/Downloads/Jupiter/congress_trading_signal/data/raw/house/ptr_pdfs/2025/20030292.pdf,7,2551,False,False,False,True,True,ok_text,
2025,20032091,/Users/lemairealice/Downloads/Jupiter/congress_trading_signal/data/raw/house/ptr_pdfs/2025/20032091.pdf,3,2459,False,False,False,True,True,ok_text,
2025,20030894,/Users/lemairealice/Downloads/Jupiter/congress_trading_signal/data/raw/house/ptr_pdfs/2025/20030894.pdf,1,1057,True,False,True,True,True,ok_text,
2025,20027950,/Users/lemairealice/Downloads/Jupiter/congress_trading_signal/data/raw/house/ptr_pdfs/2025/20027950.pdf,1,1044,True,False,True,True,True,ok_text,
2025,20033318,/Users/lemairealice/Downloads/Jupiter/congress_trading_signal/data/raw/house/ptr_pdfs/2025/20033318.pdf,1,1043,True,False,True,True,True,ok_text,
2025,20026590,/Users/lemairealice/Downloads/Jupiter/congress_trading_signal/data/raw/house/ptr_pdfs/2025/20026590.pdf,2,2760,True,False,True,True,True,ok_text,
2025,20030630,/Users/lemairealice/Downloads/Jupiter/congress_trading_signal/data/raw/house/ptr_pdfs/2025/20030630.pdf,1,1246,True,False,True,True,True,ok_text,
2025,20033337,/Users/lemairealice/Downloads/Jupiter/congress_trading_signal/data/raw/house/ptr_pdfs/2025/20033337.pdf,1,1018,True,False,True,True,True,ok_text,
2025,20026577,/Users/lemairealice/Downloads/Jupiter/congress_trading_signal/data/raw/house/ptr_pdfs/2025/20026577.pdf,2,1744,True,False,True,True,True,ok_text,
2025,20026774,/Users/lemairealice/Downloads/Jupiter/congress_trading_signal/data/raw/house/ptr_pdfs/2025/20026774.pdf,1,1069,True,False,True,True,True,ok_text,
2025,20027961,/Users/lemairealice/Downloads/Jupiter/congress_trading_signal/data/raw/house/ptr_pdfs/2025/20027961.pdf,1,903,True,False,True,True,True,ok_text,
2025,20029120,/Users/lemairealice/Downloads/Jupiter/congress_trading_signal/data/raw/house/ptr_pdfs/2025/20029120.pdf,1,1005,True,False,True,True,True,ok_text,
2025,20030340,/Users/lemairealice/Downloads/Jupiter/congress_trading_signal/data/raw/house/ptr_pdfs/2025/20030340.pdf,1,1067,True,False,True,True,True,ok_text,
2025,20030517,/Users/lemairealice/Downloads/Jupiter/congress_trading_signal/data/raw/house/ptr_pdfs/2025/20030517.pdf,1,1225,True,False,True,True,True,ok_text,
2025,20030663,/Users/lemairealice/Downloads/Jupiter/congress_trading_signal/data/raw/house/ptr_pdfs/2025/20030663.pdf,2,1664,True,False,True,True,True,ok_text,
2025,20030876,/Users/lemairealice/Downloads/Jupiter/congress_trading_signal/data/raw/house/ptr_pdfs/2025/20030876.pdf,2,1304,True,False,True,True,True,ok_text,
2025,20032054,/Users/lemairealice/Downloads/Jupiter/congress_trading_signal/data/raw/house/ptr_pdfs/2025/20032054.pdf,2,1369,True,False,True,True,True,ok_text,
2025,20032283,/Users/lemairealice/Downloads/Jupiter/congress_trading_signal/data/raw/house/ptr_pdfs/2025/20032283.pdf,2,2125,True,False,True,True,True,ok_text,
2025,20033472,/Users/lemairealice/Downloads/Jupiter/congress_trading_signal/data/raw/house/ptr_pdfs/2025/20033472.pdf,1,1096,True,False,True,True,True,ok_text,
2025,20033588,/Users/lemairealice/Downloads/Jupiter/congress_trading_signal/data/raw/house/ptr_pdfs/2025/20033588.pdf,2,1467,True,False,True,True,True,ok_text,
2025,20021220,/Users/lemairealice/Downloads/Jupiter/congress_trading_signal/data/raw/house/ptr_pdfs/2025/20021220.pdf,1,1063,True,False,True,True,True,ok_text,
2025,20030714,/Users/lemairealice/Downloads/Jupiter/congress_trading_signal/data/raw/house/ptr_pdfs/2025/20030714.pdf,2,1268,True,False,True,True,True,ok_text,
2025,20030737,/Users/lemairealice/Downloads/Jupiter/congress_trading_signal/data/raw/house/ptr_pdfs/2025/20030737.pdf,2,1328,True,False,True,True,True,ok_text,
2025,20030492,/Users/lemairealice/Downloads/Jupiter/congress_trading_signal/data/raw/house/ptr_pdfs/2025/20030492.pdf,2,1618,True,False,True,True,True,ok_text,
2025,20033402,/Users/lemairealice/Downloads/Jupiter/congress_trading_signal/data/raw/house/ptr_pdfs/2025/20033402.pdf,1,930,True,False,True,True,True,ok_text,
2025,20026756,/Users/lemairealice/Downloads/Jupiter/congress_trading_signal/data/raw/house/ptr_pdfs/2025/20026756.pdf,2,2911,True,False,True,True,True,ok_text,
2025,8220828,/Users/lemairealice/Downloads/Jupiter/congress_trading_signal/data/raw/house/ptr_pdfs/2025/8220828.pdf,1,0,False,False,False,False,False,no_text,
2025,20026547,/Users/lemairealice/Downloads/Jupiter/congress_trading_signal/data/raw/house/ptr_pdfs/2025/20026547.pdf,1,1056,True,False,True,True,True,ok_text,
2025,20030237,/Users/lemairealice/Downloads/Jupiter/congress_trading_signal/data/raw/house/ptr_pdfs/2025/20030237.pdf,1,978,True,False,True,True,True,ok_text,
2025,20030371,/Users/lemairealice/Downloads/Jupiter/congress_trading_signal/data/raw/house/ptr_pdfs/2025/20030371.pdf,1,901,True,False,True,True,True,ok_text,
2025,8220755,/Users/lemairealice/Downloads/Jupiter/congress_trading_signal/data/raw/house/ptr_pdfs/2025/8220755.pdf,1,0,False,False,False,False,False,no_text,
2025,8220782,/Users/lemairealice/Downloads/Jupiter/congress_trading_signal/data/raw/house/ptr_pdfs/2025/8220782.pdf,1,0,False,False,False,False,False,no_text,
2025,8220844,/Users/lemairealice/Downloads/Jupiter/congress_trading_signal/data/raw/house/ptr_pdfs/2025/8220844.pdf,1,0,False,False,False,False,False,no_text,
2025,8220958,/Users/lemairealice/Downloads/Jupiter/congress_trading_signal/data/raw/house/ptr_pdfs/2025/8220958.pdf,1,0,False,False,False,False,False,no_text,
2025,8221123,/Users/lemairealice/Downloads/Jupiter/congress_trading_signal/data/raw/house/ptr_pdfs/2025/8221123.pdf,1,0,False,False,False,False,False,no_text,
2025,9115546,/Users/lemairealice/Downloads/Jupiter/congress_trading_signal/data/raw/house/ptr_pdfs/2025/9115546.pdf,1,0,False,False,False,False,False,no_text,
2025,9115623,/Users/lemairealice/Downloads/Jupiter/congress_trading_signal/data/raw/house/ptr_pdfs/2025/9115623.pdf,1,0,False,False,False,False,False,no_text,
2025,9115635,/Users/lemairealice/Downloads/Jupiter/congress_trading_signal/data/raw/house/ptr_pdfs/2025/9115635.pdf,2,1,False,False,False,False,False,no_text,
2025,9115689,/Users/lemairealice/Downloads/Jupiter/congress_trading_signal/data/raw/house/ptr_pdfs/2025/9115689.pdf,4,1,False,False,False,False,False,no_text,
2025,8221223,/Users/lemairealice/Downloads/Jupiter/congress_trading_signal/data/raw/house/ptr_pdfs/2025/8221223.pdf,1,0,False,False,False,False,False,no_text,
2025,8221270,/Users/lemairealice/Downloads/Jupiter/congress_trading_signal/data/raw/house/ptr_pdfs/2025/8221270.pdf,1,0,False,False,False,False,False,no_text,
2025,8221310,/Users/lemairealice/Downloads/Jupiter/congress_trading_signal/data/raw/house/ptr_pdfs/2025/8221310.pdf,1,0,False,False,False,False,False,no_text,
2025,20030610,/Users/lemairealice/Downloads/Jupiter/congress_trading_signal/data/raw/house/ptr_pdfs/2025/20030610.pdf,3,3034,False,False,False,True,True,ok_text,
2025,20030611,/Users/lemairealice/Downloads/Jupiter/congress_trading_signal/data/raw/house/ptr_pdfs/2025/20030611.pdf,2,1510,True,False,True,True,True,ok_text,
2025,20030800,/Users/lemairealice/Downloads/Jupiter/congress_trading_signal/data/raw/house/ptr_pdfs/2025/20030800.pdf,1,1048,True,False,True,True,True,ok_text,
2025,20027911,/Users/lemairealice/Downloads/Jupiter/congress_trading_signal/data/raw/house/ptr_pdfs/2025/20027911.pdf,1,1145,True,False,True,True,True,ok_text,
2025,20030591,/Users/lemairealice/Downloads/Jupiter/congress_trading_signal/data/raw/house/ptr_pdfs/2025/20030591.pdf,1,1096,True,False,True,True,True,ok_text,
2025,20030594,/Users/lemairealice/Downloads/Jupiter/congress_trading_signal/data/raw/house/ptr_pdfs/2025/20030594.pdf,1,1111,True,False,True,True,True,ok_text,
2025,20030902,/Users/lemairealice/Downloads/Jupiter/congress_trading_signal/data/raw/house/ptr_pdfs/2025/20030902.pdf,3,2724,False,False,False,True,True,ok_text,
2025,8220731,/Users/lemairealice/Downloads/Jupiter/congress_trading_signal/data/raw/house/ptr_pdfs/2025/8220731.pdf,2,1,False,False,False,False,False,no_text,
2025,9115686,/Users/lemairealice/Downloads/Jupiter/congress_trading_signal/data/raw/house/ptr_pdfs/2025/9115686.pdf,1,0,False,False,False,False,False,no_text,
2025,20030544,/Users/lemairealice/Downloads/Jupiter/congress_trading_signal/data/raw/house/ptr_pdfs/2025/20030544.pdf,1,1137,True,False,True,True,True,ok_text,
2025,20032080,/Users/lemairealice/Downloads/Jupiter/congress_trading_signal/data/raw/house/ptr_pdfs/2025/20032080.pdf,1,974,True,False,True,True,True,ok_text,
2025,20033330,/Users/lemairealice/Downloads/Jupiter/congress_trading_signal/data/raw/house/ptr_pdfs/2025/20033330.pdf,1,1059,True,False,True,True,True,ok_text,
2025,20033427,/Users/lemairealice/Downloads/Jupiter/congress_trading_signal/data/raw/house/ptr_pdfs/2025/20033427.pdf,1,983,True,False,True,True,True,ok_text,
2025,20030235,/Users/lemairealice/Downloads/Jupiter/congress_trading_signal/data/raw/house/ptr_pdfs/2025/20030235.pdf,1,1017,True,False,True,True,True,ok_text,
2025,8220768,/Users/lemairealice/Downloads/Jupiter/congress_trading_signal/data/raw/house/ptr_pdfs/2025/8220768.pdf,2,1,False,False,False,False,False,no_text,
2025,8220770,/Users/lemairealice/Downloads/Jupiter/congress_trading_signal/data/raw/house/ptr_pdfs/2025/8220770.pdf,1,0,False,False,False,False,False,no_text,
2025,8220780,/Users/lemairealice/Downloads/Jupiter/congress_trading_signal/data/raw/house/ptr_pdfs/2025/8220780.pdf,2,1,False,False,False,False,False,no_text,
2025,20027937,/Users/lemairealice/Downloads/Jupiter/congress_trading_signal/data/raw/house/ptr_pdfs/2025/20027937.pdf,1,1037,True,False,True,True,True,ok_text,
2025,20026770,/Users/lemairealice/Downloads/Jupiter/congress_trading_signal/data/raw/house/ptr_pdfs/2025/20026770.pdf,1,1047,True,False,True,True,True,ok_text,
2025,20027879,/Users/lemairealice/Downloads/Jupiter/congress_trading_signal/data/raw/house/ptr_pdfs/2025/20027879.pdf,10,2673,False,False,False,True,True,ok_text,
2025,20029038,/Users/lemairealice/Downloads/Jupiter/congress_trading_signal/data/raw/house/ptr_pdfs/2025/20029038.pdf,16,2719,False,False,False,True,True,ok_text,
2025,20030231,/Users/lemairealice/Downloads/Jupiter/congress_trading_signal/data/raw/house/ptr_pdfs/2025/20030231.pdf,20,2690,False,False,False,True,True,ok_text,
2025,20030387,/Users/lemairealice/Downloads/Jupiter/congress_trading_signal/data/raw/house/ptr_pdfs/2025/20030387.pdf,41,2638,False,False,False,True,True,ok_text,
2025,20033575,/Users/lemairealice/Downloads/Jupiter/congress_trading_signal/data/raw/house/ptr_pdfs/2025/20033575.pdf,1,1291,True,False,True,True,True,ok_text,
2025,20033699,/Users/lemairealice/Downloads/Jupiter/congress_trading_signal/data/raw/house/ptr_pdfs/2025/20033699.pdf,2,1380,True,False,True,True,True,ok_text,
2025,20033700,/Users/lemairealice/Downloads/Jupiter/congress_trading_signal/data/raw/house/ptr_pdfs/2025/20033700.pdf,1,1336,True,False,True,True,True,ok_text,
2025,20030868,/Users/lemairealice/Downloads/Jupiter/congress_trading_signal/data/raw/house/ptr_pdfs/2025/20030868.pdf,5,4596,False,False,False,True,True,ok_text,
2025,8220764,/Users/lemairealice/Downloads/Jupiter/congress_trading_signal/data/raw/house/ptr_pdfs/2025/8220764.pdf,2,1,False,False,False,False,False,no_text,
2025,9115549,/Users/lemairealice/Downloads/Jupiter/congress_trading_signal/data/raw/house/ptr_pdfs/2025/9115549.pdf,2,1,False,False,False,False,False,no_text,
2025,8221238,/Users/lemairealice/Downloads/Jupiter/congress_trading_signal/data/raw/house/ptr_pdfs/2025/8221238.pdf,1,0,False,False,False,False,False,no_text,
2025,20026754,/Users/lemairealice/Downloads/Jupiter/congress_trading_signal/data/raw/house/ptr_pdfs/2025/20026754.pdf,1,1152,True,False,True,True,True,ok_text,
2025,20030233,/Users/lemairealice/Downloads/Jupiter/congress_trading_signal/data/raw/house/ptr_pdfs/2025/20030233.pdf,1,1151,True,False,True,True,True,ok_text,
2025,20033488,/Users/lemairealice/Downloads/Jupiter/congress_trading_signal/data/raw/house/ptr_pdfs/2025/20033488.pdf,1,912,True,False,True,True,True,ok_text,
2025,20024927,/Users/lemairealice/Downloads/Jupiter/congress_trading_signal/data/raw/house/ptr_pdfs/2025/20024927.pdf,1,1040,True,False,True,True,True,ok_text,
2025,20030673,/Users/lemairealice/Downloads/Jupiter/congress_trading_signal/data/raw/house/ptr_pdfs/2025/20030673.pdf,1,1070,True,False,True,True,True,ok_text,
2025,20030188,/Users/lemairealice/Downloads/Jupiter/congress_trading_signal/data/raw/house/ptr_pdfs/2025/20030188.pdf,1,920,True,False,True,True,True,ok_text,
2025,20030307,/Users/lemairealice/Downloads/Jupiter/congress_trading_signal/data/raw/house/ptr_pdfs/2025/20030307.pdf,2,1332,True,False,True,True,True,ok_text,
2025,20033321,/Users/lemairealice/Downloads/Jupiter/congress_trading_signal/data/raw/house/ptr_pdfs/2025/20033321.pdf,2,2073,True,False,True,True,True,ok_text,
2025,20033394,/Users/lemairealice/Downloads/Jupiter/congress_trading_signal/data/raw/house/ptr_pdfs/2025/20033394.pdf,2,1254,True,False,True,True,True,ok_text,
2025,20033565,/Users/lemairealice/Downloads/Jupiter/congress_trading_signal/data/raw/house/ptr_pdfs/2025/20033565.pdf,1,1039,True,False,True,True,True,ok_text,
2025,20029060,/Users/lemairealice/Downloads/Jupiter/congress_trading_signal/data/raw/house/ptr_pdfs/2025/20029060.pdf,2,1979,True,False,True,True,True,ok_text,
2025,20029069,/Users/lemairealice/Downloads/Jupiter/congress_trading_signal/data/raw/house/ptr_pdfs/2025/20029069.pdf,2,2215,True,False,True,True,True,ok_text,
2025,20030402,/Users/lemairealice/Downloads/Jupiter/congress_trading_signal/data/raw/house/ptr_pdfs/2025/20030402.pdf,2,2496,True,False,True,True,True,ok_text,
2025,20030567,/Users/lemairealice/Downloads/Jupiter/congress_trading_signal/data/raw/house/ptr_pdfs/2025/20030567.pdf,1,1275,True,False,True,True,True,ok_text,
2025,20030782,/Users/lemairealice/Downloads/Jupiter/congress_trading_signal/data/raw/house/ptr_pdfs/2025/20030782.pdf,4,3103,False,False,False,True,True,ok_text,
2025,20032094,/Users/lemairealice/Downloads/Jupiter/congress_trading_signal/data/raw/house/ptr_pdfs/2025/20032094.pdf,2,1505,True,False,True,True,True,ok_text,
2025,20032236,/Users/lemairealice/Downloads/Jupiter/congress_trading_signal/data/raw/house/ptr_pdfs/2025/20032236.pdf,2,2236,True,False,True,True,True,ok_text,
2025,20033395,/Users/lemairealice/Downloads/Jupiter/congress_trading_signal/data/raw/house/ptr_pdfs/2025/20033395.pdf,2,1615,True,False,True,True,True,ok_text,
2025,20033495,/Users/lemairealice/Downloads/Jupiter/congress_trading_signal/data/raw/house/ptr_pdfs/2025/20033495.pdf,2,2985,True,False,True,True,True,ok_text,
2025,20033590,/Users/lemairealice/Downloads/Jupiter/congress_trading_signal/data/raw/house/ptr_pdfs/2025/20033590.pdf,2,1459,True,False,True,True,True,ok_text,
2025,20033666,/Users/lemairealice/Downloads/Jupiter/congress_trading_signal/data/raw/house/ptr_pdfs/2025/20033666.pdf,2,1423,True,False,True,True,True,ok_text,
2025,20030869,/Users/lemairealice/Downloads/Jupiter/congress_trading_signal/data/raw/house/ptr_pdfs/2025/20030869.pdf,1,932,True,False,True,True,True,ok_text,
2025,20030930,/Users/lemairealice/Downloads/Jupiter/congress_trading_signal/data/raw/house/ptr_pdfs/2025/20030930.pdf,28,4885,False,False,False,True,True,ok_text,
2025,8220765,/Users/lemairealice/Downloads/Jupiter/congress_trading_signal/data/raw/house/ptr_pdfs/2025/8220765.pdf,2,1,False,False,False,False,False,no_text,
2025,8220836,/Users/lemairealice/Downloads/Jupiter/congress_trading_signal/data/raw/house/ptr_pdfs/2025/8220836.pdf,2,1,False,False,False,False,False,no_text,
2025,20033403,/Users/lemairealice/Downloads/Jupiter/congress_trading_signal/data/raw/house/ptr_pdfs/2025/20033403.pdf,1,1029,True,False,True,True,True,ok_text,
2025,20026639,/Users/lemairealice/Downloads/Jupiter/congress_trading_signal/data/raw/house/ptr_pdfs/2025/20026639.pdf,1,1176,True,False,True,True,True,ok_text,
2025,20027912,/Users/lemairealice/Downloads/Jupiter/congress_trading_signal/data/raw/house/ptr_pdfs/2025/20027912.pdf,1,943,True,False,True,True,True,ok_text,
2025,20030577,/Users/lemairealice/Downloads/Jupiter/congress_trading_signal/data/raw/house/ptr_pdfs/2025/20030577.pdf,1,916,True,False,True,True,True,ok_text,
2025,20030600,/Users/lemairealice/Downloads/Jupiter/congress_trading_signal/data/raw/house/ptr_pdfs/2025/20030600.pdf,1,1147,True,False,True,True,True,ok_text,
2025,20030839,/Users/lemairealice/Downloads/Jupiter/congress_trading_signal/data/raw/house/ptr_pdfs/2025/20030839.pdf,1,939,True,False,True,True,True,ok_text,
2025,20030929,/Users/lemairealice/Downloads/Jupiter/congress_trading_signal/data/raw/house/ptr_pdfs/2025/20030929.pdf,1,937,True,False,True,True,True,ok_text,
2025,20032087,/Users/lemairealice/Downloads/Jupiter/congress_trading_signal/data/raw/house/ptr_pdfs/2025/20032087.pdf,1,1150,True,False,True,True,True,ok_text,
2025,20032230,/Users/lemairealice/Downloads/Jupiter/congress_trading_signal/data/raw/house/ptr_pdfs/2025/20032230.pdf,1,947,True,False,True,True,True,ok_text,
2025,20033320,/Users/lemairealice/Downloads/Jupiter/congress_trading_signal/data/raw/house/ptr_pdfs/2025/20033320.pdf,1,966,True,False,True,True,True,ok_text,
2025,20033581,/Users/lemairealice/Downloads/Jupiter/congress_trading_signal/data/raw/house/ptr_pdfs/2025/20033581.pdf,1,972,True,False,True,True,True,ok_text,
2025,20030146,/Users/lemairealice/Downloads/Jupiter/congress_trading_signal/data/raw/house/ptr_pdfs/2025/20030146.pdf,13,2411,False,False,False,True,True,ok_text,
2025,20030332,/Users/lemairealice/Downloads/Jupiter/congress_trading_signal/data/raw/house/ptr_pdfs/2025/20030332.pdf,12,2369,False,False,False,True,True,ok_text,
2025,20027982,/Users/lemairealice/Downloads/Jupiter/congress_trading_signal/data/raw/house/ptr_pdfs/2025/20027982.pdf,8,5036,False,False,False,True,True,ok_text,
2025,20030886,/Users/lemairealice/Downloads/Jupiter/congress_trading_signal/data/raw/house/ptr_pdfs/2025/20030886.pdf,1,1356,True,False,True,True,True,ok_text,
2025,8220757,/Users/lemairealice/Downloads/Jupiter/congress_trading_signal/data/raw/house/ptr_pdfs/2025/8220757.pdf,1,0,False,False,False,False,False,no_text,
2025,8220799,/Users/lemairealice/Downloads/Jupiter/congress_trading_signal/data/raw/house/ptr_pdfs/2025/8220799.pdf,2,1,False,False,False,False,False,no_text,
2025,8220824,/Users/lemairealice/Downloads/Jupiter/congress_trading_signal/data/raw/house/ptr_pdfs/2025/8220824.pdf,1,0,False,False,False,False,False,no_text,
2025,8220903,/Users/lemairealice/Downloads/Jupiter/congress_trading_signal/data/raw/house/ptr_pdfs/2025/8220903.pdf,2,1,False,False,False,False,False,no_text,
2025,8221177,/Users/lemairealice/Downloads/Jupiter/congress_trading_signal/data/raw/house/ptr_pdfs/2025/8221177.pdf,1,0,False,False,False,False,False,no_text,
2025,9115665,/Users/lemairealice/Downloads/Jupiter/congress_trading_signal/data/raw/house/ptr_pdfs/2025/9115665.pdf,1,0,False,False,False,False,False,no_text,
2025,8221233,/Users/lemairealice/Downloads/Jupiter/congress_trading_signal/data/raw/house/ptr_pdfs/2025/8221233.pdf,2,1,False,False,False,False,False,no_text,
2025,8221297,/Users/lemairealice/Downloads/Jupiter/congress_trading_signal/data/raw/house/ptr_pdfs/2025/8221297.pdf,2,1,False,False,False,False,False,no_text,
2025,20027867,/Users/lemairealice/Downloads/Jupiter/congress_trading_signal/data/raw/house/ptr_pdfs/2025/20027867.pdf,1,1058,True,False,True,True,True,ok_text,
2025,20026666,/Users/lemairealice/Downloads/Jupiter/congress_trading_signal/data/raw/house/ptr_pdfs/2025/20026666.pdf,1,1007,True,False,True,True,True,ok_text,
2025,20030311,/Users/lemairealice/Downloads/Jupiter/congress_trading_signal/data/raw/house/ptr_pdfs/2025/20030311.pdf,1,1007,True,False,True,True,True,ok_text,
2025,20030933,/Users/lemairealice/Downloads/Jupiter/congress_trading_signal/data/raw/house/ptr_pdfs/2025/20030933.pdf,1,1045,True,False,True,True,True,ok_text,
2025,20033684,/Users/lemairealice/Downloads/Jupiter/congress_trading_signal/data/raw/house/ptr_pdfs/2025/20033684.pdf,1,1042,True,False,True,True,True,ok_text,
