last,first,filing_type,state_dist,filing_date,doc_id,year
Abraham,Ralph Lee,P,LA05,8/1/2019,9115214,2019
Amash,Justin,P,MI03,1/29/2019,20011070,2019
Amash,Justin,P,MI03,5/14/2019,20011679,2019
Beatty,Joyce,P,OH03,2/21/2019,9114410,2019
Beatty,Joyce,P,OH03,6/12/2019,9115041,2019
Beyer,Donald Sternoff,P,VA08,12/7/2019,20012722,2019
Beyer,Donald Sternoff,P,VA08,12/14/2019,20012723,2019
Bilirakis,Gus M.,P,FL12,10/17/2019,9115481,2019
Bilirakis,Gus M.,P,FL12,1/9/2020,8216873,2019
Blum,Rodney Leland,P,IA01,1/8/2019,20010974,2019
Blumenauer,Earl,P,OR03,1/16/2019,20011017,2019
Blumenauer,Earl,P,OR03,2/11/2019,20011134,2019
Blumenauer,Earl,P,OR03,3/4/2019,20011241,2019
Blumenauer,Earl,P,OR03,3/7/2019,9114448,2019
Blumenauer,Earl,P,OR03,3/18/2019,20011312,2019
Blumenauer,Earl,P,OR03,4/11/2019,20011455,2019
Blumenauer,Earl,P,OR03,5/8/2019,20011632,2019
Blumenauer,Earl,P,OR03,6/4/2019,20011790,2019
Blumenauer,Earl,P,OR03,6/4/2019,20011791,2019
Blumenauer,Earl,P,OR03,7/3/2019,20011929,2019
Blumenauer,Earl,P,OR03,8/6/2019,20012114,2019
Blumenauer,Earl,P,OR03,9/4/2019,20012263,2019
Blumenauer,Earl,P,OR03,10/16/2019,20012474,2019
Blumenauer,Earl,P,OR03,11/13/2019,20012604,2019
Blumenauer,Earl,P,OR03,11/25/2019,20012670,2019
Blumenauer,Earl,P,OR03,12/6/2019,20012709,2019
Blunt Rochester,Lisa,P,DE00,2/19/2019,20011115,2019
Blunt Rochester,Lisa,P,DE00,4/26/2019,20011543,2019
Brooks,Mo,P,AL05,3/4/2019,20011243,2019
Brooks,Mo,P,AL05,4/1/2019,20011369,2019
Brooks,Mo,P,AL05,5/11/2019,20011659,2019
Brooks,Mo,P,AL05,5/20/2019,20011708,2019
Brooks,Mo,P,AL05,8/6/2019,20012115,2019
Brooks,Mo,P,AL05,9/20/2019,20012346,2019
Brooks,Mo,P,AL05,10/30/2019,20012524,2019
Brooks,Susan W.,P,IN05,6/25/2019,20011878,2019
Brooks,Susan W.,P,IN05,10/21/2019,20012473,2019
Buchanan,Vern,P,FL16,2/26/2019,20011201,2019
Buchanan,Vern,P,FL16,3/28/2019,20011352,2019
Buchanan,Vern,P,FL16,4/11/2019,20011446,2019
Buchanan,Vern,P,FL16,5/23/2019,20011739,2019
Buchanan,Vern,P,FL16,8/8/2019,20012125,2019
Buchanan,Vern,P,FL16,10/7/2019,20012441,2019
Buchanan,Vern,P,FL16,12/29/2019,20013825,2019
Bustos,Cheri,P,IL17,4/25/2019,20011505,2019
Bustos,Cheri,P,IL17,5/3/2019,20011589,2019
Bustos,Cheri,P,IL17,11/8/2019,20012561,2019
Carter,Earl Leroy,P,GA01,6/5/2019,20011796,2019
Carter,Earl Leroy,P,GA01,7/19/2019,20012028,2019
Carter,Earl Leroy,P,GA01,8/5/2019,20012110,2019
Carter,Earl Leroy,P,GA01,9/18/2019,20012340,2019
Carter,Earl Leroy,P,GA01,11/4/2019,20012553,2019
Castor,Kathy,P,FL14,1/29/2019,20011059,2019
Castor,Kathy,P,FL14,8/6/2019,20012112,2019
Castor,Kathy,P,FL14,8/21/2019,20012202,2019
Chu,Judy,P,CA27,1/21/2019,20011005,2019
Chu,Judy,P,CA27,2/24/2019,20011135,2019
Chu,Judy,P,CA27,3/15/2019,20011285,2019
Chu,Judy,P,CA27,4/15/2019,20011461,2019
Chu,Judy,P,CA27,5/15/2019,20011623,2019
Chu,Judy,P,CA27,6/14/2019,20011843,2019
Chu,Judy,P,CA27,9/5/2019,20012276,2019
Chu,Judy,P,CA27,10/1/2019,20012403,2019
Chu,Judy,P,CA27,12/16/2019,20013775,2019
Cisneros,Gilbert,P,CA39,2/13/2019,20011113,2019
Cisneros,Gilbert,P,CA39,3/8/2019,20011260,2019
Cisneros,Gilbert,P,CA39,4/16/2019,20011435,2019
Cisneros,Gilbert,P,CA39,5/14/2019,20011624,2019
Cisneros,Gilbert,P,CA39,6/18/2019,20011797,2019
Cisneros,Gilbert,P,CA39,7/12/2019,20011984,2019
Cisneros,Gilbert,P,CA39,8/19/2019,20012126,2019
Cisneros,Gilbert,P,CA39,9/11/2019,20012253,2019
Cisneros,Gilbert,P,CA39,10/16/2019,20012445,2019
Cisneros,Gilbert,P,CA39,11/15/2019,20012581,2019
Cisneros,Gilbert,P,CA39,12/11/2019,20012735,2019
Clark,Katherine M.,P,MA05,1/22/2019,20011047,2019
Clark,Katherine M.,P,MA05,2/12/2019,20011139,2019
Clark,Katherine M.,P,MA05,2/28/2019,20011219,2019
Clark,Katherine M.,P,MA05,4/4/2019,20011396,2019
Clark,Katherine M.,P,MA05,6/26/2019,20011897,2019
Clark,Katherine M.,P,MA05,7/2/2019,20011920,2019
Clark,Katherine M.,P,MA05,7/22/2019,20012035,2019
Clark,Katherine M.,P,MA05,7/31/2019,20012084,2019
Clark,Katherine M.,P,MA05,9/10/2019,20012292,2019
Clark,Katherine M.,P,MA05,10/1/2019,20012400,2019
Clark,Katherine M.,P,MA05,12/11/2019,20012739,2019
Cohen,Steve,P,TN09,1/8/2019,20010976,2019
Cohen,Steve,P,TN09,7/3/2019,20011935,2019
Cohen,Steve,P,TN09,9/12/2019,20012306,2019
Cole,Tom,P,OK04,4/29/2019,9114564,2019
Cole,Tom,P,OK04,5/22/2019,9114799,2019
Comer,James,P,KY01,1/10/2020,8216871,2019
Comstock,Barbara J Honorable,P,VA10,1/1/2019,20010925,2019
Conaway,K. Michael,P,TX11,1/3/2019,20010922,2019
Conaway,K. Michael,P,TX11,3/4/2019,20011085,2019
Conaway,K. Michael,P,TX11,3/5/2019,20011244,2019
Conaway,K. Michael,P,TX11,4/2/2019,20011362,2019
Conaway,K. Michael,P,TX11,5/6/2019,20011612,2019
Conaway,K. Michael,P,TX11,7/8/2019,20011937,2019
Conaway,K. Michael,P,TX11,8/5/2019,20012046,2019
Conaway,K. Michael,P,TX11,9/17/2019,20012318,2019
Conaway,K. Michael,P,TX11,10/8/2019,20012439,2019
Conaway,K. Michael,P,TX11,11/12/2019,20012595,2019
Conaway,K. Michael,P,TX11,12/16/2019,20013776,2019
Connolly,Gerald E.,P,VA11,1/11/2019,20010997,2019
Connolly,Gerald E.,P,VA11,4/10/2019,20011436,2019
Connolly,Gerald E.,P,VA11,4/27/2019,20011534,2019
Connolly,Gerald E.,P,VA11,7/2/2019,20011922,2019
Connolly,Gerald E.,P,VA11,10/3/2019,20012414,2019
Cox,TJ John (Tj),P,CA21,11/27/2019,20012643,2019
Craig,Angela Dawn,P,MN02,7/12/2019,9115136,2019
Craig,Angela Dawn,P,MN02,9/26/2019,9115439,2019
Davis,Susan A.,P,CA53,2/7/2019,20011093,2019
Davis,Susan A.,P,CA53,4/9/2019,20011387,2019
Davis,Susan A.,P,CA53,7/9/2019,20011872,2019
Davis,Susan A.,P,CA53,7/30/2019,20012034,2019
Davis,Susan A.,P,CA53,11/22/2019,20012623,2019
DelBene,Suzan K.,P,WA01,1/15/2019,20010939,2019
DelBene,Suzan K.,P,WA01,2/18/2019,20011096,2019
DelBene,Suzan K.,P,WA01,3/15/2019,20011247,2019
DelBene,Suzan K.,P,WA01,4/12/2019,20011381,2019
DelBene,Suzan K.,P,WA01,5/8/2019,20011611,2019
DelBene,Suzan K.,P,WA01,6/15/2019,20011777,2019
DelBene,Suzan K.,P,WA01,7/16/2019,20011949,2019
DelBene,Suzan K.,P,WA01,8/14/2019,20012107,2019
DelBene,Suzan K.,P,WA01,9/15/2019,20012247,2019
DelBene,Suzan K.,P,WA01,10/15/2019,20012413,2019
DelBene,Suzan K.,P,WA01,11/14/2019,20012549,2019
DelBene,Suzan K.,P,WA01,12/15/2019,20012686,2019
Deutch,Theodore E.,P,FL22,2/27/2019,20011114,2019
Deutch,Theodore E.,P,FL22,8/4/2019,20012043,2019
Dingell,Debbie,P,MI12,1/2/2019,20010926,2019
Dingell,Debbie,P,MI12,1/16/2019,20011012,2019
Dingell,Debbie,P,MI12,4/14/2019,20011420,2019
Dingell,Debbie,P,MI12,4/17/2019,20011483,2019
Dingell,Debbie,P,MI12,4/18/2019,20011485,2019
Dingell,Debbie,P,MI12,5/22/2019,20011724,2019
Dingell,Debbie,P,MI12,6/6/2019,20011778,2019
Dingell,Debbie,P,MI12,6/14/2019,20011830,2019
Dingell,Debbie,P,MI12,6/27/2019,20011898,2019
Dingell,Debbie,P,MI12,11/15/2019,20012607,2019
Doggett,Lloyd,P,TX35,1/7/2019,20010967,2019
Doggett,Lloyd,P,TX35,3/6/2019,20011252,2019
Doggett,Lloyd,P,TX35,4/3/2019,20011386,2019
Doggett,Lloyd,P,TX35,5/7/2019,20011625,2019
Doggett,Lloyd,P,TX35,6/6/2019,20011804,2019
Doggett,Lloyd,P,TX35,7/5/2019,20011938,2019
Doggett,Lloyd,P,TX35,8/15/2019,20012175,2019
Doggett,Lloyd,P,TX35,9/6/2019,20012278,2019
Doggett,Lloyd,P,TX35,10/7/2019,20012431,2019
Doggett,Lloyd,P,TX35,11/4/2019,20012544,2019
Doggett,Lloyd,P,TX35,12/9/2019,20012725,2019
Dunn,"Neal Patrick MD, Facs",P,FL02,2/7/2019,20011082,2019
Dunn,"Neal Patrick MD, Facs",P,FL02,9/30/2019,20012379,2019
Dunn,"Neal Patrick MD, Facs",P,FL02,12/11/2019,20012727,2019
Evans,Dwight,P,PA03,5/15/2019,20011689,2019
Evans,Dwight,P,PA03,11/15/2019,20012610,2019
Fleischmann,"Charles J. ""Chuck""",P,TN03,3/15/2019,9114472,2019
Fleischmann,"Charles J. ""Chuck""",P,TN03,5/21/2019,9114801,2019
Fleischmann,"Charles J. ""Chuck""",P,TN03,6/14/2019,9115049,2019
Fleischmann,"Charles J. ""Chuck""",P,TN03,7/26/2019,9115195,2019
Fleischmann,"Charles J. ""Chuck""",P,TN03,8/15/2019,9115277,2019
Fleischmann,"Charles J. ""Chuck""",P,TN03,10/17/2019,9115489,2019
Fleischmann,"Charles J. ""Chuck""",P,TN03,11/26/2019,8216748,2019
Fleischmann,"Charles J. ""Chuck""",P,TN03,12/10/2019,8216800,2019
Fleischmann,"Charles J. ""Chuck""",P,TN03,1/9/2020,8216874,2019
Fletcher,Elizabeth,P,TX07,4/23/2019,20011510,2019
Fletcher,Elizabeth,P,TX07,5/13/2019,20011669,2019
Fletcher,Elizabeth,P,TX07,6/16/2019,20011855,2019
Fletcher,Elizabeth,P,TX07,7/25/2019,20012053,2019
Flores,Bill,P,TX17,1/10/2019,20010991,2019
Flores,Bill,P,TX17,2/11/2019,20011133,2019
Flores,Bill,P,TX17,3/8/2019,20011261,2019
Flores,Bill,P,TX17,4/4/2019,20011395,2019
Flores,Bill,P,TX17,5/14/2019,20011685,2019
Flores,Bill,P,TX17,6/13/2019,20011847,2019
Flores,Bill,P,TX17,7/12/2019,20011996,2019
Flores,Bill,P,TX17,8/12/2019,20012144,2019
Flores,Bill,P,TX17,9/13/2019,20012307,2019
Flores,Bill,P,TX17,10/7/2019,20012438,2019
Flores,Bill,P,TX17,11/10/2019,20012596,2019
Flores,Bill,P,TX17,12/18/2019,20013789,2019
Fortenberry,Jeff,P,NE01,11/5/2019,20012568,2019
Fortenberry,Jeff,P,NE01,11/5/2019,20012569,2019
Foxx,Virginia,P,NC05,1/7/2019,20010945,2019
Foxx,Virginia,P,NC05,2/5/2019,20011092,2019
Foxx,Virginia,P,NC05,3/7/2019,20011227,2019
Foxx,Virginia,P,NC05,4/3/2019,20011373,2019
Foxx,Virginia,P,NC05,5/10/2019,20011583,2019
Foxx,Virginia,P,NC05,6/3/2019,20011691,2019
Foxx,Virginia,P,NC05,7/2/2019,20011918,2019
Foxx,Virginia,P,NC05,8/8/2019,20012087,2019
Foxx,Virginia,P,NC05,9/12/2019,20012274,2019
Foxx,Virginia,P,NC05,10/7/2019,20012397,2019
Foxx,Virginia,P,NC05,11/12/2019,20012556,2019
Foxx,Virginia,P,NC05,12/3/2019,20012693,2019
Frankel,Lois,P,FL21,1/28/2019,20011033,2019
Frankel,Lois,P,FL21,2/25/2019,20011186,2019
Frankel,Lois,P,FL21,3/27/2019,20011329,2019
Frankel,Lois,P,FL21,4/25/2019,20011523,2019
Frankel,Lois,P,FL21,5/21/2019,20011700,2019
Frankel,Lois,P,FL21,6/20/2019,20011873,2019
Frankel,Lois,P,FL21,7/19/2019,20012024,2019
Frankel,Lois,P,FL21,9/3/2019,20012227,2019
Frankel,Lois,P,FL21,9/30/2019,20012386,2019
Frankel,Lois,P,FL21,10/24/2019,20012498,2019
Frankel,Lois,P,FL21,11/22/2019,20012655,2019
Frankel,Lois,P,FL21,12/20/2019,20013803,2019
Gianforte,Greg,P,MT00,1/23/2019,20011039,2019
Gianforte,Greg,P,MT00,2/2/2019,20011087,2019
Gianforte,Greg,P,MT00,2/8/2019,20011124,2019
Gianforte,Greg,P,MT00,2/14/2019,20011156,2019
Gianforte,Greg,P,MT00,3/6/2019,20011157,2019
Gianforte,Greg,P,MT00,3/11/2019,20011276,2019
Gianforte,Greg,P,MT00,3/25/2019,20011346,2019
Gianforte,Greg,P,MT00,3/29/2019,20011354,2019
Gianforte,Greg,P,MT00,4/9/2019,20011418,2019
Gianforte,Greg,P,MT00,4/13/2019,20011459,2019
Gianforte,Greg,P,MT00,4/26/2019,20011546,2019
Gianforte,Greg,P,MT00,5/18/2019,20011701,2019
Gianforte,Greg,P,MT00,5/31/2019,20011767,2019
Gianforte,Greg,P,MT00,6/12/2019,20011835,2019
Gianforte,Greg,P,MT00,7/1/2019,20011916,2019
Gianforte,Greg,P,MT00,7/29/2019,20012072,2019
Gianforte,Greg,P,MT00,8/26/2019,20012222,2019
Gianforte,Greg,P,MT00,10/1/2019,20012395,2019
Gianforte,Greg,P,MT00,10/20/2019,20012476,2019
Gianforte,Greg,P,MT00,10/30/2019,20012519,2019
Gianforte,Greg,P,MT00,11/27/2019,20012677,2019
Gianforte,Greg,P,MT00,12/23/2019,20013815,2019
Gianforte,Greg,P,MT00,12/31/2019,20013827,2019
Gibbs,Bob,P,OH07,1/13/2019,20011006,2019
Gibbs,Bob,P,OH07,3/25/2019,20011344,2019
Gibbs,Bob,P,OH07,3/31/2019,20011364,2019
Gibbs,Bob,P,OH07,5/3/2019,20011599,2019
Gibbs,Bob,P,OH07,5/28/2019,20011745,2019
Gibbs,Bob,P,OH07,6/18/2019,20011860,2019
Gibbs,Bob,P,OH07,11/6/2019,20012571,2019
Gibbs,Bob,P,OH07,11/26/2019,20012674,2019
Gibbs,Bob,P,OH07,12/20/2019,20013806,2019
Gibbs,Bob,P,OH07,12/23/2019,20013813,2019
Gonzalez,Anthony E.,P,OH16,8/14/2019,20012170,2019
Gonzalez,Anthony E.,P,OH16,11/11/2019,20012598,2019
Gonzalez,Anthony E.,P,OH16,12/20/2019,20013793,2019
Gottheimer,Josh,P,NJ05,1/4/2019,20010919,2019
Gottheimer,Josh,P,NJ05,1/31/2019,20011063,2019
Gottheimer,Josh,P,NJ05,2/25/2019,20011187,2019
Gottheimer,Josh,P,NJ05,3/28/2019,20011343,2019
Gottheimer,Josh,P,NJ05,4/5/2019,20011398,2019
Gottheimer,Josh,P,NJ05,5/20/2019,20011641,2019
Gottheimer,Josh,P,NJ05,6/15/2019,20011820,2019
Gottheimer,Josh,P,NJ05,7/18/2019,20011982,2019
Gottheimer,Josh,P,NJ05,8/13/2019,20012044,2019
Gottheimer,Josh,P,NJ05,9/16/2019,20012180,2019
Gottheimer,Josh,P,NJ05,9/16/2019,20012330,2019
Gottheimer,Josh,P,NJ05,10/11/2019,20012430,2019
Gottheimer,Josh,P,NJ05,11/8/2019,20012554,2019
Gottheimer,Josh,P,NJ05,12/9/2019,20012702,2019
Guest,Michael Patrick,P,MS03,7/17/2019,9115167,2019
Guest,Michael Patrick,P,MS03,11/6/2019,8216636,2019
Hern,Kevin,P,OK01,1/15/2019,20010982,2019
Hern,Kevin,P,OK01,2/15/2019,20011169,2019
Hern,Kevin,P,OK01,3/12/2019,20011282,2019
Hern,Kevin,P,OK01,4/11/2019,20011444,2019
Hern,Kevin,P,OK01,5/16/2019,20011693,2019
Hern,Kevin,P,OK01,6/17/2019,20011856,2019
Hern,Kevin,P,OK01,7/18/2019,20012014,2019
Hern,Kevin,P,OK01,8/15/2019,20012167,2019
Hern,Kevin,P,OK01,9/16/2019,20012328,2019
Hern,Kevin,P,OK01,10/15/2019,20012470,2019
Hern,Kevin,P,OK01,11/14/2019,20012619,2019
Hern,Kevin,P,OK01,12/15/2019,20012750,2019
Holding,George,P,NC02,2/11/2019,9114374,2019
Holding,George,P,NC02,5/1/2019,9114798,2019
Holding,George,P,NC02,10/30/2019,9115521,2019
Holding,George,P,NC02,12/19/2019,8216838,2019
Holding,George,P,NC02,1/15/2020,8216909,2019
Jeffries,Hakeem S.,P,NY08,1/25/2019,20011058,2019
Jeffries,Hakeem S.,P,NY08,3/16/2019,20011302,2019
Joyce,David P.,P,OH14,5/8/2019,20008517,2019
Kelly,Mike,P,PA03,2/28/2019,9114435,2019
Kelly,Mike,P,PA03,3/14/2019,9114471,2019
Kelly,Mike,P,PA16,4/30/2019,9114566,2019
Kelly,Mike,P,PA16,5/10/2019,9114648,2019
Kelly,Mike,P,PA16,6/12/2019,9115042,2019
Kelly,Mike,P,PA16,7/23/2019,9115181,2019
Kelly,Mike,P,PA16,12/12/2019,8216803,2019
Kelly,Mike,P,PA16,1/16/2020,8216910,2019
Kennedy,Joseph P.,P,MA04,2/6/2019,9114360,2019
Kennedy,Joseph P.,P,MA04,2/11/2019,9114373,2019
Kennedy,Joseph P.,P,MA04,3/12/2019,9114456,2019
Kennedy,Joseph P.,P,MA04,4/9/2019,9114525,2019
Kennedy,Joseph P.,P,MA04,6/11/2019,9115038,2019
Kennedy,Joseph P.,P,MA04,7/25/2019,9115196,2019
Khanna,Rohit,P,CA17,2/12/2019,9114372,2019
Khanna,Rohit,P,CA17,2/15/2019,9114396,2019
Khanna,Rohit,P,CA17,3/8/2019,9114457,2019
Khanna,Rohit,P,CA17,4/11/2019,9114526,2019
Khanna,Rohit,P,CA17,5/10/2019,9114649,2019
Khanna,Rohit,P,CA17,6/11/2019,9115039,2019
Khanna,Rohit,P,CA17,7/11/2019,9115123,2019
Khanna,Rohit,P,CA17,8/6/2019,9115234,2019
Khanna,Rohit,P,CA17,9/11/2019,9115384,2019
Khanna,Rohit,P,CA17,10/16/2019,9115484,2019
Khanna,Rohit,P,CA17,11/12/2019,8216662,2019
Khanna,Rohit,P,CA17,12/11/2019,8216805,2019
Kinzinger,Adam,P,IL16,5/9/2019,20010270,2019
Kinzinger,Adam,P,IL16,5/16/2019,20011696,2019
Kustoff,David,P,TN08,4/15/2019,9114536,2019
Kustoff,David,P,TN08,4/17/2019,9114539,2019
Kustoff,David,P,TN08,12/10/2019,8216804,2019
Kustoff,David,P,TN08,1/7/2020,8216875,2019
Lamborn,Doug,P,CO05,1/15/2019,9114304,2019
Lamborn,Doug,P,CO05,2/15/2019,9114413,2019
Lamborn,Doug,P,CO05,3/15/2019,9114469,2019
Lamborn,Doug,P,CO05,4/3/2019,9114505,2019
Lamborn,Doug,P,CO05,5/10/2019,9114645,2019
Lamborn,Doug,P,CO05,8/14/2019,9115278,2019
Lamborn,Doug,P,CO05,11/14/2019,8216681,2019
Langevin,James R.,P,RI02,1/24/2019,20011055,2019
Langevin,James R.,P,RI02,3/5/2019,20011246,2019
Langevin,James R.,P,RI02,3/29/2019,20011335,2019
Langevin,James R.,P,RI02,4/12/2019,20011457,2019
Langevin,James R.,P,RI02,4/19/2019,20011500,2019
Langevin,James R.,P,RI02,4/29/2019,20011561,2019
Langevin,James R.,P,RI02,5/10/2019,20011621,2019
Langevin,James R.,P,RI02,5/22/2019,20011728,2019
Langevin,James R.,P,RI02,6/29/2019,20011911,2019
Langevin,James R.,P,RI02,7/3/2019,20011936,2019
Langevin,James R.,P,RI02,8/7/2019,20012122,2019
Langevin,James R.,P,RI02,8/13/2019,20012164,2019
Langevin,James R.,P,RI02,8/21/2019,20012208,2019
Langevin,James R.,P,RI02,9/3/2019,20012249,2019
Langevin,James R.,P,RI02,9/5/2019,20012270,2019
Langevin,James R.,P,RI02,9/26/2019,20012349,2019
Langevin,James R.,P,RI02,10/9/2019,20012448,2019
Langevin,James R.,P,RI02,10/21/2019,20012499,2019
Langevin,James R.,P,RI02,11/5/2019,20012558,2019
Langevin,James R.,P,RI02,11/22/2019,20012662,2019
Langevin,James R.,P,RI02,12/2/2019,20012688,2019
Langevin,James R.,P,RI02,12/23/2019,20013816,2019
Larson,John B.,P,CT01,2/6/2019,9114359,2019
Larson,John B.,P,CT01,3/8/2019,9114443,2019
Larson,John B.,P,CT01,4/23/2019,9114549,2019
Larson,John B.,P,CT01,7/22/2019,9115182,2019
Larson,John B.,P,CT01,8/21/2019,9115324,2019
Larson,John B.,P,CT01,9/20/2019,9115407,2019
Larson,John B.,P,CT01,9/27/2019,9115441,2019
Larson,John B.,P,CT01,11/19/2019,8216717,2019
Larson,John B.,P,CT01,11/22/2019,8216749,2019
Latta,Robert E.,P,OH05,9/5/2019,20012269,2019
Lawrence,Brenda Lulenar,P,MI14,8/21/2019,20007477,2019
Lee,Susie,P,NV03,3/4/2019,20011203,2019
Lee,Susie,P,NV03,3/12/2019,20011262,2019
Lee,Susie,P,NV03,4/8/2019,20011411,2019
Lee,Susie,P,NV03,5/9/2019,20011607,2019
Lee,Susie,P,NV03,7/18/2019,20011814,2019
Lee,Susie,P,NV03,8/29/2019,20012111,2019
Lee,Susie,P,NV03,9/30/2019,20012262,2019
Lee,Susie,P,NV03,10/21/2019,20012436,2019
Lee,Susie,P,NV03,12/5/2019,20012566,2019
Lofgren,Zoe,P,CA19,1/3/2019,20010942,2019
Lofgren,Zoe,P,CA19,4/9/2019,20011434,2019
Lofgren,Zoe,P,CA19,5/8/2019,20011595,2019
Lofgren,Zoe,P,CA19,7/8/2019,20011923,2019
Lofgren,Zoe,P,CA19,8/7/2019,20011952,2019
Lofgren,Zoe,P,CA19,10/8/2019,20012420,2019
Lofgren,Zoe,P,CA19,11/8/2019,20012580,2019
Lofgren,Zoe,P,CA19,12/9/2019,20012694,2019
Long,Billy,P,MO07,1/9/2019,9114292,2019
Long,Billy,P,MO07,2/6/2019,9114358,2019
Long,Billy,P,MO07,7/17/2019,9115152,2019
Lowenthal,Alan S.,P,CA47,1/19/2019,20011035,2019
Lowenthal,Alan S.,P,CA47,1/19/2019,20011036,2019
Lowenthal,Alan S.,P,CA47,2/9/2019,20011126,2019
Lowenthal,Alan S.,P,CA47,2/9/2019,20011127,2019
Lowenthal,Alan S.,P,CA47,2/9/2019,20011128,2019
Lowenthal,Alan S.,P,CA47,2/23/2019,20011191,2019
Lowenthal,Alan S.,P,CA47,2/23/2019,20011192,2019
Lowenthal,Alan S.,P,CA47,2/23/2019,20011193,2019
Lowenthal,Alan S.,P,CA47,2/23/2019,20011194,2019
Lowenthal,Alan S.,P,CA47,2/23/2019,20011195,2019
Lowenthal,Alan S.,P,CA47,2/23/2019,20011196,2019
Lowenthal,Alan S.,P,CA47,2/23/2019,20011197,2019
Lowenthal,Alan S.,P,CA47,3/18/2019,20011308,2019
Lowenthal,Alan S.,P,CA47,3/18/2019,20011309,2019
Lowenthal,Alan S.,P,CA47,3/18/2019,20011310,2019
Lowenthal,Alan S.,P,CA47,3/18/2019,20011311,2019
Lowenthal,Alan S.,P,CA47,3/23/2019,20011338,2019
Lowenthal,Alan S.,P,CA47,3/23/2019,20011339,2019
Lowenthal,Alan S.,P,CA47,4/20/2019,20011507,2019
Lowenthal,Alan S.,P,CA47,4/20/2019,20011508,2019
Lowenthal,Alan S.,P,CA47,4/20/2019,20011509,2019
Lowenthal,Alan S.,P,CA47,4/28/2019,20011551,2019
Lowenthal,Alan S.,P,CA47,4/28/2019,20011552,2019
Lowenthal,Alan S.,P,CA47,4/28/2019,20011553,2019
Lowenthal,Alan S.,P,CA47,4/28/2019,20011556,2019
Lowenthal,Alan S.,P,CA47,5/19/2019,20011703,2019
Lowenthal,Alan S.,P,CA47,5/19/2019,20011704,2019
Lowenthal,Alan S.,P,CA47,5/19/2019,20011705,2019
Lowenthal,Alan S.,P,CA47,5/31/2019,20011757,2019
Lowenthal,Alan S.,P,CA47,5/31/2019,20011758,2019
Lowenthal,Alan S.,P,CA47,5/31/2019,20011759,2019
Lowenthal,Alan S.,P,CA47,5/31/2019,20011761,2019
Lowenthal,Alan S.,P,CA47,6/12/2019,20011831,2019
Lowenthal,Alan S.,P,CA47,6/12/2019,20011832,2019
Lowenthal,Alan S.,P,CA47,6/12/2019,20011833,2019
Lowenthal,Alan S.,P,CA47,7/1/2019,20011913,2019
Lowenthal,Alan S.,P,CA47,7/3/2019,20011928,2019
Lowenthal,Alan S.,P,CA47,7/27/2019,20012068,2019
Lowenthal,Alan S.,P,CA47,7/27/2019,20012069,2019
Lowenthal,Alan S.,P,CA47,7/27/2019,20012070,2019
Lowenthal,Alan S.,P,CA47,8/10/2019,20012141,2019
Lowenthal,Alan S.,P,CA47,8/10/2019,20012142,2019
Lowenthal,Alan S.,P,CA47,8/11/2019,20012143,2019
Lowenthal,Alan S.,P,CA47,9/1/2019,20012238,2019
Lowenthal,Alan S.,P,CA47,9/1/2019,20012239,2019
Lowenthal,Alan S.,P,CA47,9/1/2019,20012240,2019
Lowenthal,Alan S.,P,CA47,9/21/2019,20012353,2019
Lowenthal,Alan S.,P,CA47,9/21/2019,20012354,2019
Lowenthal,Alan S.,P,CA47,9/21/2019,20012355,2019
Lowenthal,Alan S.,P,CA47,10/5/2019,20012422,2019
Lowenthal,Alan S.,P,CA47,10/5/2019,20012423,2019
Lowenthal,Alan S.,P,CA47,10/5/2019,20012424,2019
Lowenthal,Alan S.,P,CA47,10/9/2019,20012449,2019
Lowenthal,Alan S.,P,CA47,10/9/2019,20012450,2019
Lowenthal,Alan S.,P,CA47,10/9/2019,20012451,2019
Lowenthal,Alan S.,P,CA47,11/7/2019,20012582,2019
Lowenthal,Alan S.,P,CA47,11/8/2019,20012586,2019
Lowenthal,Alan S.,P,CA47,11/8/2019,20012587,2019
Lowenthal,Alan S.,P,CA47,11/8/2019,20012589,2019
Lowenthal,Alan S.,P,CA47,11/25/2019,20012663,2019
Lowenthal,Alan S.,P,CA47,11/25/2019,20012664,2019
Lowenthal,Alan S.,P,CA47,11/25/2019,20012665,2019
Lowenthal,Alan S.,P,CA47,12/6/2019,20012705,2019
Lowenthal,Alan S.,P,CA47,12/15/2019,20013770,2019
Lowenthal,Alan S.,P,CA47,12/15/2019,20013771,2019
Lowenthal,Alan S.,P,CA47,12/17/2019,20013782,2019
Lowenthal,Alan S.,P,CA47,12/17/2019,20013783,2019
Lowenthal,Alan S.,P,CA47,12/17/2019,20013784,2019
MacArthur,Thomas,P,NJ03,1/11/2019,20010975,2019
MacArthur,Thomas,P,NJ03,1/12/2019,20010996,2019
Malinowski,Tom,P,NJ07,7/1/2022,8219061,2019
Maloney,Carolyn B.,P,NY12,1/18/2019,20011020,2019
Maloney,Carolyn B.,P,NY12,2/19/2019,20011160,2019
Maloney,Carolyn B.,P,NY12,5/16/2019,20011694,2019
Maloney,Carolyn B.,P,NY12,8/14/2019,20012023,2019
Maloney,Carolyn B.,P,NY12,11/15/2019,20012504,2019
Maloney,Carolyn B.,P,NY12,11/15/2019,20012621,2019
Marchant,Kenny,P,TX24,3/12/2019,9114458,2019
Marchant,Kenny,P,TX24,4/12/2019,9114535,2019
Marchant,Kenny,P,TX24,7/19/2019,9115168,2019
Marchant,Kenny,P,TX24,9/13/2019,9115391,2019
Marchant,Kenny,P,TX24,11/19/2019,8216718,2019
Marchant,Kenny,P,TX24,1/22/2020,8216921,2019
Marshall,Roger W.,P,KS01,4/11/2019,20011448,2019
Marshall,Roger W.,P,KS01,8/28/2019,20011828,2019
Marshall,Roger W.,P,KS01,12/11/2019,20012700,2019
Mast,Brian,P,FL18,1/7/2019,20010968,2019
Mast,Brian,P,FL18,2/5/2019,20011103,2019
Mast,Brian,P,FL18,3/12/2019,20011284,2019
Mast,Brian,P,FL18,4/15/2019,20011470,2019
Mast,Brian,P,FL18,5/8/2019,20011639,2019
Mast,Brian,P,FL18,9/4/2019,20012261,2019
Mast,Brian,P,FL18,10/2/2019,20012405,2019
Mast,Brian,P,FL18,11/4/2019,20012546,2019
McCaul,Michael T.,P,TX10,2/25/2019,9114418,2019
McCaul,Michael T.,P,TX10,3/26/2019,9114492,2019
McCaul,Michael T.,P,TX10,4/30/2019,9114567,2019
McCaul,Michael T.,P,TX10,5/15/2019,9114757,2019
McCaul,Michael T.,P,TX10,6/27/2019,9115083,2019
McCaul,Michael T.,P,TX10,7/24/2019,9115183,2019
McCaul,Michael T.,P,TX10,8/20/2019,9115315,2019
McCaul,Michael T.,P,TX10,10/15/2019,9115485,2019
McCaul,Michael T.,P,TX10,11/14/2019,8216661,2019
McCaul,Michael T.,P,TX10,12/20/2019,8216839,2019
McCaul,Michael T.,P,TX10,1/29/2020,8216935,2019
McKinley,David B.,P,WV01,1/9/2019,20010918,2019
McKinley,David B.,P,WV01,2/4/2019,20011072,2019
McKinley,David B.,P,WV01,4/1/2019,20011351,2019
McKinley,David B.,P,WV01,5/6/2019,20011581,2019
McKinley,David B.,P,WV01,8/12/2019,20012105,2019
McKinley,David B.,P,WV01,9/13/2019,20012245,2019
Morelle,Joseph D.,P,NY25,9/20/2019,20012286,2019
Murphy,Greg Francis,P,NC03,11/3/2019,20012542,2019
Norton,Eleanor Holmes,P,DC00,7/8/2019,20011954,2019
O'Halleran,Tom,P,AZ01,1/2/2019,20010930,2019
Pallone,Frank,P,NJ06,2/15/2019,20011154,2019
Pallone,Frank,P,NJ06,4/18/2019,20011466,2019
Pelosi,Nancy,P,CA12,3/11/2019,20011279,2019
Pelosi,Nancy,P,CA12,7/11/2019,20011965,2019
Pelosi,Nancy,P,CA12,8/13/2019,20012127,2019
Pelosi,Nancy,P,CA12,9/18/2019,20012288,2019
Pelosi,Nancy,P,CA12,9/19/2019,20012343,2019
Perlmutter,Ed,P,CO07,2/22/2019,20011189,2019
Perlmutter,Ed,P,CO07,3/25/2019,20011348,2019
Perlmutter,Ed,P,CO07,5/17/2019,20011699,2019
Perlmutter,Ed,P,CO07,7/11/2019,20011988,2019
Perlmutter,Ed,P,CO07,9/3/2019,20012250,2019
Perlmutter,Ed,P,CO07,12/23/2019,20013812,2019
Peters,Scott H.,P,CA52,1/18/2019,20011013,2019
Peters,Scott H.,P,CA52,2/12/2019,20011136,2019
Peters,Scott H.,P,CA52,3/19/2019,20011286,2019
Peters,Scott H.,P,CA52,4/14/2019,20011456,2019
Peters,Scott H.,P,CA52,5/6/2019,20011594,2019
Peters,Scott H.,P,CA52,6/18/2019,20011805,2019
Peters,Scott H.,P,CA52,7/14/2019,20011963,2019
Peters,Scott H.,P,CA52,8/14/2019,20012153,2019
Peters,Scott H.,P,CA52,9/16/2019,20012309,2019
Peters,Scott H.,P,CA52,10/15/2019,20012466,2019
Peters,Scott H.,P,CA52,11/22/2019,20012624,2019
Peters,Scott H.,P,CA52,12/19/2019,20012747,2019
Phillips,Dean,P,MN03,2/18/2019,20011106,2019
Phillips,Dean,P,MN03,3/21/2019,20011263,2019
Phillips,Dean,P,MN03,4/16/2019,20011447,2019
Phillips,Dean,P,MN03,5/21/2019,20011695,2019
Phillips,Dean,P,MN03,6/13/2019,20011821,2019
Phillips,Dean,P,MN03,7/11/2019,20011980,2019
Phillips,Dean,P,MN03,8/21/2019,20012179,2019
Phillips,Dean,P,MN03,9/16/2019,20012295,2019
Phillips,Dean,P,MN03,10/11/2019,20012443,2019
Phillips,Dean,P,MN03,11/6/2019,20012572,2019
Phillips,Dean,P,MN03,12/11/2019,20012726,2019
Pingree,Chellie,P,ME01,5/15/2019,20011642,2019
Pingree,Chellie,P,ME01,5/16/2019,20011692,2019
Price,David E.,P,NC04,1/3/2019,20010941,2019
Price,David E.,P,NC04,1/14/2019,20011010,2019
Price,David E.,P,NC04,4/2/2019,20011383,2019
Price,David E.,P,NC04,6/4/2019,20011788,2019
Price,David E.,P,NC04,7/11/2019,20011985,2019
Price,David E.,P,NC04,9/9/2019,20012285,2019
Rice,Tom,P,SC07,7/24/2019,20012051,2019
Rice,Tom,P,SC07,8/16/2019,20012183,2019
Rice,Tom,P,SC07,11/19/2019,20012639,2019
Roe,David P.,P,TN01,2/25/2019,9114416,2019
Roe,David P.,P,TN01,3/14/2019,9114459,2019
Roe,David P.,P,TN01,4/5/2019,9114520,2019
Roe,David P.,P,TN01,5/7/2019,9114617,2019
Roe,David P.,P,TN01,6/7/2019,9115040,2019
Roe,David P.,P,TN01,7/12/2019,9115134,2019
Roe,David P.,P,TN01,8/12/2019,9115266,2019
Roe,David P.,P,TN01,9/5/2019,9115349,2019
Roe,David P.,P,TN01,10/15/2019,9115486,2019
Roe,David P.,P,TN01,11/14/2019,8216663,2019
Roe,David P.,P,TN01,12/12/2019,8216806,2019
Roe,David P.,P,TN01,1/14/2020,8216911,2019
Rogers,Harold Dallas,P,KY05,1/29/2019,9114336,2019
Rogers,Harold Dallas,P,KY05,2/26/2019,9114434,2019
Rogers,Harold Dallas,P,KY05,4/1/2019,9114501,2019
Rogers,Harold Dallas,P,KY05,5/3/2019,9114598,2019
Rogers,Harold Dallas,P,KY05,6/4/2019,9114999,2019
Rogers,Harold Dallas,P,KY05,7/1/2019,9115093,2019
Rogers,Harold Dallas,P,KY05,7/30/2019,9115198,2019
Rogers,Harold Dallas,P,KY05,9/4/2019,9115335,2019
Rogers,Harold Dallas,P,KY05,9/30/2019,9115442,2019
Rogers,Harold Dallas,P,KY05,10/22/2019,9115499,2019
Rogers,Harold Dallas,P,KY05,12/4/2019,8216783,2019
Rogers,Harold Dallas,P,KY05,1/6/2020,8216853,2019
Rooney,Francis,P,FL19,1/15/2019,9114303,2019
Rooney,Francis,P,FL19,2/12/2019,9114371,2019
Rooney,Francis,P,FL19,3/12/2019,9114460,2019
Rooney,Francis,P,FL19,4/2/2019,9114500,2019
Rooney,Francis,P,FL19,5/15/2019,9114754,2019
Rooney,Francis,P,FL19,6/12/2019,9115043,2019
Rooney,Francis,P,FL19,7/12/2019,9115135,2019
Rooney,Francis,P,FL19,8/13/2019,9115279,2019
Rooney,Francis,P,FL19,9/12/2019,9115388,2019
Rooney,Francis,P,FL19,10/16/2019,9115487,2019
Rooney,Francis,P,FL19,11/14/2019,8216664,2019
Rooney,Francis,P,FL19,12/17/2019,8216824,2019
Rooney,Thomas J.,P,FL17,1/14/2019,20010988,2019
Rooney,Thomas J.,P,FL17,2/11/2019,20011132,2019
Rose,John W.,P,TN06,12/11/2019,20012736,2019
Rosen,Jacky,P,NV03,2/14/2019,20011153,2019
Rosen,Jacky,P,NV03,2/21/2019,20011180,2019
Rothfus,Keith J.,P,PA12,2/4/2019,20011095,2019
Rouda,Harley E.,P,CA48,3/28/2019,20011328,2019
Rouda,Harley E.,P,CA48,4/2/2019,20011382,2019
Rouzer,David Cheston,P,NC07,7/26/2019,20012062,2019
Rutherford,John,P,FL04,1/2/2019,20010938,2019
Rutherford,John,P,FL04,1/31/2019,20011078,2019
Rutherford,John,P,FL04,2/28/2019,20011222,2019
Rutherford,John,P,FL04,4/2/2019,20011377,2019
Rutherford,John,P,FL04,5/10/2019,20011650,2019
Rutherford,John,P,FL04,8/9/2019,20012005,2019
Rutherford,John,P,FL04,9/27/2019,20012382,2019
Rutherford,John,P,FL04,12/18/2019,20013786,2019
Schiff,Adam B.,P,CA28,5/9/2019,9114626,2019
Schneider,Bradley S.,P,IL10,1/1/2019,20010924,2019
Schneider,Bradley S.,P,IL10,2/17/2019,20011172,2019
Schneider,Bradley S.,P,IL10,4/6/2019,20011416,2019
Schneider,Bradley S.,P,IL10,5/26/2019,20011720,2019
Schneider,Bradley S.,P,IL10,6/17/2019,20011859,2019
Schneider,Bradley S.,P,IL10,6/21/2019,20011882,2019
Schneider,Bradley S.,P,IL10,8/4/2019,20012082,2019
Schneider,Bradley S.,P,IL10,12/21/2019,20013807,2019
Schrader,Kurt,P,OR05,2/5/2019,9114355,2019
Schrader,Kurt,P,OR05,3/5/2019,9114440,2019
Schrader,Kurt,P,OR05,4/1/2019,9114499,2019
Schrader,Kurt,P,OR05,6/20/2019,9115060,2019
Schrader,Kurt,P,OR05,8/7/2019,9115240,2019
Schrader,Kurt,P,OR05,9/13/2019,9115392,2019
Schrader,Kurt,P,OR05,10/23/2019,9115500,2019
Schrader,Kurt,P,OR05,12/5/2019,8216784,2019
Schrader,Kurt,P,OR05,1/14/2020,8216912,2019
Schrier,Kim,P,WA08,4/30/2019,20007920,2019
Schrier,Kim,P,WA08,10/2/2019,20012404,2019
Schrier,Kim,P,WA08,10/21/2019,20012496,2019
Scott,Austin,P,GA08,3/6/2019,20011256,2019
Sensenbrenner,F. James,P,WI05,4/29/2019,9114563,2019
Sensenbrenner,F. James,P,WI05,5/21/2019,9114795,2019
Sherrill,Mikie,P,NJ11,4/17/2019,20011472,2019
Sherrill,Mikie,P,NJ11,5/15/2019,20011646,2019
Sherrill,Mikie,P,NJ11,7/8/2019,20011886,2019
Sherrill,Mikie,P,NJ11,9/5/2019,20012232,2019
Simpson,Michael K.,P,ID02,4/29/2019,20008955,2019
Sires,Albio,P,NJ08,5/15/2019,9114919,2019
Smith,Lamar,P,TX21,1/10/2019,20010972,2019
Smucker,Lloyd K.,P,PA11,4/11/2019,20011440,2019
Smucker,Lloyd K.,P,PA11,5/13/2019,20011664,2019
Smucker,Lloyd K.,P,PA11,7/9/2019,20011948,2019
Steil,Bryan George,P,WI01,7/22/2019,20012039,2019
Steil,Bryan George,P,WI01,7/22/2019,20012040,2019
Steube,W. Greg,P,FL17,8/13/2019,20012159,2019
Taylor,Nicholas Van,P,TX03,2/15/2019,20011105,2019
Taylor,Nicholas Van,P,TX03,3/14/2019,20011170,2019
Taylor,Nicholas Van,P,TX03,4/15/2019,20011315,2019
Taylor,Nicholas Van,P,TX03,6/17/2019,20011768,2019
Taylor,Nicholas Van,P,TX03,7/9/2019,20011924,2019
Taylor,Nicholas Van,P,TX03,8/7/2019,20012121,2019
Taylor,Nicholas Van,P,TX03,9/5/2019,20012273,2019
Taylor,Nicholas Van,P,TX03,10/8/2019,20012398,2019
Taylor,Nicholas Van,P,TX03,11/6/2019,20012539,2019
Taylor,Nicholas Van,P,TX03,12/9/2019,20012685,2019
Trott,David A.,P,MI11,1/8/2019,20010971,2019
Trott,David A.,P,MI11,2/7/2019,20011108,2019
Upton,Fred,P,MI06,1/25/2019,9114325,2019
Upton,Fred,P,MI06,4/4/2019,9114498,2019
Upton,Fred,P,MI06,5/22/2019,9114800,2019
Upton,Fred,P,MI06,6/19/2019,9115061,2019
Upton,Fred,P,MI06,6/25/2019,9115076,2019
Upton,Fred,P,MI06,7/26/2019,9115199,2019
Upton,Fred,P,MI06,9/13/2019,9115393,2019
Upton,Fred,P,MI06,11/5/2019,8216631,2019
Upton,Fred,P,MI06,12/19/2019,8216828,2019
Visclosky,Peter J.,P,IN01,1/24/2019,20011048,2019
Wagner,Ann,P,MO02,3/22/2019,9114491,2019
Wagner,Ann,P,MO02,5/13/2019,9114647,2019
Wagner,Ann,P,MO02,6/14/2019,9115052,2019
Wagner,Ann,P,MO02,7/15/2019,9115156,2019
Wagner,Ann,P,MO02,8/15/2019,9115290,2019
Wagner,Ann,P,MO02,9/5/2019,9115350,2019
Wagner,Ann,P,MO02,10/28/2019,9115514,2019
Wagner,Ann,P,MO02,11/12/2019,8216665,2019
Wagner,Ann,P,MO02,12/9/2019,8216807,2019
Wagner,Ann,P,MO02,1/9/2020,8216876,2019
Wasserman Schultz,Debbie,P,FL23,7/1/2019,20011896,2019
Webster,Daniel,P,FL11,9/30/2019,20012392,2019
Webster,Daniel,P,FL11,10/9/2019,20012454,2019
Welch,Peter,P,VT00,1/9/2019,20010935,2019
Welch,Peter,P,VT00,2/7/2019,20011107,2019
Welch,Peter,P,VT00,3/12/2019,20011283,2019
Welch,Peter,P,VT00,4/19/2019,20011504,2019
Welch,Peter,P,VT00,5/3/2019,20011598,2019
Welch,Peter,P,VT00,6/4/2019,20011793,2019
Welch,Peter,P,VT00,7/9/2019,20011955,2019
Welch,Peter,P,VT00,7/31/2019,20012083,2019
Welch,Peter,P,VT00,9/1/2019,20012235,2019
Welch,Peter,P,VT00,10/14/2019,20012390,2019
Welch,Peter,P,VT00,11/14/2019,20012591,2019
Welch,Peter,P,VT00,12/11/2019,20012714,2019
Wittman,Robert J.,P,VA01,1/11/2019,20010995,2019
Wittman,Robert J.,P,VA01,2/7/2019,20011109,2019
Wittman,Robert J.,P,VA01,5/7/2019,20011622,2019
Wittman,Robert J.,P,VA01,7/12/2019,20011953,2019
Wittman,Robert J.,P,VA01,9/18/2019,20012305,2019
Wittman,Robert J.,P,VA01,10/16/2019,20012457,2019
Wittman,Robert J.,P,VA01,12/12/2019,20012746,2019
Woodall,Rob,P,GA07,3/29/2019,20011359,2019
Yarmuth,John A.,P,KY03,2/14/2019,20011158,2019
Yarmuth,John A.,P,KY03,9/11/2019,20012297,2019
Yarmuth,John A.,P,KY03,9/27/2019,20012377,2019
Yoho,Ted S.,P,FL03,10/23/2019,9115501,2019
