doc_id,url,status,has_text,bucket,doc_prefix
20021740,https://disclosures-clerk.house.gov/public_disc/ptr-pdfs/2022/20021740.pdf,ok,True,lisible,2
20022132,https://disclosures-clerk.house.gov/public_disc/ptr-pdfs/2022/20022132.pdf,ok,True,lisible,2
20020448,https://disclosures-clerk.house.gov/public_disc/ptr-pdfs/2022/20020448.pdf,ok,True,lisible,2
20020585,https://disclosures-clerk.house.gov/public_disc/ptr-pdfs/2022/20020585.pdf,ok,True,lisible,2
20021681,https://disclosures-clerk.house.gov/public_disc/ptr-pdfs/2022/20021681.pdf,ok,True,lisible,2
20020708,https://disclosures-clerk.house.gov/public_disc/ptr-pdfs/2022/20020708.pdf,ok,True,lisible,2
20020367,https://disclosures-clerk.house.gov/public_disc/ptr-pdfs/2022/20020367.pdf,ok,True,lisible,2
20020474,https://disclosures-clerk.house.gov/public_disc/ptr-pdfs/2022/20020474.pdf,ok,True,lisible,2
20021134,https://disclosures-clerk.house.gov/public_disc/ptr-pdfs/2022/20021134.pdf,ok,True,lisible,2
20021236,https://disclosures-clerk.house.gov/public_disc/ptr-pdfs/2022/20021236.pdf,ok,True,lisible,2
20021555,https://disclosures-clerk.house.gov/public_disc/ptr-pdfs/2022/20021555.pdf,ok,True,lisible,2
20021705,https://disclosures-clerk.house.gov/public_disc/ptr-pdfs/2022/20021705.pdf,ok,True,lisible,2
20021951,https://disclosures-clerk.house.gov/public_disc/ptr-pdfs/2022/20021951.pdf,ok,True,lisible,2
20022042,https://disclosures-clerk.house.gov/public_disc/ptr-pdfs/2022/20022042.pdf,ok,True,lisible,2
20022097,https://disclosures-clerk.house.gov/public_disc/ptr-pdfs/2022/20022097.pdf,ok,True,lisible,2
20020047,https://disclosures-clerk.house.gov/public_disc/ptr-pdfs/2022/20020047.pdf,ok,True,lisible,2
20020251,https://disclosures-clerk.house.gov/public_disc/ptr-pdfs/2022/20020251.pdf,ok,True,lisible,2
20020354,https://disclosures-clerk.house.gov/public_disc/ptr-pdfs/2022/20020354.pdf,ok,True,lisible,2
20020618,https://disclosures-clerk.house.gov/public_disc/ptr-pdfs/2022/20020618.pdf,ok,True,lisible,2
20020868,https://disclosures-clerk.house.gov/public_disc/ptr-pdfs/2022/20020868.pdf,ok,True,lisible,2
20021091,https://disclosures-clerk.house.gov/public_disc/ptr-pdfs/2022/20021091.pdf,ok,True,lisible,2
20021193,https://disclosures-clerk.house.gov/public_disc/ptr-pdfs/2022/20021193.pdf,ok,True,lisible,2
20021447,https://disclosures-clerk.house.gov/public_disc/ptr-pdfs/2022/20021447.pdf,ok,True,lisible,2
20022048,https://disclosures-clerk.house.gov/public_disc/ptr-pdfs/2022/20022048.pdf,ok,True,lisible,2
20022070,https://disclosures-clerk.house.gov/public_disc/ptr-pdfs/2022/20022070.pdf,ok,True,lisible,2
20020168,https://disclosures-clerk.house.gov/public_disc/ptr-pdfs/2022/20020168.pdf,ok,True,lisible,2
20020399,https://disclosures-clerk.house.gov/public_disc/ptr-pdfs/2022/20020399.pdf,ok,True,lisible,2
20020574,https://disclosures-clerk.house.gov/public_disc/ptr-pdfs/2022/20020574.pdf,ok,True,lisible,2
20020670,https://disclosures-clerk.house.gov/public_disc/ptr-pdfs/2022/20020670.pdf,ok,True,lisible,2
20020675,https://disclosures-clerk.house.gov/public_disc/ptr-pdfs/2022/20020675.pdf,ok,True,lisible,2
20020783,https://disclosures-clerk.house.gov/public_disc/ptr-pdfs/2022/20020783.pdf,ok,True,lisible,2
20020943,https://disclosures-clerk.house.gov/public_disc/ptr-pdfs/2022/20020943.pdf,ok,True,lisible,2
20021152,https://disclosures-clerk.house.gov/public_disc/ptr-pdfs/2022/20021152.pdf,ok,True,lisible,2
20021169,https://disclosures-clerk.house.gov/public_disc/ptr-pdfs/2022/20021169.pdf,ok,True,lisible,2
20021335,https://disclosures-clerk.house.gov/public_disc/ptr-pdfs/2022/20021335.pdf,ok,True,lisible,2
20021504,https://disclosures-clerk.house.gov/public_disc/ptr-pdfs/2022/20021504.pdf,ok,True,lisible,2
20021651,https://disclosures-clerk.house.gov/public_disc/ptr-pdfs/2022/20021651.pdf,ok,True,lisible,2
20021808,https://disclosures-clerk.house.gov/public_disc/ptr-pdfs/2022/20021808.pdf,ok,True,lisible,2
20021970,https://disclosures-clerk.house.gov/public_disc/ptr-pdfs/2022/20021970.pdf,ok,True,lisible,2
20022078,https://disclosures-clerk.house.gov/public_disc/ptr-pdfs/2022/20022078.pdf,ok,True,lisible,2
20020661,https://disclosures-clerk.house.gov/public_disc/ptr-pdfs/2022/20020661.pdf,ok,True,lisible,2
20020873,https://disclosures-clerk.house.gov/public_disc/ptr-pdfs/2022/20020873.pdf,ok,True,lisible,2
20020998,https://disclosures-clerk.house.gov/public_disc/ptr-pdfs/2022/20020998.pdf,ok,True,lisible,2
20021197,https://disclosures-clerk.house.gov/public_disc/ptr-pdfs/2022/20021197.pdf,ok,True,lisible,2
20021403,https://disclosures-clerk.house.gov/public_disc/ptr-pdfs/2022/20021403.pdf,ok,True,lisible,2
20021568,https://disclosures-clerk.house.gov/public_disc/ptr-pdfs/2022/20021568.pdf,ok,True,lisible,2
20022197,https://disclosures-clerk.house.gov/public_disc/ptr-pdfs/2022/20022197.pdf,ok,True,lisible,2
20020238,https://disclosures-clerk.house.gov/public_disc/ptr-pdfs/2022/20020238.pdf,ok,True,lisible,2
20020684,https://disclosures-clerk.house.gov/public_disc/ptr-pdfs/2022/20020684.pdf,ok,True,lisible,2
20020305,https://disclosures-clerk.house.gov/public_disc/ptr-pdfs/2022/20020305.pdf,ok,True,lisible,2
20020315,https://disclosures-clerk.house.gov/public_disc/ptr-pdfs/2022/20020315.pdf,ok,True,lisible,2
20020545,https://disclosures-clerk.house.gov/public_disc/ptr-pdfs/2022/20020545.pdf,ok,True,lisible,2
20020632,https://disclosures-clerk.house.gov/public_disc/ptr-pdfs/2022/20020632.pdf,ok,True,lisible,2
20020798,https://disclosures-clerk.house.gov/public_disc/ptr-pdfs/2022/20020798.pdf,ok,True,lisible,2
20020895,https://disclosures-clerk.house.gov/public_disc/ptr-pdfs/2022/20020895.pdf,ok,True,lisible,2
20021120,https://disclosures-clerk.house.gov/public_disc/ptr-pdfs/2022/20021120.pdf,ok,True,lisible,2
20021277,https://disclosures-clerk.house.gov/public_disc/ptr-pdfs/2022/20021277.pdf,ok,True,lisible,2
20021279,https://disclosures-clerk.house.gov/public_disc/ptr-pdfs/2022/20021279.pdf,ok,True,lisible,2
20021443,https://disclosures-clerk.house.gov/public_disc/ptr-pdfs/2022/20021443.pdf,ok,True,lisible,2
20021716,https://disclosures-clerk.house.gov/public_disc/ptr-pdfs/2022/20021716.pdf,ok,True,lisible,2
20021890,https://disclosures-clerk.house.gov/public_disc/ptr-pdfs/2022/20021890.pdf,ok,True,lisible,2
20021932,https://disclosures-clerk.house.gov/public_disc/ptr-pdfs/2022/20021932.pdf,ok,True,lisible,2
20022051,https://disclosures-clerk.house.gov/public_disc/ptr-pdfs/2022/20022051.pdf,ok,True,lisible,2
20022087,https://disclosures-clerk.house.gov/public_disc/ptr-pdfs/2022/20022087.pdf,ok,True,lisible,2
20020422,https://disclosures-clerk.house.gov/public_disc/ptr-pdfs/2022/20020422.pdf,ok,True,lisible,2
20020894,https://disclosures-clerk.house.gov/public_disc/ptr-pdfs/2022/20020894.pdf,ok,True,lisible,2
20021112,https://disclosures-clerk.house.gov/public_disc/ptr-pdfs/2022/20021112.pdf,ok,True,lisible,2
20021170,https://disclosures-clerk.house.gov/public_disc/ptr-pdfs/2022/20021170.pdf,ok,True,lisible,2
20022136,https://disclosures-clerk.house.gov/public_disc/ptr-pdfs/2022/20022136.pdf,ok,True,lisible,2
20020330,https://disclosures-clerk.house.gov/public_disc/ptr-pdfs/2022/20020330.pdf,ok,True,lisible,2
20020731,https://disclosures-clerk.house.gov/public_disc/ptr-pdfs/2022/20020731.pdf,ok,True,lisible,2
20020917,https://disclosures-clerk.house.gov/public_disc/ptr-pdfs/2022/20020917.pdf,ok,True,lisible,2
20021441,https://disclosures-clerk.house.gov/public_disc/ptr-pdfs/2022/20021441.pdf,ok,True,lisible,2
20021793,https://disclosures-clerk.house.gov/public_disc/ptr-pdfs/2022/20021793.pdf,ok,True,lisible,2
20020462,https://disclosures-clerk.house.gov/public_disc/ptr-pdfs/2022/20020462.pdf,ok,True,lisible,2
20021467,https://disclosures-clerk.house.gov/public_disc/ptr-pdfs/2022/20021467.pdf,ok,True,lisible,2
20021491,https://disclosures-clerk.house.gov/public_disc/ptr-pdfs/2022/20021491.pdf,ok,True,lisible,2
20021502,https://disclosures-clerk.house.gov/public_disc/ptr-pdfs/2022/20021502.pdf,ok,True,lisible,2
20021517,https://disclosures-clerk.house.gov/public_disc/ptr-pdfs/2022/20021517.pdf,ok,True,lisible,2
20021560,https://disclosures-clerk.house.gov/public_disc/ptr-pdfs/2022/20021560.pdf,ok,True,lisible,2
20021583,https://disclosures-clerk.house.gov/public_disc/ptr-pdfs/2022/20021583.pdf,ok,True,lisible,2
20021606,https://disclosures-clerk.house.gov/public_disc/ptr-pdfs/2022/20021606.pdf,ok,True,lisible,2
20021694,https://disclosures-clerk.house.gov/public_disc/ptr-pdfs/2022/20021694.pdf,ok,True,lisible,2
8218534,https://disclosures-clerk.house.gov/public_disc/ptr-pdfs/2022/8218534.pdf,ok,False,non_lisible,8
8218659,https://disclosures-clerk.house.gov/public_disc/ptr-pdfs/2022/8218659.pdf,ok,False,non_lisible,8
8218938,https://disclosures-clerk.house.gov/public_disc/ptr-pdfs/2022/8218938.pdf,ok,False,non_lisible,8
20021626,https://disclosures-clerk.house.gov/public_disc/ptr-pdfs/2022/20021626.pdf,ok,True,lisible,2
8218624,https://disclosures-clerk.house.gov/public_disc/ptr-pdfs/2022/8218624.pdf,ok,False,non_lisible,8
20020780,https://disclosures-clerk.house.gov/public_disc/ptr-pdfs/2022/20020780.pdf,ok,True,lisible,2
20020189,https://disclosures-clerk.house.gov/public_disc/ptr-pdfs/2022/20020189.pdf,ok,True,lisible,2
20020197,https://disclosures-clerk.house.gov/public_disc/ptr-pdfs/2022/20020197.pdf,ok,True,lisible,2
20020310,https://disclosures-clerk.house.gov/public_disc/ptr-pdfs/2022/20020310.pdf,ok,True,lisible,2
20021255,https://disclosures-clerk.house.gov/public_disc/ptr-pdfs/2022/20021255.pdf,ok,True,lisible,2
20020133,https://disclosures-clerk.house.gov/public_disc/ptr-pdfs/2022/20020133.pdf,ok,True,lisible,2
20020679,https://disclosures-clerk.house.gov/public_disc/ptr-pdfs/2022/20020679.pdf,ok,True,lisible,2
20021342,https://disclosures-clerk.house.gov/public_disc/ptr-pdfs/2022/20021342.pdf,ok,True,lisible,2
20021486,https://disclosures-clerk.house.gov/public_disc/ptr-pdfs/2022/20021486.pdf,ok,True,lisible,2
20021554,https://disclosures-clerk.house.gov/public_disc/ptr-pdfs/2022/20021554.pdf,ok,True,lisible,2
20021733,https://disclosures-clerk.house.gov/public_disc/ptr-pdfs/2022/20021733.pdf,ok,True,lisible,2
20021965,https://disclosures-clerk.house.gov/public_disc/ptr-pdfs/2022/20021965.pdf,ok,True,lisible,2
8219054,https://disclosures-clerk.house.gov/public_disc/ptr-pdfs/2022/8219054.pdf,ok,False,non_lisible,8
20020134,https://disclosures-clerk.house.gov/public_disc/ptr-pdfs/2022/20020134.pdf,ok,True,lisible,2
20020243,https://disclosures-clerk.house.gov/public_disc/ptr-pdfs/2022/20020243.pdf,ok,True,lisible,2
20020358,https://disclosures-clerk.house.gov/public_disc/ptr-pdfs/2022/20020358.pdf,ok,True,lisible,2
20020478,https://disclosures-clerk.house.gov/public_disc/ptr-pdfs/2022/20020478.pdf,ok,True,lisible,2
20020572,https://disclosures-clerk.house.gov/public_disc/ptr-pdfs/2022/20020572.pdf,ok,True,lisible,2
20020642,https://disclosures-clerk.house.gov/public_disc/ptr-pdfs/2022/20020642.pdf,ok,True,lisible,2
20020725,https://disclosures-clerk.house.gov/public_disc/ptr-pdfs/2022/20020725.pdf,ok,True,lisible,2
20020815,https://disclosures-clerk.house.gov/public_disc/ptr-pdfs/2022/20020815.pdf,ok,True,lisible,2
20020937,https://disclosures-clerk.house.gov/public_disc/ptr-pdfs/2022/20020937.pdf,ok,True,lisible,2
20021082,https://disclosures-clerk.house.gov/public_disc/ptr-pdfs/2022/20021082.pdf,ok,True,lisible,2
20021144,https://disclosures-clerk.house.gov/public_disc/ptr-pdfs/2022/20021144.pdf,ok,True,lisible,2
20021227,https://disclosures-clerk.house.gov/public_disc/ptr-pdfs/2022/20021227.pdf,ok,True,lisible,2
20021329,https://disclosures-clerk.house.gov/public_disc/ptr-pdfs/2022/20021329.pdf,ok,True,lisible,2
20021406,https://disclosures-clerk.house.gov/public_disc/ptr-pdfs/2022/20021406.pdf,ok,True,lisible,2
20021465,https://disclosures-clerk.house.gov/public_disc/ptr-pdfs/2022/20021465.pdf,ok,True,lisible,2
20021579,https://disclosures-clerk.house.gov/public_disc/ptr-pdfs/2022/20021579.pdf,ok,True,lisible,2
20021660,https://disclosures-clerk.house.gov/public_disc/ptr-pdfs/2022/20021660.pdf,ok,True,lisible,2
20021795,https://disclosures-clerk.house.gov/public_disc/ptr-pdfs/2022/20021795.pdf,ok,True,lisible,2
20021864,https://disclosures-clerk.house.gov/public_disc/ptr-pdfs/2022/20021864.pdf,ok,True,lisible,2
20021931,https://disclosures-clerk.house.gov/public_disc/ptr-pdfs/2022/20021931.pdf,ok,True,lisible,2
20022031,https://disclosures-clerk.house.gov/public_disc/ptr-pdfs/2022/20022031.pdf,ok,True,lisible,2
20022099,https://disclosures-clerk.house.gov/public_disc/ptr-pdfs/2022/20022099.pdf,ok,True,lisible,2
20020866,https://disclosures-clerk.house.gov/public_disc/ptr-pdfs/2022/20020866.pdf,ok,True,lisible,2
20021083,https://disclosures-clerk.house.gov/public_disc/ptr-pdfs/2022/20021083.pdf,ok,True,lisible,2
20021166,https://disclosures-clerk.house.gov/public_disc/ptr-pdfs/2022/20021166.pdf,ok,True,lisible,2
20021536,https://disclosures-clerk.house.gov/public_disc/ptr-pdfs/2022/20021536.pdf,ok,True,lisible,2
20020191,https://disclosures-clerk.house.gov/public_disc/ptr-pdfs/2022/20020191.pdf,ok,True,lisible,2
20020576,https://disclosures-clerk.house.gov/public_disc/ptr-pdfs/2022/20020576.pdf,ok,True,lisible,2
20020754,https://disclosures-clerk.house.gov/public_disc/ptr-pdfs/2022/20020754.pdf,ok,True,lisible,2
20020959,https://disclosures-clerk.house.gov/public_disc/ptr-pdfs/2022/20020959.pdf,ok,True,lisible,2
20021153,https://disclosures-clerk.house.gov/public_disc/ptr-pdfs/2022/20021153.pdf,ok,True,lisible,2
20021362,https://disclosures-clerk.house.gov/public_disc/ptr-pdfs/2022/20021362.pdf,ok,True,lisible,2
20021487,https://disclosures-clerk.house.gov/public_disc/ptr-pdfs/2022/20021487.pdf,ok,True,lisible,2
20021654,https://disclosures-clerk.house.gov/public_disc/ptr-pdfs/2022/20021654.pdf,ok,True,lisible,2
20021924,https://disclosures-clerk.house.gov/public_disc/ptr-pdfs/2022/20021924.pdf,ok,True,lisible,2
20022088,https://disclosures-clerk.house.gov/public_disc/ptr-pdfs/2022/20022088.pdf,ok,True,lisible,2
20021600,https://disclosures-clerk.house.gov/public_disc/ptr-pdfs/2022/20021600.pdf,ok,True,lisible,2
20020587,https://disclosures-clerk.house.gov/public_disc/ptr-pdfs/2022/20020587.pdf,ok,True,lisible,2
20021149,https://disclosures-clerk.house.gov/public_disc/ptr-pdfs/2022/20021149.pdf,ok,True,lisible,2
20021397,https://disclosures-clerk.house.gov/public_disc/ptr-pdfs/2022/20021397.pdf,ok,True,lisible,2
20021461,https://disclosures-clerk.house.gov/public_disc/ptr-pdfs/2022/20021461.pdf,ok,True,lisible,2
20021779,https://disclosures-clerk.house.gov/public_disc/ptr-pdfs/2022/20021779.pdf,ok,True,lisible,2
20020865,https://disclosures-clerk.house.gov/public_disc/ptr-pdfs/2022/20020865.pdf,ok,True,lisible,2
20021576,https://disclosures-clerk.house.gov/public_disc/ptr-pdfs/2022/20021576.pdf,ok,True,lisible,2
20022027,https://disclosures-clerk.house.gov/public_disc/ptr-pdfs/2022/20022027.pdf,ok,True,lisible,2
20020143,https://disclosures-clerk.house.gov/public_disc/ptr-pdfs/2022/20020143.pdf,ok,True,lisible,2
20020374,https://disclosures-clerk.house.gov/public_disc/ptr-pdfs/2022/20020374.pdf,ok,True,lisible,2
20020983,https://disclosures-clerk.house.gov/public_disc/ptr-pdfs/2022/20020983.pdf,ok,True,lisible,2
20021950,https://disclosures-clerk.house.gov/public_disc/ptr-pdfs/2022/20021950.pdf,ok,True,lisible,2
8218535,https://disclosures-clerk.house.gov/public_disc/ptr-pdfs/2022/8218535.pdf,ok,False,non_lisible,8
8218565,https://disclosures-clerk.house.gov/public_disc/ptr-pdfs/2022/8218565.pdf,ok,False,non_lisible,8
8218753,https://disclosures-clerk.house.gov/public_disc/ptr-pdfs/2022/8218753.pdf,ok,False,non_lisible,8
8219165,https://disclosures-clerk.house.gov/public_disc/ptr-pdfs/2022/8219165.pdf,ok,False,non_lisible,8
8219277,https://disclosures-clerk.house.gov/public_disc/ptr-pdfs/2022/8219277.pdf,ok,False,non_lisible,8
8219298,https://disclosures-clerk.house.gov/public_disc/ptr-pdfs/2022/8219298.pdf,ok,False,non_lisible,8
20020153,https://disclosures-clerk.house.gov/public_disc/ptr-pdfs/2022/20020153.pdf,ok,True,lisible,2
20020355,https://disclosures-clerk.house.gov/public_disc/ptr-pdfs/2022/20020355.pdf,ok,True,lisible,2
20020543,https://disclosures-clerk.house.gov/public_disc/ptr-pdfs/2022/20020543.pdf,ok,True,lisible,2
20020718,https://disclosures-clerk.house.gov/public_disc/ptr-pdfs/2022/20020718.pdf,ok,True,lisible,2
20020914,https://disclosures-clerk.house.gov/public_disc/ptr-pdfs/2022/20020914.pdf,ok,True,lisible,2
20021127,https://disclosures-clerk.house.gov/public_disc/ptr-pdfs/2022/20021127.pdf,ok,True,lisible,2
20021315,https://disclosures-clerk.house.gov/public_disc/ptr-pdfs/2022/20021315.pdf,ok,True,lisible,2
20021466,https://disclosures-clerk.house.gov/public_disc/ptr-pdfs/2022/20021466.pdf,ok,True,lisible,2
20021630,https://disclosures-clerk.house.gov/public_disc/ptr-pdfs/2022/20021630.pdf,ok,True,lisible,2
20021790,https://disclosures-clerk.house.gov/public_disc/ptr-pdfs/2022/20021790.pdf,ok,True,lisible,2
20021919,https://disclosures-clerk.house.gov/public_disc/ptr-pdfs/2022/20021919.pdf,ok,True,lisible,2
20022068,https://disclosures-clerk.house.gov/public_disc/ptr-pdfs/2022/20022068.pdf,ok,True,lisible,2
20020235,https://disclosures-clerk.house.gov/public_disc/ptr-pdfs/2022/20020235.pdf,ok,True,lisible,2
20020401,https://disclosures-clerk.house.gov/public_disc/ptr-pdfs/2022/20020401.pdf,ok,True,lisible,2
20020470,https://disclosures-clerk.house.gov/public_disc/ptr-pdfs/2022/20020470.pdf,ok,True,lisible,2
20020648,https://disclosures-clerk.house.gov/public_disc/ptr-pdfs/2022/20020648.pdf,ok,True,lisible,2
20020919,https://disclosures-clerk.house.gov/public_disc/ptr-pdfs/2022/20020919.pdf,ok,True,lisible,2
20020929,https://disclosures-clerk.house.gov/public_disc/ptr-pdfs/2022/20020929.pdf,ok,True,lisible,2
20021233,https://disclosures-clerk.house.gov/public_disc/ptr-pdfs/2022/20021233.pdf,ok,True,lisible,2
20021425,https://disclosures-clerk.house.gov/public_disc/ptr-pdfs/2022/20021425.pdf,ok,True,lisible,2
20021618,https://disclosures-clerk.house.gov/public_disc/ptr-pdfs/2022/20021618.pdf,ok,True,lisible,2
20021732,https://disclosures-clerk.house.gov/public_disc/ptr-pdfs/2022/20021732.pdf,ok,True,lisible,2
20021881,https://disclosures-clerk.house.gov/public_disc/ptr-pdfs/2022/20021881.pdf,ok,True,lisible,2
20022017,https://disclosures-clerk.house.gov/public_disc/ptr-pdfs/2022/20022017.pdf,ok,True,lisible,2
20020544,https://disclosures-clerk.house.gov/public_disc/ptr-pdfs/2022/20020544.pdf,ok,True,lisible,2
8218641,https://disclosures-clerk.house.gov/public_disc/ptr-pdfs/2022/8218641.pdf,ok,False,non_lisible,8
20021836,https://disclosures-clerk.house.gov/public_disc/ptr-pdfs/2022/20021836.pdf,ok,True,lisible,2
20020278,https://disclosures-clerk.house.gov/public_disc/ptr-pdfs/2022/20020278.pdf,ok,True,lisible,2
20020231,https://disclosures-clerk.house.gov/public_disc/ptr-pdfs/2022/20020231.pdf,ok,True,lisible,2
20020121,https://disclosures-clerk.house.gov/public_disc/ptr-pdfs/2022/20020121.pdf,ok,True,lisible,2
20021522,https://disclosures-clerk.house.gov/public_disc/ptr-pdfs/2022/20021522.pdf,ok,True,lisible,2
20021587,https://disclosures-clerk.house.gov/public_disc/ptr-pdfs/2022/20021587.pdf,ok,True,lisible,2
20021895,https://disclosures-clerk.house.gov/public_disc/ptr-pdfs/2022/20021895.pdf,ok,True,lisible,2
20020166,https://disclosures-clerk.house.gov/public_disc/ptr-pdfs/2022/20020166.pdf,ok,True,lisible,2
20020386,https://disclosures-clerk.house.gov/public_disc/ptr-pdfs/2022/20020386.pdf,ok,True,lisible,2
20021044,https://disclosures-clerk.house.gov/public_disc/ptr-pdfs/2022/20021044.pdf,ok,True,lisible,2
20021275,https://disclosures-clerk.house.gov/public_disc/ptr-pdfs/2022/20021275.pdf,ok,True,lisible,2
20021492,https://disclosures-clerk.house.gov/public_disc/ptr-pdfs/2022/20021492.pdf,ok,True,lisible,2
20021661,https://disclosures-clerk.house.gov/public_disc/ptr-pdfs/2022/20021661.pdf,ok,True,lisible,2
20021911,https://disclosures-clerk.house.gov/public_disc/ptr-pdfs/2022/20021911.pdf,ok,True,lisible,2
20022166,https://disclosures-clerk.house.gov/public_disc/ptr-pdfs/2022/20022166.pdf,ok,True,lisible,2
20021290,https://disclosures-clerk.house.gov/public_disc/ptr-pdfs/2022/20021290.pdf,ok,True,lisible,2
8219043,https://disclosures-clerk.house.gov/public_disc/ptr-pdfs/2022/8219043.pdf,ok,False,non_lisible,8
20020154,https://disclosures-clerk.house.gov/public_disc/ptr-pdfs/2022/20020154.pdf,ok,True,lisible,2
20020393,https://disclosures-clerk.house.gov/public_disc/ptr-pdfs/2022/20020393.pdf,ok,True,lisible,2
20020573,https://disclosures-clerk.house.gov/public_disc/ptr-pdfs/2022/20020573.pdf,ok,True,lisible,2
20020786,https://disclosures-clerk.house.gov/public_disc/ptr-pdfs/2022/20020786.pdf,ok,True,lisible,2
20020956,https://disclosures-clerk.house.gov/public_disc/ptr-pdfs/2022/20020956.pdf,ok,True,lisible,2
20021174,https://disclosures-clerk.house.gov/public_disc/ptr-pdfs/2022/20021174.pdf,ok,True,lisible,2
20021351,https://disclosures-clerk.house.gov/public_disc/ptr-pdfs/2022/20021351.pdf,ok,True,lisible,2
20021518,https://disclosures-clerk.house.gov/public_disc/ptr-pdfs/2022/20021518.pdf,ok,True,lisible,2
20021563,https://disclosures-clerk.house.gov/public_disc/ptr-pdfs/2022/20021563.pdf,ok,True,lisible,2
20021676,https://disclosures-clerk.house.gov/public_disc/ptr-pdfs/2022/20021676.pdf,ok,True,lisible,2
20021727,https://disclosures-clerk.house.gov/public_disc/ptr-pdfs/2022/20021727.pdf,ok,True,lisible,2
20021821,https://disclosures-clerk.house.gov/public_disc/ptr-pdfs/2022/20021821.pdf,ok,True,lisible,2
20021933,https://disclosures-clerk.house.gov/public_disc/ptr-pdfs/2022/20021933.pdf,ok,True,lisible,2
20022098,https://disclosures-clerk.house.gov/public_disc/ptr-pdfs/2022/20022098.pdf,ok,True,lisible,2
20021868,https://disclosures-clerk.house.gov/public_disc/ptr-pdfs/2022/20021868.pdf,ok,True,lisible,2
20019881,https://disclosures-clerk.house.gov/public_disc/ptr-pdfs/2022/20019881.pdf,ok,True,lisible,2
20020188,https://disclosures-clerk.house.gov/public_disc/ptr-pdfs/2022/20020188.pdf,ok,True,lisible,2
20020362,https://disclosures-clerk.house.gov/public_disc/ptr-pdfs/2022/20020362.pdf,ok,True,lisible,2
20020442,https://disclosures-clerk.house.gov/public_disc/ptr-pdfs/2022/20020442.pdf,ok,True,lisible,2
20020501,https://disclosures-clerk.house.gov/public_disc/ptr-pdfs/2022/20020501.pdf,ok,True,lisible,2
20020569,https://disclosures-clerk.house.gov/public_disc/ptr-pdfs/2022/20020569.pdf,ok,True,lisible,2
20020773,https://disclosures-clerk.house.gov/public_disc/ptr-pdfs/2022/20020773.pdf,ok,True,lisible,2
20020830,https://disclosures-clerk.house.gov/public_disc/ptr-pdfs/2022/20020830.pdf,ok,True,lisible,2
20021121,https://disclosures-clerk.house.gov/public_disc/ptr-pdfs/2022/20021121.pdf,ok,True,lisible,2
20021154,https://disclosures-clerk.house.gov/public_disc/ptr-pdfs/2022/20021154.pdf,ok,True,lisible,2
20021571,https://disclosures-clerk.house.gov/public_disc/ptr-pdfs/2022/20021571.pdf,ok,True,lisible,2
20021614,https://disclosures-clerk.house.gov/public_disc/ptr-pdfs/2022/20021614.pdf,ok,True,lisible,2
20021778,https://disclosures-clerk.house.gov/public_disc/ptr-pdfs/2022/20021778.pdf,ok,True,lisible,2
20021887,https://disclosures-clerk.house.gov/public_disc/ptr-pdfs/2022/20021887.pdf,ok,True,lisible,2
20020263,https://disclosures-clerk.house.gov/public_disc/ptr-pdfs/2022/20020263.pdf,ok,True,lisible,2
20020568,https://disclosures-clerk.house.gov/public_disc/ptr-pdfs/2022/20020568.pdf,ok,True,lisible,2
20021248,https://disclosures-clerk.house.gov/public_disc/ptr-pdfs/2022/20021248.pdf,ok,True,lisible,2
20020644,https://disclosures-clerk.house.gov/public_disc/ptr-pdfs/2022/20020644.pdf,ok,True,lisible,2
20020792,https://disclosures-clerk.house.gov/public_disc/ptr-pdfs/2022/20020792.pdf,ok,True,lisible,2
20021007,https://disclosures-clerk.house.gov/public_disc/ptr-pdfs/2022/20021007.pdf,ok,True,lisible,2
20021172,https://disclosures-clerk.house.gov/public_disc/ptr-pdfs/2022/20021172.pdf,ok,True,lisible,2
20021434,https://disclosures-clerk.house.gov/public_disc/ptr-pdfs/2022/20021434.pdf,ok,True,lisible,2
20021691,https://disclosures-clerk.house.gov/public_disc/ptr-pdfs/2022/20021691.pdf,ok,True,lisible,2
8218540,https://disclosures-clerk.house.gov/public_disc/ptr-pdfs/2022/8218540.pdf,ok,False,non_lisible,8
8218580,https://disclosures-clerk.house.gov/public_disc/ptr-pdfs/2022/8218580.pdf,ok,False,non_lisible,8
8218621,https://disclosures-clerk.house.gov/public_disc/ptr-pdfs/2022/8218621.pdf,ok,False,non_lisible,8
8218662,https://disclosures-clerk.house.gov/public_disc/ptr-pdfs/2022/8218662.pdf,ok,False,non_lisible,8
8218894,https://disclosures-clerk.house.gov/public_disc/ptr-pdfs/2022/8218894.pdf,ok,False,non_lisible,8
8219056,https://disclosures-clerk.house.gov/public_disc/ptr-pdfs/2022/8219056.pdf,ok,False,non_lisible,8
8219131,https://disclosures-clerk.house.gov/public_disc/ptr-pdfs/2022/8219131.pdf,ok,False,non_lisible,8
8219202,https://disclosures-clerk.house.gov/public_disc/ptr-pdfs/2022/8219202.pdf,ok,False,non_lisible,8
8219228,https://disclosures-clerk.house.gov/public_disc/ptr-pdfs/2022/8219228.pdf,ok,False,non_lisible,8
8219266,https://disclosures-clerk.house.gov/public_disc/ptr-pdfs/2022/8219266.pdf,ok,False,non_lisible,8
8219281,https://disclosures-clerk.house.gov/public_disc/ptr-pdfs/2022/8219281.pdf,ok,False,non_lisible,8
20020202,https://disclosures-clerk.house.gov/public_disc/ptr-pdfs/2022/20020202.pdf,ok,True,lisible,2
20020359,https://disclosures-clerk.house.gov/public_disc/ptr-pdfs/2022/20020359.pdf,ok,True,lisible,2
20020571,https://disclosures-clerk.house.gov/public_disc/ptr-pdfs/2022/20020571.pdf,ok,True,lisible,2
20020789,https://disclosures-clerk.house.gov/public_disc/ptr-pdfs/2022/20020789.pdf,ok,True,lisible,2
20020995,https://disclosures-clerk.house.gov/public_disc/ptr-pdfs/2022/20020995.pdf,ok,True,lisible,2
20021223,https://disclosures-clerk.house.gov/public_disc/ptr-pdfs/2022/20021223.pdf,ok,True,lisible,2
20021388,https://disclosures-clerk.house.gov/public_disc/ptr-pdfs/2022/20021388.pdf,ok,True,lisible,2
20021553,https://disclosures-clerk.house.gov/public_disc/ptr-pdfs/2022/20021553.pdf,ok,True,lisible,2
20021704,https://disclosures-clerk.house.gov/public_disc/ptr-pdfs/2022/20021704.pdf,ok,True,lisible,2
20021828,https://disclosures-clerk.house.gov/public_disc/ptr-pdfs/2022/20021828.pdf,ok,True,lisible,2
20021964,https://disclosures-clerk.house.gov/public_disc/ptr-pdfs/2022/20021964.pdf,ok,True,lisible,2
20022102,https://disclosures-clerk.house.gov/public_disc/ptr-pdfs/2022/20022102.pdf,ok,True,lisible,2
8218661,https://disclosures-clerk.house.gov/public_disc/ptr-pdfs/2022/8218661.pdf,ok,False,non_lisible,8
8218937,https://disclosures-clerk.house.gov/public_disc/ptr-pdfs/2022/8218937.pdf,ok,False,non_lisible,8
8219044,https://disclosures-clerk.house.gov/public_disc/ptr-pdfs/2022/8219044.pdf,ok,False,non_lisible,8
8219209,https://disclosures-clerk.house.gov/public_disc/ptr-pdfs/2022/8219209.pdf,ok,False,non_lisible,8
8219258,https://disclosures-clerk.house.gov/public_disc/ptr-pdfs/2022/8219258.pdf,ok,False,non_lisible,8
8219272,https://disclosures-clerk.house.gov/public_disc/ptr-pdfs/2022/8219272.pdf,ok,False,non_lisible,8
20020479,https://disclosures-clerk.house.gov/public_disc/ptr-pdfs/2022/20020479.pdf,ok,True,lisible,2
20020654,https://disclosures-clerk.house.gov/public_disc/ptr-pdfs/2022/20020654.pdf,ok,True,lisible,2
20020793,https://disclosures-clerk.house.gov/public_disc/ptr-pdfs/2022/20020793.pdf,ok,True,lisible,2
20021201,https://disclosures-clerk.house.gov/public_disc/ptr-pdfs/2022/20021201.pdf,ok,True,lisible,2
20021398,https://disclosures-clerk.house.gov/public_disc/ptr-pdfs/2022/20021398.pdf,ok,True,lisible,2
20021667,https://disclosures-clerk.house.gov/public_disc/ptr-pdfs/2022/20021667.pdf,ok,True,lisible,2
20021696,https://disclosures-clerk.house.gov/public_disc/ptr-pdfs/2022/20021696.pdf,ok,True,lisible,2
20021857,https://disclosures-clerk.house.gov/public_disc/ptr-pdfs/2022/20021857.pdf,ok,True,lisible,2
20021989,https://disclosures-clerk.house.gov/public_disc/ptr-pdfs/2022/20021989.pdf,ok,True,lisible,2
20022108,https://disclosures-clerk.house.gov/public_disc/ptr-pdfs/2022/20022108.pdf,ok,True,lisible,2
20021179,https://disclosures-clerk.house.gov/public_disc/ptr-pdfs/2022/20021179.pdf,ok,True,lisible,2
20021183,https://disclosures-clerk.house.gov/public_disc/ptr-pdfs/2022/20021183.pdf,ok,True,lisible,2
20021184,https://disclosures-clerk.house.gov/public_disc/ptr-pdfs/2022/20021184.pdf,ok,True,lisible,2
20020504,https://disclosures-clerk.house.gov/public_disc/ptr-pdfs/2022/20020504.pdf,ok,True,lisible,2
20020915,https://disclosures-clerk.house.gov/public_disc/ptr-pdfs/2022/20020915.pdf,ok,True,lisible,2
20021222,https://disclosures-clerk.house.gov/public_disc/ptr-pdfs/2022/20021222.pdf,ok,True,lisible,2
20021629,https://disclosures-clerk.house.gov/public_disc/ptr-pdfs/2022/20021629.pdf,ok,True,lisible,2
20021937,https://disclosures-clerk.house.gov/public_disc/ptr-pdfs/2022/20021937.pdf,ok,True,lisible,2
20022024,https://disclosures-clerk.house.gov/public_disc/ptr-pdfs/2022/20022024.pdf,ok,True,lisible,2
20022156,https://disclosures-clerk.house.gov/public_disc/ptr-pdfs/2022/20022156.pdf,ok,True,lisible,2
8218604,https://disclosures-clerk.house.gov/public_disc/ptr-pdfs/2022/8218604.pdf,ok,False,non_lisible,8
8218856,https://disclosures-clerk.house.gov/public_disc/ptr-pdfs/2022/8218856.pdf,ok,False,non_lisible,8
8218936,https://disclosures-clerk.house.gov/public_disc/ptr-pdfs/2022/8218936.pdf,ok,False,non_lisible,8
8219082,https://disclosures-clerk.house.gov/public_disc/ptr-pdfs/2022/8219082.pdf,ok,False,non_lisible,8
8219156,https://disclosures-clerk.house.gov/public_disc/ptr-pdfs/2022/8219156.pdf,ok,False,non_lisible,8
8218518,https://disclosures-clerk.house.gov/public_disc/ptr-pdfs/2022/8218518.pdf,ok,False,non_lisible,8
8218560,https://disclosures-clerk.house.gov/public_disc/ptr-pdfs/2022/8218560.pdf,ok,False,non_lisible,8
8218597,https://disclosures-clerk.house.gov/public_disc/ptr-pdfs/2022/8218597.pdf,ok,False,non_lisible,8
8218637,https://disclosures-clerk.house.gov/public_disc/ptr-pdfs/2022/8218637.pdf,ok,False,non_lisible,8
8218730,https://disclosures-clerk.house.gov/public_disc/ptr-pdfs/2022/8218730.pdf,ok,False,non_lisible,8
8218940,https://disclosures-clerk.house.gov/public_disc/ptr-pdfs/2022/8218940.pdf,ok,False,non_lisible,8
8219068,https://disclosures-clerk.house.gov/public_disc/ptr-pdfs/2022/8219068.pdf,ok,False,non_lisible,8
8219155,https://disclosures-clerk.house.gov/public_disc/ptr-pdfs/2022/8219155.pdf,ok,False,non_lisible,8
8219207,https://disclosures-clerk.house.gov/public_disc/ptr-pdfs/2022/8219207.pdf,ok,False,non_lisible,8
8219242,https://disclosures-clerk.house.gov/public_disc/ptr-pdfs/2022/8219242.pdf,ok,False,non_lisible,8
8219275,https://disclosures-clerk.house.gov/public_disc/ptr-pdfs/2022/8219275.pdf,ok,False,non_lisible,8
8219288,https://disclosures-clerk.house.gov/public_disc/ptr-pdfs/2022/8219288.pdf,ok,False,non_lisible,8
8218527,https://disclosures-clerk.house.gov/public_disc/ptr-pdfs/2022/8218527.pdf,ok,False,non_lisible,8
8218561,https://disclosures-clerk.house.gov/public_disc/ptr-pdfs/2022/8218561.pdf,ok,False,non_lisible,8
20020875,https://disclosures-clerk.house.gov/public_disc/ptr-pdfs/2022/20020875.pdf,ok,True,lisible,2
8219259,https://disclosures-clerk.house.gov/public_disc/ptr-pdfs/2022/8219259.pdf,ok,False,non_lisible,8
8218548,https://disclosures-clerk.house.gov/public_disc/ptr-pdfs/2022/8218548.pdf,ok,False,non_lisible,8
8218598,https://disclosures-clerk.house.gov/public_disc/ptr-pdfs/2022/8218598.pdf,ok,False,non_lisible,8
8219025,https://disclosures-clerk.house.gov/public_disc/ptr-pdfs/2022/8219025.pdf,ok,False,non_lisible,8
8219130,https://disclosures-clerk.house.gov/public_disc/ptr-pdfs/2022/8219130.pdf,ok,False,non_lisible,8
8219289,https://disclosures-clerk.house.gov/public_disc/ptr-pdfs/2022/8219289.pdf,ok,False,non_lisible,8
8219290,https://disclosures-clerk.house.gov/public_disc/ptr-pdfs/2022/8219290.pdf,ok,False,non_lisible,8
20020152,https://disclosures-clerk.house.gov/public_disc/ptr-pdfs/2022/20020152.pdf,ok,True,lisible,2
20020391,https://disclosures-clerk.house.gov/public_disc/ptr-pdfs/2022/20020391.pdf,ok,True,lisible,2
20020559,https://disclosures-clerk.house.gov/public_disc/ptr-pdfs/2022/20020559.pdf,ok,True,lisible,2
20020774,https://disclosures-clerk.house.gov/public_disc/ptr-pdfs/2022/20020774.pdf,ok,True,lisible,2
20020955,https://disclosures-clerk.house.gov/public_disc/ptr-pdfs/2022/20020955.pdf,ok,True,lisible,2
20021156,https://disclosures-clerk.house.gov/public_disc/ptr-pdfs/2022/20021156.pdf,ok,True,lisible,2
20021338,https://disclosures-clerk.house.gov/public_disc/ptr-pdfs/2022/20021338.pdf,ok,True,lisible,2
20021477,https://disclosures-clerk.house.gov/public_disc/ptr-pdfs/2022/20021477.pdf,ok,True,lisible,2
20021669,https://disclosures-clerk.house.gov/public_disc/ptr-pdfs/2022/20021669.pdf,ok,True,lisible,2
20021812,https://disclosures-clerk.house.gov/public_disc/ptr-pdfs/2022/20021812.pdf,ok,True,lisible,2
20021929,https://disclosures-clerk.house.gov/public_disc/ptr-pdfs/2022/20021929.pdf,ok,True,lisible,2
20022086,https://disclosures-clerk.house.gov/public_disc/ptr-pdfs/2022/20022086.pdf,ok,True,lisible,2
20021415,https://disclosures-clerk.house.gov/public_disc/ptr-pdfs/2022/20021415.pdf,ok,True,lisible,2
20021968,https://disclosures-clerk.house.gov/public_disc/ptr-pdfs/2022/20021968.pdf,ok,True,lisible,2
20020369,https://disclosures-clerk.house.gov/public_disc/ptr-pdfs/2022/20020369.pdf,ok,True,lisible,2
20020473,https://disclosures-clerk.house.gov/public_disc/ptr-pdfs/2022/20020473.pdf,ok,True,lisible,2
20021052,https://disclosures-clerk.house.gov/public_disc/ptr-pdfs/2022/20021052.pdf,ok,True,lisible,2
20021252,https://disclosures-clerk.house.gov/public_disc/ptr-pdfs/2022/20021252.pdf,ok,True,lisible,2
20021550,https://disclosures-clerk.house.gov/public_disc/ptr-pdfs/2022/20021550.pdf,ok,True,lisible,2
20021962,https://disclosures-clerk.house.gov/public_disc/ptr-pdfs/2022/20021962.pdf,ok,True,lisible,2
20022081,https://disclosures-clerk.house.gov/public_disc/ptr-pdfs/2022/20022081.pdf,ok,True,lisible,2
20011775,https://disclosures-clerk.house.gov/public_disc/ptr-pdfs/2022/20011775.pdf,ok,True,lisible,2
20020179,https://disclosures-clerk.house.gov/public_disc/ptr-pdfs/2022/20020179.pdf,ok,True,lisible,2
20020775,https://disclosures-clerk.house.gov/public_disc/ptr-pdfs/2022/20020775.pdf,ok,True,lisible,2
20020989,https://disclosures-clerk.house.gov/public_disc/ptr-pdfs/2022/20020989.pdf,ok,True,lisible,2
20021367,https://disclosures-clerk.house.gov/public_disc/ptr-pdfs/2022/20021367.pdf,ok,True,lisible,2
20021503,https://disclosures-clerk.house.gov/public_disc/ptr-pdfs/2022/20021503.pdf,ok,True,lisible,2
20021699,https://disclosures-clerk.house.gov/public_disc/ptr-pdfs/2022/20021699.pdf,ok,True,lisible,2
20021816,https://disclosures-clerk.house.gov/public_disc/ptr-pdfs/2022/20021816.pdf,ok,True,lisible,2
20021838,https://disclosures-clerk.house.gov/public_disc/ptr-pdfs/2022/20021838.pdf,ok,True,lisible,2
20021967,https://disclosures-clerk.house.gov/public_disc/ptr-pdfs/2022/20021967.pdf,ok,True,lisible,2
8218599,https://disclosures-clerk.house.gov/public_disc/ptr-pdfs/2022/8218599.pdf,ok,False,non_lisible,8
20020167,https://disclosures-clerk.house.gov/public_disc/ptr-pdfs/2022/20020167.pdf,ok,True,lisible,2
20020270,https://disclosures-clerk.house.gov/public_disc/ptr-pdfs/2022/20020270.pdf,ok,True,lisible,2
20020271,https://disclosures-clerk.house.gov/public_disc/ptr-pdfs/2022/20020271.pdf,ok,True,lisible,2
20020274,https://disclosures-clerk.house.gov/public_disc/ptr-pdfs/2022/20020274.pdf,ok,True,lisible,2
20020307,https://disclosures-clerk.house.gov/public_disc/ptr-pdfs/2022/20020307.pdf,ok,True,lisible,2
20020321,https://disclosures-clerk.house.gov/public_disc/ptr-pdfs/2022/20020321.pdf,ok,True,lisible,2
20020322,https://disclosures-clerk.house.gov/public_disc/ptr-pdfs/2022/20020322.pdf,ok,True,lisible,2
20020323,https://disclosures-clerk.house.gov/public_disc/ptr-pdfs/2022/20020323.pdf,ok,True,lisible,2
20020331,https://disclosures-clerk.house.gov/public_disc/ptr-pdfs/2022/20020331.pdf,ok,True,lisible,2
20020333,https://disclosures-clerk.house.gov/public_disc/ptr-pdfs/2022/20020333.pdf,ok,True,lisible,2
20020334,https://disclosures-clerk.house.gov/public_disc/ptr-pdfs/2022/20020334.pdf,ok,True,lisible,2
20020427,https://disclosures-clerk.house.gov/public_disc/ptr-pdfs/2022/20020427.pdf,ok,True,lisible,2
20020486,https://disclosures-clerk.house.gov/public_disc/ptr-pdfs/2022/20020486.pdf,ok,True,lisible,2
20020562,https://disclosures-clerk.house.gov/public_disc/ptr-pdfs/2022/20020562.pdf,ok,True,lisible,2
20020563,https://disclosures-clerk.house.gov/public_disc/ptr-pdfs/2022/20020563.pdf,ok,True,lisible,2
20020564,https://disclosures-clerk.house.gov/public_disc/ptr-pdfs/2022/20020564.pdf,ok,True,lisible,2
20020565,https://disclosures-clerk.house.gov/public_disc/ptr-pdfs/2022/20020565.pdf,ok,True,lisible,2
20020676,https://disclosures-clerk.house.gov/public_disc/ptr-pdfs/2022/20020676.pdf,ok,True,lisible,2
20020677,https://disclosures-clerk.house.gov/public_disc/ptr-pdfs/2022/20020677.pdf,ok,True,lisible,2
20020678,https://disclosures-clerk.house.gov/public_disc/ptr-pdfs/2022/20020678.pdf,ok,True,lisible,2
20020690,https://disclosures-clerk.house.gov/public_disc/ptr-pdfs/2022/20020690.pdf,ok,True,lisible,2
20020769,https://disclosures-clerk.house.gov/public_disc/ptr-pdfs/2022/20020769.pdf,ok,True,lisible,2
20020770,https://disclosures-clerk.house.gov/public_disc/ptr-pdfs/2022/20020770.pdf,ok,True,lisible,2
20020781,https://disclosures-clerk.house.gov/public_disc/ptr-pdfs/2022/20020781.pdf,ok,True,lisible,2
20020782,https://disclosures-clerk.house.gov/public_disc/ptr-pdfs/2022/20020782.pdf,ok,True,lisible,2
20020811,https://disclosures-clerk.house.gov/public_disc/ptr-pdfs/2022/20020811.pdf,ok,True,lisible,2
20020892,https://disclosures-clerk.house.gov/public_disc/ptr-pdfs/2022/20020892.pdf,ok,True,lisible,2
20020920,https://disclosures-clerk.house.gov/public_disc/ptr-pdfs/2022/20020920.pdf,ok,True,lisible,2
20021089,https://disclosures-clerk.house.gov/public_disc/ptr-pdfs/2022/20021089.pdf,ok,True,lisible,2
20021090,https://disclosures-clerk.house.gov/public_disc/ptr-pdfs/2022/20021090.pdf,ok,True,lisible,2
20021093,https://disclosures-clerk.house.gov/public_disc/ptr-pdfs/2022/20021093.pdf,ok,True,lisible,2
20021135,https://disclosures-clerk.house.gov/public_disc/ptr-pdfs/2022/20021135.pdf,ok,True,lisible,2
20021240,https://disclosures-clerk.house.gov/public_disc/ptr-pdfs/2022/20021240.pdf,ok,True,lisible,2
20021241,https://disclosures-clerk.house.gov/public_disc/ptr-pdfs/2022/20021241.pdf,ok,True,lisible,2
20021242,https://disclosures-clerk.house.gov/public_disc/ptr-pdfs/2022/20021242.pdf,ok,True,lisible,2
20021243,https://disclosures-clerk.house.gov/public_disc/ptr-pdfs/2022/20021243.pdf,ok,True,lisible,2
20021244,https://disclosures-clerk.house.gov/public_disc/ptr-pdfs/2022/20021244.pdf,ok,True,lisible,2
20021245,https://disclosures-clerk.house.gov/public_disc/ptr-pdfs/2022/20021245.pdf,ok,True,lisible,2
20021246,https://disclosures-clerk.house.gov/public_disc/ptr-pdfs/2022/20021246.pdf,ok,True,lisible,2
20021251,https://disclosures-clerk.house.gov/public_disc/ptr-pdfs/2022/20021251.pdf,ok,True,lisible,2
20021292,https://disclosures-clerk.house.gov/public_disc/ptr-pdfs/2022/20021292.pdf,ok,True,lisible,2
20021293,https://disclosures-clerk.house.gov/public_disc/ptr-pdfs/2022/20021293.pdf,ok,True,lisible,2
20021294,https://disclosures-clerk.house.gov/public_disc/ptr-pdfs/2022/20021294.pdf,ok,True,lisible,2
20021295,https://disclosures-clerk.house.gov/public_disc/ptr-pdfs/2022/20021295.pdf,ok,True,lisible,2
20021296,https://disclosures-clerk.house.gov/public_disc/ptr-pdfs/2022/20021296.pdf,ok,True,lisible,2
20021297,https://disclosures-clerk.house.gov/public_disc/ptr-pdfs/2022/20021297.pdf,ok,True,lisible,2
20021298,https://disclosures-clerk.house.gov/public_disc/ptr-pdfs/2022/20021298.pdf,ok,True,lisible,2
20021299,https://disclosures-clerk.house.gov/public_disc/ptr-pdfs/2022/20021299.pdf,ok,True,lisible,2
20021325,https://disclosures-clerk.house.gov/public_disc/ptr-pdfs/2022/20021325.pdf,ok,True,lisible,2
20021431,https://disclosures-clerk.house.gov/public_disc/ptr-pdfs/2022/20021431.pdf,ok,True,lisible,2
20021432,https://disclosures-clerk.house.gov/public_disc/ptr-pdfs/2022/20021432.pdf,ok,True,lisible,2
20021483,https://disclosures-clerk.house.gov/public_disc/ptr-pdfs/2022/20021483.pdf,ok,True,lisible,2
20021498,https://disclosures-clerk.house.gov/public_disc/ptr-pdfs/2022/20021498.pdf,ok,True,lisible,2
20021641,https://disclosures-clerk.house.gov/public_disc/ptr-pdfs/2022/20021641.pdf,ok,True,lisible,2
20021786,https://disclosures-clerk.house.gov/public_disc/ptr-pdfs/2022/20021786.pdf,ok,True,lisible,2
20021787,https://disclosures-clerk.house.gov/public_disc/ptr-pdfs/2022/20021787.pdf,ok,True,lisible,2
20021824,https://disclosures-clerk.house.gov/public_disc/ptr-pdfs/2022/20021824.pdf,ok,True,lisible,2
20021825,https://disclosures-clerk.house.gov/public_disc/ptr-pdfs/2022/20021825.pdf,ok,True,lisible,2
20021854,https://disclosures-clerk.house.gov/public_disc/ptr-pdfs/2022/20021854.pdf,ok,True,lisible,2
20021906,https://disclosures-clerk.house.gov/public_disc/ptr-pdfs/2022/20021906.pdf,ok,True,lisible,2
20021907,https://disclosures-clerk.house.gov/public_disc/ptr-pdfs/2022/20021907.pdf,ok,True,lisible,2
20021946,https://disclosures-clerk.house.gov/public_disc/ptr-pdfs/2022/20021946.pdf,ok,True,lisible,2
20021973,https://disclosures-clerk.house.gov/public_disc/ptr-pdfs/2022/20021973.pdf,ok,True,lisible,2
20021974,https://disclosures-clerk.house.gov/public_disc/ptr-pdfs/2022/20021974.pdf,ok,True,lisible,2
20022032,https://disclosures-clerk.house.gov/public_disc/ptr-pdfs/2022/20022032.pdf,ok,True,lisible,2
20022033,https://disclosures-clerk.house.gov/public_disc/ptr-pdfs/2022/20022033.pdf,ok,True,lisible,2
20022034,https://disclosures-clerk.house.gov/public_disc/ptr-pdfs/2022/20022034.pdf,ok,True,lisible,2
20022036,https://disclosures-clerk.house.gov/public_disc/ptr-pdfs/2022/20022036.pdf,ok,True,lisible,2
20022161,https://disclosures-clerk.house.gov/public_disc/ptr-pdfs/2022/20022161.pdf,ok,True,lisible,2
20022162,https://disclosures-clerk.house.gov/public_disc/ptr-pdfs/2022/20022162.pdf,ok,True,lisible,2
20020477,https://disclosures-clerk.house.gov/public_disc/ptr-pdfs/2022/20020477.pdf,ok,True,lisible,2
20020641,https://disclosures-clerk.house.gov/public_disc/ptr-pdfs/2022/20020641.pdf,ok,True,lisible,2
20021404,https://disclosures-clerk.house.gov/public_disc/ptr-pdfs/2022/20021404.pdf,ok,True,lisible,2
20020423,https://disclosures-clerk.house.gov/public_disc/ptr-pdfs/2022/20020423.pdf,ok,True,lisible,2
20020481,https://disclosures-clerk.house.gov/public_disc/ptr-pdfs/2022/20020481.pdf,ok,True,lisible,2
20020742,https://disclosures-clerk.house.gov/public_disc/ptr-pdfs/2022/20020742.pdf,ok,True,lisible,2
20020925,https://disclosures-clerk.house.gov/public_disc/ptr-pdfs/2022/20020925.pdf,ok,True,lisible,2
20021045,https://disclosures-clerk.house.gov/public_disc/ptr-pdfs/2022/20021045.pdf,ok,True,lisible,2
20021226,https://disclosures-clerk.house.gov/public_disc/ptr-pdfs/2022/20021226.pdf,ok,True,lisible,2
20021437,https://disclosures-clerk.house.gov/public_disc/ptr-pdfs/2022/20021437.pdf,ok,True,lisible,2
20021470,https://disclosures-clerk.house.gov/public_disc/ptr-pdfs/2022/20021470.pdf,ok,True,lisible,2
20021556,https://disclosures-clerk.house.gov/public_disc/ptr-pdfs/2022/20021556.pdf,ok,True,lisible,2
20021695,https://disclosures-clerk.house.gov/public_disc/ptr-pdfs/2022/20021695.pdf,ok,True,lisible,2
20021754,https://disclosures-clerk.house.gov/public_disc/ptr-pdfs/2022/20021754.pdf,ok,True,lisible,2
20021938,https://disclosures-clerk.house.gov/public_disc/ptr-pdfs/2022/20021938.pdf,ok,True,lisible,2
20020964,https://disclosures-clerk.house.gov/public_disc/ptr-pdfs/2022/20020964.pdf,ok,True,lisible,2
20021538,https://disclosures-clerk.house.gov/public_disc/ptr-pdfs/2022/20021538.pdf,ok,True,lisible,2
20021542,https://disclosures-clerk.house.gov/public_disc/ptr-pdfs/2022/20021542.pdf,ok,True,lisible,2
20021543,https://disclosures-clerk.house.gov/public_disc/ptr-pdfs/2022/20021543.pdf,ok,True,lisible,2
20021782,https://disclosures-clerk.house.gov/public_disc/ptr-pdfs/2022/20021782.pdf,ok,True,lisible,2
20021148,https://disclosures-clerk.house.gov/public_disc/ptr-pdfs/2022/20021148.pdf,ok,True,lisible,2
8218545,https://disclosures-clerk.house.gov/public_disc/ptr-pdfs/2022/8218545.pdf,ok,False,non_lisible,8
8218579,https://disclosures-clerk.house.gov/public_disc/ptr-pdfs/2022/8218579.pdf,ok,False,non_lisible,8
8218615,https://disclosures-clerk.house.gov/public_disc/ptr-pdfs/2022/8218615.pdf,ok,False,non_lisible,8
8218645,https://disclosures-clerk.house.gov/public_disc/ptr-pdfs/2022/8218645.pdf,ok,False,non_lisible,8
8218855,https://disclosures-clerk.house.gov/public_disc/ptr-pdfs/2022/8218855.pdf,ok,False,non_lisible,8
8219010,https://disclosures-clerk.house.gov/public_disc/ptr-pdfs/2022/8219010.pdf,ok,False,non_lisible,8
8219090,https://disclosures-clerk.house.gov/public_disc/ptr-pdfs/2022/8219090.pdf,ok,False,non_lisible,8
8219185,https://disclosures-clerk.house.gov/public_disc/ptr-pdfs/2022/8219185.pdf,ok,False,non_lisible,8
8219222,https://disclosures-clerk.house.gov/public_disc/ptr-pdfs/2022/8219222.pdf,ok,False,non_lisible,8
8219244,https://disclosures-clerk.house.gov/public_disc/ptr-pdfs/2022/8219244.pdf,ok,False,non_lisible,8
8219273,https://disclosures-clerk.house.gov/public_disc/ptr-pdfs/2022/8219273.pdf,ok,False,non_lisible,8
8219309,https://disclosures-clerk.house.gov/public_disc/ptr-pdfs/2022/8219309.pdf,ok,False,non_lisible,8
20020158,https://disclosures-clerk.house.gov/public_disc/ptr-pdfs/2022/20020158.pdf,ok,True,lisible,2
20021124,https://disclosures-clerk.house.gov/public_disc/ptr-pdfs/2022/20021124.pdf,ok,True,lisible,2
20021454,https://disclosures-clerk.house.gov/public_disc/ptr-pdfs/2022/20021454.pdf,ok,True,lisible,2
20021800,https://disclosures-clerk.house.gov/public_disc/ptr-pdfs/2022/20021800.pdf,ok,True,lisible,2
20021332,https://disclosures-clerk.house.gov/public_disc/ptr-pdfs/2022/20021332.pdf,ok,True,lisible,2
20022151,https://disclosures-clerk.house.gov/public_disc/ptr-pdfs/2022/20022151.pdf,ok,True,lisible,2
20020458,https://disclosures-clerk.house.gov/public_disc/ptr-pdfs/2022/20020458.pdf,ok,True,lisible,2
20020233,https://disclosures-clerk.house.gov/public_disc/ptr-pdfs/2022/20020233.pdf,ok,True,lisible,2
20021633,https://disclosures-clerk.house.gov/public_disc/ptr-pdfs/2022/20021633.pdf,ok,True,lisible,2
20021636,https://disclosures-clerk.house.gov/public_disc/ptr-pdfs/2022/20021636.pdf,ok,True,lisible,2
20022133,https://disclosures-clerk.house.gov/public_disc/ptr-pdfs/2022/20022133.pdf,ok,True,lisible,2
20020135,https://disclosures-clerk.house.gov/public_disc/ptr-pdfs/2022/20020135.pdf,ok,True,lisible,2
20020344,https://disclosures-clerk.house.gov/public_disc/ptr-pdfs/2022/20020344.pdf,ok,True,lisible,2
20021171,https://disclosures-clerk.house.gov/public_disc/ptr-pdfs/2022/20021171.pdf,ok,True,lisible,2
20020145,https://disclosures-clerk.house.gov/public_disc/ptr-pdfs/2022/20020145.pdf,ok,True,lisible,2
20020370,https://disclosures-clerk.house.gov/public_disc/ptr-pdfs/2022/20020370.pdf,ok,True,lisible,2
20020560,https://disclosures-clerk.house.gov/public_disc/ptr-pdfs/2022/20020560.pdf,ok,True,lisible,2
20022173,https://disclosures-clerk.house.gov/public_disc/ptr-pdfs/2022/20022173.pdf,ok,True,lisible,2
20022160,https://disclosures-clerk.house.gov/public_disc/ptr-pdfs/2022/20022160.pdf,ok,True,lisible,2
20020216,https://disclosures-clerk.house.gov/public_disc/ptr-pdfs/2022/20020216.pdf,ok,True,lisible,2
20020208,https://disclosures-clerk.house.gov/public_disc/ptr-pdfs/2022/20020208.pdf,ok,True,lisible,2
20020515,https://disclosures-clerk.house.gov/public_disc/ptr-pdfs/2022/20020515.pdf,ok,True,lisible,2
20020561,https://disclosures-clerk.house.gov/public_disc/ptr-pdfs/2022/20020561.pdf,ok,True,lisible,2
20020662,https://disclosures-clerk.house.gov/public_disc/ptr-pdfs/2022/20020662.pdf,ok,True,lisible,2
20020916,https://disclosures-clerk.house.gov/public_disc/ptr-pdfs/2022/20020916.pdf,ok,True,lisible,2
20021142,https://disclosures-clerk.house.gov/public_disc/ptr-pdfs/2022/20021142.pdf,ok,True,lisible,2
20021374,https://disclosures-clerk.house.gov/public_disc/ptr-pdfs/2022/20021374.pdf,ok,True,lisible,2
20021438,https://disclosures-clerk.house.gov/public_disc/ptr-pdfs/2022/20021438.pdf,ok,True,lisible,2
20021675,https://disclosures-clerk.house.gov/public_disc/ptr-pdfs/2022/20021675.pdf,ok,True,lisible,2
20021837,https://disclosures-clerk.house.gov/public_disc/ptr-pdfs/2022/20021837.pdf,ok,True,lisible,2
20022063,https://disclosures-clerk.house.gov/public_disc/ptr-pdfs/2022/20022063.pdf,ok,True,lisible,2
20020300,https://disclosures-clerk.house.gov/public_disc/ptr-pdfs/2022/20020300.pdf,ok,True,lisible,2
20020987,https://disclosures-clerk.house.gov/public_disc/ptr-pdfs/2022/20020987.pdf,ok,True,lisible,2
20021232,https://disclosures-clerk.house.gov/public_disc/ptr-pdfs/2022/20021232.pdf,ok,True,lisible,2
20021752,https://disclosures-clerk.house.gov/public_disc/ptr-pdfs/2022/20021752.pdf,ok,True,lisible,2
20022158,https://disclosures-clerk.house.gov/public_disc/ptr-pdfs/2022/20022158.pdf,ok,True,lisible,2
20020436,https://disclosures-clerk.house.gov/public_disc/ptr-pdfs/2022/20020436.pdf,ok,True,lisible,2
20021049,https://disclosures-clerk.house.gov/public_disc/ptr-pdfs/2022/20021049.pdf,ok,True,lisible,2
20021202,https://disclosures-clerk.house.gov/public_disc/ptr-pdfs/2022/20021202.pdf,ok,True,lisible,2
20021323,https://disclosures-clerk.house.gov/public_disc/ptr-pdfs/2022/20021323.pdf,ok,True,lisible,2
20021506,https://disclosures-clerk.house.gov/public_disc/ptr-pdfs/2022/20021506.pdf,ok,True,lisible,2
20021674,https://disclosures-clerk.house.gov/public_disc/ptr-pdfs/2022/20021674.pdf,ok,True,lisible,2
20021108,https://disclosures-clerk.house.gov/public_disc/ptr-pdfs/2022/20021108.pdf,ok,True,lisible,2
20021509,https://disclosures-clerk.house.gov/public_disc/ptr-pdfs/2022/20021509.pdf,ok,True,lisible,2
20021139,https://disclosures-clerk.house.gov/public_disc/ptr-pdfs/2022/20021139.pdf,ok,True,lisible,2
20020196,https://disclosures-clerk.house.gov/public_disc/ptr-pdfs/2022/20020196.pdf,ok,True,lisible,2
20020538,https://disclosures-clerk.house.gov/public_disc/ptr-pdfs/2022/20020538.pdf,ok,True,lisible,2
20020733,https://disclosures-clerk.house.gov/public_disc/ptr-pdfs/2022/20020733.pdf,ok,True,lisible,2
20020740,https://disclosures-clerk.house.gov/public_disc/ptr-pdfs/2022/20020740.pdf,ok,True,lisible,2
20020973,https://disclosures-clerk.house.gov/public_disc/ptr-pdfs/2022/20020973.pdf,ok,True,lisible,2
8218652,https://disclosures-clerk.house.gov/public_disc/ptr-pdfs/2022/8218652.pdf,ok,False,non_lisible,8
20021762,https://disclosures-clerk.house.gov/public_disc/ptr-pdfs/2022/20021762.pdf,ok,True,lisible,2
8218543,https://disclosures-clerk.house.gov/public_disc/ptr-pdfs/2022/8218543.pdf,ok,False,non_lisible,8
8218569,https://disclosures-clerk.house.gov/public_disc/ptr-pdfs/2022/8218569.pdf,ok,False,non_lisible,8
8218620,https://disclosures-clerk.house.gov/public_disc/ptr-pdfs/2022/8218620.pdf,ok,False,non_lisible,8
8218642,https://disclosures-clerk.house.gov/public_disc/ptr-pdfs/2022/8218642.pdf,ok,False,non_lisible,8
8218698,https://disclosures-clerk.house.gov/public_disc/ptr-pdfs/2022/8218698.pdf,ok,False,non_lisible,8
8218757,https://disclosures-clerk.house.gov/public_disc/ptr-pdfs/2022/8218757.pdf,ok,False,non_lisible,8
8218933,https://disclosures-clerk.house.gov/public_disc/ptr-pdfs/2022/8218933.pdf,ok,False,non_lisible,8
8219057,https://disclosures-clerk.house.gov/public_disc/ptr-pdfs/2022/8219057.pdf,ok,False,non_lisible,8
8219135,https://disclosures-clerk.house.gov/public_disc/ptr-pdfs/2022/8219135.pdf,ok,False,non_lisible,8
8219218,https://disclosures-clerk.house.gov/public_disc/ptr-pdfs/2022/8219218.pdf,ok,False,non_lisible,8
8219256,https://disclosures-clerk.house.gov/public_disc/ptr-pdfs/2022/8219256.pdf,ok,False,non_lisible,8
8219276,https://disclosures-clerk.house.gov/public_disc/ptr-pdfs/2022/8219276.pdf,ok,False,non_lisible,8
8219297,https://disclosures-clerk.house.gov/public_disc/ptr-pdfs/2022/8219297.pdf,ok,False,non_lisible,8
20021831,https://disclosures-clerk.house.gov/public_disc/ptr-pdfs/2022/20021831.pdf,ok,True,lisible,2
20022196,https://disclosures-clerk.house.gov/public_disc/ptr-pdfs/2022/20022196.pdf,ok,True,lisible,2
20020182,https://disclosures-clerk.house.gov/public_disc/ptr-pdfs/2022/20020182.pdf,ok,True,lisible,2
20020492,https://disclosures-clerk.house.gov/public_disc/ptr-pdfs/2022/20020492.pdf,ok,True,lisible,2
20020237,https://disclosures-clerk.house.gov/public_disc/ptr-pdfs/2022/20020237.pdf,ok,True,lisible,2
20020629,https://disclosures-clerk.house.gov/public_disc/ptr-pdfs/2022/20020629.pdf,ok,True,lisible,2
20020753,https://disclosures-clerk.house.gov/public_disc/ptr-pdfs/2022/20020753.pdf,ok,True,lisible,2
20020828,https://disclosures-clerk.house.gov/public_disc/ptr-pdfs/2022/20020828.pdf,ok,True,lisible,2
20021096,https://disclosures-clerk.house.gov/public_disc/ptr-pdfs/2022/20021096.pdf,ok,True,lisible,2
20021322,https://disclosures-clerk.house.gov/public_disc/ptr-pdfs/2022/20021322.pdf,ok,True,lisible,2
20021820,https://disclosures-clerk.house.gov/public_disc/ptr-pdfs/2022/20021820.pdf,ok,True,lisible,2
20022142,https://disclosures-clerk.house.gov/public_disc/ptr-pdfs/2022/20022142.pdf,ok,True,lisible,2
8219092,https://disclosures-clerk.house.gov/public_disc/ptr-pdfs/2022/8219092.pdf,ok,False,non_lisible,8
20009266,https://disclosures-clerk.house.gov/public_disc/ptr-pdfs/2022/20009266.pdf,ok,True,lisible,2
20021589,https://disclosures-clerk.house.gov/public_disc/ptr-pdfs/2022/20021589.pdf,ok,True,lisible,2
20020104,https://disclosures-clerk.house.gov/public_disc/ptr-pdfs/2022/20020104.pdf,ok,True,lisible,2
20021496,https://disclosures-clerk.house.gov/public_disc/ptr-pdfs/2022/20021496.pdf,ok,True,lisible,2
20021833,https://disclosures-clerk.house.gov/public_disc/ptr-pdfs/2022/20021833.pdf,ok,True,lisible,2
8218557,https://disclosures-clerk.house.gov/public_disc/ptr-pdfs/2022/8218557.pdf,ok,False,non_lisible,8
8218558,https://disclosures-clerk.house.gov/public_disc/ptr-pdfs/2022/8218558.pdf,ok,False,non_lisible,8
8218564,https://disclosures-clerk.house.gov/public_disc/ptr-pdfs/2022/8218564.pdf,ok,False,non_lisible,8
8218587,https://disclosures-clerk.house.gov/public_disc/ptr-pdfs/2022/8218587.pdf,ok,False,non_lisible,8
8218628,https://disclosures-clerk.house.gov/public_disc/ptr-pdfs/2022/8218628.pdf,ok,False,non_lisible,8
8218631,https://disclosures-clerk.house.gov/public_disc/ptr-pdfs/2022/8218631.pdf,ok,False,non_lisible,8
8218777,https://disclosures-clerk.house.gov/public_disc/ptr-pdfs/2022/8218777.pdf,ok,False,non_lisible,8
8218930,https://disclosures-clerk.house.gov/public_disc/ptr-pdfs/2022/8218930.pdf,ok,False,non_lisible,8
8219067,https://disclosures-clerk.house.gov/public_disc/ptr-pdfs/2022/8219067.pdf,ok,False,non_lisible,8
8219166,https://disclosures-clerk.house.gov/public_disc/ptr-pdfs/2022/8219166.pdf,ok,False,non_lisible,8
8219205,https://disclosures-clerk.house.gov/public_disc/ptr-pdfs/2022/8219205.pdf,ok,False,non_lisible,8
8219241,https://disclosures-clerk.house.gov/public_disc/ptr-pdfs/2022/8219241.pdf,ok,False,non_lisible,8
8219265,https://disclosures-clerk.house.gov/public_disc/ptr-pdfs/2022/8219265.pdf,ok,False,non_lisible,8
8219294,https://disclosures-clerk.house.gov/public_disc/ptr-pdfs/2022/8219294.pdf,ok,False,non_lisible,8
20020712,https://disclosures-clerk.house.gov/public_disc/ptr-pdfs/2022/20020712.pdf,ok,True,lisible,2
20020194,https://disclosures-clerk.house.gov/public_disc/ptr-pdfs/2022/20020194.pdf,ok,True,lisible,2
20020672,https://disclosures-clerk.house.gov/public_disc/ptr-pdfs/2022/20020672.pdf,ok,True,lisible,2
20020813,https://disclosures-clerk.house.gov/public_disc/ptr-pdfs/2022/20020813.pdf,ok,True,lisible,2
20021238,https://disclosures-clerk.house.gov/public_disc/ptr-pdfs/2022/20021238.pdf,ok,True,lisible,2
20021355,https://disclosures-clerk.house.gov/public_disc/ptr-pdfs/2022/20021355.pdf,ok,True,lisible,2
20021424,https://disclosures-clerk.house.gov/public_disc/ptr-pdfs/2022/20021424.pdf,ok,True,lisible,2
20021947,https://disclosures-clerk.house.gov/public_disc/ptr-pdfs/2022/20021947.pdf,ok,True,lisible,2
20022111,https://disclosures-clerk.house.gov/public_disc/ptr-pdfs/2022/20022111.pdf,ok,True,lisible,2
20020443,https://disclosures-clerk.house.gov/public_disc/ptr-pdfs/2022/20020443.pdf,ok,True,lisible,2
20020487,https://disclosures-clerk.house.gov/public_disc/ptr-pdfs/2022/20020487.pdf,ok,True,lisible,2
20020507,https://disclosures-clerk.house.gov/public_disc/ptr-pdfs/2022/20020507.pdf,ok,True,lisible,2
20020617,https://disclosures-clerk.house.gov/public_disc/ptr-pdfs/2022/20020617.pdf,ok,True,lisible,2
20021373,https://disclosures-clerk.house.gov/public_disc/ptr-pdfs/2022/20021373.pdf,ok,True,lisible,2
20021611,https://disclosures-clerk.house.gov/public_disc/ptr-pdfs/2022/20021611.pdf,ok,True,lisible,2
20021945,https://disclosures-clerk.house.gov/public_disc/ptr-pdfs/2022/20021945.pdf,ok,True,lisible,2
20022071,https://disclosures-clerk.house.gov/public_disc/ptr-pdfs/2022/20022071.pdf,ok,True,lisible,2
20020589,https://disclosures-clerk.house.gov/public_disc/ptr-pdfs/2022/20020589.pdf,ok,True,lisible,2
20021099,https://disclosures-clerk.house.gov/public_disc/ptr-pdfs/2022/20021099.pdf,ok,True,lisible,2
20021759,https://disclosures-clerk.house.gov/public_disc/ptr-pdfs/2022/20021759.pdf,ok,True,lisible,2
20021643,https://disclosures-clerk.house.gov/public_disc/ptr-pdfs/2022/20021643.pdf,ok,True,lisible,2
20020413,https://disclosures-clerk.house.gov/public_disc/ptr-pdfs/2022/20020413.pdf,ok,True,lisible,2
20020414,https://disclosures-clerk.house.gov/public_disc/ptr-pdfs/2022/20020414.pdf,ok,True,lisible,2
20020415,https://disclosures-clerk.house.gov/public_disc/ptr-pdfs/2022/20020415.pdf,ok,True,lisible,2
20021050,https://disclosures-clerk.house.gov/public_disc/ptr-pdfs/2022/20021050.pdf,ok,True,lisible,2
20021689,https://disclosures-clerk.house.gov/public_disc/ptr-pdfs/2022/20021689.pdf,ok,True,lisible,2
20022164,https://disclosures-clerk.house.gov/public_disc/ptr-pdfs/2022/20022164.pdf,ok,True,lisible,2
20020396,https://disclosures-clerk.house.gov/public_disc/ptr-pdfs/2022/20020396.pdf,ok,True,lisible,2
20021743,https://disclosures-clerk.house.gov/public_disc/ptr-pdfs/2022/20021743.pdf,ok,True,lisible,2
20020195,https://disclosures-clerk.house.gov/public_disc/ptr-pdfs/2022/20020195.pdf,ok,True,lisible,2
20020253,https://disclosures-clerk.house.gov/public_disc/ptr-pdfs/2022/20020253.pdf,ok,True,lisible,2
20020552,https://disclosures-clerk.house.gov/public_disc/ptr-pdfs/2022/20020552.pdf,ok,True,lisible,2
20020732,https://disclosures-clerk.house.gov/public_disc/ptr-pdfs/2022/20020732.pdf,ok,True,lisible,2
8219219,https://disclosures-clerk.house.gov/public_disc/ptr-pdfs/2022/8219219.pdf,ok,False,non_lisible,8
8219250,https://disclosures-clerk.house.gov/public_disc/ptr-pdfs/2022/8219250.pdf,ok,False,non_lisible,8
8219286,https://disclosures-clerk.house.gov/public_disc/ptr-pdfs/2022/8219286.pdf,ok,False,non_lisible,8
20021165,https://disclosures-clerk.house.gov/public_disc/ptr-pdfs/2022/20021165.pdf,ok,True,lisible,2
20017965,https://disclosures-clerk.house.gov/public_disc/ptr-pdfs/2022/20017965.pdf,ok,True,lisible,2
20020767,https://disclosures-clerk.house.gov/public_disc/ptr-pdfs/2022/20020767.pdf,ok,True,lisible,2
20020161,https://disclosures-clerk.house.gov/public_disc/ptr-pdfs/2022/20020161.pdf,ok,True,lisible,2
8219269,https://disclosures-clerk.house.gov/public_disc/ptr-pdfs/2022/8219269.pdf,ok,False,non_lisible,8
8219291,https://disclosures-clerk.house.gov/public_disc/ptr-pdfs/2022/8219291.pdf,ok,False,non_lisible,8
8218568,https://disclosures-clerk.house.gov/public_disc/ptr-pdfs/2022/8218568.pdf,ok,False,non_lisible,8
8218640,https://disclosures-clerk.house.gov/public_disc/ptr-pdfs/2022/8218640.pdf,ok,False,non_lisible,8
8219196,https://disclosures-clerk.house.gov/public_disc/ptr-pdfs/2022/8219196.pdf,ok,False,non_lisible,8
8219232,https://disclosures-clerk.house.gov/public_disc/ptr-pdfs/2022/8219232.pdf,ok,False,non_lisible,8
8219292,https://disclosures-clerk.house.gov/public_disc/ptr-pdfs/2022/8219292.pdf,ok,False,non_lisible,8
20020290,https://disclosures-clerk.house.gov/public_disc/ptr-pdfs/2022/20020290.pdf,ok,True,lisible,2
20021129,https://disclosures-clerk.house.gov/public_disc/ptr-pdfs/2022/20021129.pdf,ok,True,lisible,2
20021311,https://disclosures-clerk.house.gov/public_disc/ptr-pdfs/2022/20021311.pdf,ok,True,lisible,2
20021405,https://disclosures-clerk.house.gov/public_disc/ptr-pdfs/2022/20021405.pdf,ok,True,lisible,2
20021585,https://disclosures-clerk.house.gov/public_disc/ptr-pdfs/2022/20021585.pdf,ok,True,lisible,2
20021741,https://disclosures-clerk.house.gov/public_disc/ptr-pdfs/2022/20021741.pdf,ok,True,lisible,2
20021902,https://disclosures-clerk.house.gov/public_disc/ptr-pdfs/2022/20021902.pdf,ok,True,lisible,2
20020080,https://disclosures-clerk.house.gov/public_disc/ptr-pdfs/2022/20020080.pdf,ok,True,lisible,2
20020184,https://disclosures-clerk.house.gov/public_disc/ptr-pdfs/2022/20020184.pdf,ok,True,lisible,2
20020446,https://disclosures-clerk.house.gov/public_disc/ptr-pdfs/2022/20020446.pdf,ok,True,lisible,2
20020586,https://disclosures-clerk.house.gov/public_disc/ptr-pdfs/2022/20020586.pdf,ok,True,lisible,2
20020748,https://disclosures-clerk.house.gov/public_disc/ptr-pdfs/2022/20020748.pdf,ok,True,lisible,2
20021015,https://disclosures-clerk.house.gov/public_disc/ptr-pdfs/2022/20021015.pdf,ok,True,lisible,2
20021150,https://disclosures-clerk.house.gov/public_disc/ptr-pdfs/2022/20021150.pdf,ok,True,lisible,2
20021344,https://disclosures-clerk.house.gov/public_disc/ptr-pdfs/2022/20021344.pdf,ok,True,lisible,2
20021515,https://disclosures-clerk.house.gov/public_disc/ptr-pdfs/2022/20021515.pdf,ok,True,lisible,2
20021679,https://disclosures-clerk.house.gov/public_disc/ptr-pdfs/2022/20021679.pdf,ok,True,lisible,2
20021807,https://disclosures-clerk.house.gov/public_disc/ptr-pdfs/2022/20021807.pdf,ok,True,lisible,2
20022101,https://disclosures-clerk.house.gov/public_disc/ptr-pdfs/2022/20022101.pdf,ok,True,lisible,2
20022049,https://disclosures-clerk.house.gov/public_disc/ptr-pdfs/2022/20022049.pdf,ok,True,lisible,2
20022181,https://disclosures-clerk.house.gov/public_disc/ptr-pdfs/2022/20022181.pdf,ok,True,lisible,2
